[2026-06-04T00:12:03.841+0000] {processor.py:161} INFO - Started process (PID=33) to work on /opt/airflow/dags/minio_to_snowflake.py
[2026-06-04T00:12:03.845+0000] {processor.py:830} INFO - Processing file /opt/airflow/dags/minio_to_snowflake.py for tasks to queue
[2026-06-04T00:12:03.858+0000] {logging_mixin.py:188} INFO - [2026-06-04T00:12:03.855+0000] {dagbag.py:545} INFO - Filling up the DagBag from /opt/airflow/dags/minio_to_snowflake.py
[2026-06-04T00:12:08.218+0000] {processor.py:840} INFO - DAG(s) 'minio_to_snowflake' retrieved from /opt/airflow/dags/minio_to_snowflake.py
[2026-06-04T00:12:08.549+0000] {logging_mixin.py:188} INFO - [2026-06-04T00:12:08.548+0000] {override.py:1858} INFO - Created Permission View: can delete on DAG:minio_to_snowflake
[2026-06-04T00:12:08.560+0000] {logging_mixin.py:188} INFO - [2026-06-04T00:12:08.560+0000] {override.py:1858} INFO - Created Permission View: can edit on DAG:minio_to_snowflake
[2026-06-04T00:12:08.568+0000] {logging_mixin.py:188} INFO - [2026-06-04T00:12:08.568+0000] {override.py:1858} INFO - Created Permission View: can read on DAG:minio_to_snowflake
[2026-06-04T00:12:08.569+0000] {logging_mixin.py:188} INFO - [2026-06-04T00:12:08.569+0000] {dag.py:3089} INFO - Sync 1 DAGs
[2026-06-04T00:12:08.582+0000] {logging_mixin.py:188} INFO - [2026-06-04T00:12:08.581+0000] {dag.py:3111} INFO - Creating ORM DAG for minio_to_snowflake
[2026-06-04T00:12:08.596+0000] {logging_mixin.py:188} INFO - [2026-06-04T00:12:08.596+0000] {dag.py:3947} INFO - Setting next_dagrun for minio_to_snowflake to 2026-06-04 00:11:00+00:00, run_after=2026-06-04 00:12:00+00:00
[2026-06-04T00:12:08.616+0000] {processor.py:183} INFO - Processing /opt/airflow/dags/minio_to_snowflake.py took 4.805 seconds
[2026-06-04T00:12:38.996+0000] {processor.py:161} INFO - Started process (PID=36) to work on /opt/airflow/dags/minio_to_snowflake.py
[2026-06-04T00:12:38.998+0000] {processor.py:830} INFO - Processing file /opt/airflow/dags/minio_to_snowflake.py for tasks to queue
[2026-06-04T00:12:39.001+0000] {logging_mixin.py:188} INFO - [2026-06-04T00:12:39.000+0000] {dagbag.py:545} INFO - Filling up the DagBag from /opt/airflow/dags/minio_to_snowflake.py
[2026-06-04T00:12:40.084+0000] {processor.py:840} INFO - DAG(s) 'minio_to_snowflake' retrieved from /opt/airflow/dags/minio_to_snowflake.py
[2026-06-04T00:12:40.125+0000] {logging_mixin.py:188} INFO - [2026-06-04T00:12:40.122+0000] {dag.py:3089} INFO - Sync 1 DAGs
[2026-06-04T00:12:40.156+0000] {logging_mixin.py:188} INFO - [2026-06-04T00:12:40.156+0000] {dag.py:3947} INFO - Setting next_dagrun for minio_to_snowflake to 2026-06-04 00:11:00+00:00, run_after=2026-06-04 00:12:00+00:00
[2026-06-04T00:12:40.179+0000] {processor.py:183} INFO - Processing /opt/airflow/dags/minio_to_snowflake.py took 1.193 seconds
[2026-06-04T00:13:10.374+0000] {processor.py:161} INFO - Started process (PID=39) to work on /opt/airflow/dags/minio_to_snowflake.py
[2026-06-04T00:13:10.376+0000] {processor.py:830} INFO - Processing file /opt/airflow/dags/minio_to_snowflake.py for tasks to queue
[2026-06-04T00:13:10.382+0000] {logging_mixin.py:188} INFO - [2026-06-04T00:13:10.381+0000] {dagbag.py:545} INFO - Filling up the DagBag from /opt/airflow/dags/minio_to_snowflake.py
[2026-06-04T00:13:11.386+0000] {processor.py:840} INFO - DAG(s) 'minio_to_snowflake' retrieved from /opt/airflow/dags/minio_to_snowflake.py
[2026-06-04T00:13:11.419+0000] {logging_mixin.py:188} INFO - [2026-06-04T00:13:11.419+0000] {dag.py:3089} INFO - Sync 1 DAGs
[2026-06-04T00:13:11.444+0000] {logging_mixin.py:188} INFO - [2026-06-04T00:13:11.443+0000] {dag.py:3947} INFO - Setting next_dagrun for minio_to_snowflake to 2026-06-04 00:12:00+00:00, run_after=2026-06-04 00:13:00+00:00
[2026-06-04T00:13:11.470+0000] {processor.py:183} INFO - Processing /opt/airflow/dags/minio_to_snowflake.py took 1.108 seconds
[2026-06-04T00:13:41.641+0000] {processor.py:161} INFO - Started process (PID=42) to work on /opt/airflow/dags/minio_to_snowflake.py
[2026-06-04T00:13:41.642+0000] {processor.py:830} INFO - Processing file /opt/airflow/dags/minio_to_snowflake.py for tasks to queue
[2026-06-04T00:13:41.645+0000] {logging_mixin.py:188} INFO - [2026-06-04T00:13:41.645+0000] {dagbag.py:545} INFO - Filling up the DagBag from /opt/airflow/dags/minio_to_snowflake.py
[2026-06-04T00:13:42.694+0000] {processor.py:840} INFO - DAG(s) 'minio_to_snowflake' retrieved from /opt/airflow/dags/minio_to_snowflake.py
[2026-06-04T00:13:42.734+0000] {logging_mixin.py:188} INFO - [2026-06-04T00:13:42.734+0000] {dag.py:3089} INFO - Sync 1 DAGs
[2026-06-04T00:13:42.771+0000] {logging_mixin.py:188} INFO - [2026-06-04T00:13:42.771+0000] {dag.py:3947} INFO - Setting next_dagrun for minio_to_snowflake to 2026-06-04 00:12:00+00:00, run_after=2026-06-04 00:13:00+00:00
[2026-06-04T00:13:42.797+0000] {processor.py:183} INFO - Processing /opt/airflow/dags/minio_to_snowflake.py took 1.164 seconds
[2026-06-04T00:14:13.035+0000] {processor.py:161} INFO - Started process (PID=45) to work on /opt/airflow/dags/minio_to_snowflake.py
[2026-06-04T00:14:13.037+0000] {processor.py:830} INFO - Processing file /opt/airflow/dags/minio_to_snowflake.py for tasks to queue
[2026-06-04T00:14:13.054+0000] {logging_mixin.py:188} INFO - [2026-06-04T00:14:13.048+0000] {dagbag.py:545} INFO - Filling up the DagBag from /opt/airflow/dags/minio_to_snowflake.py
[2026-06-04T00:14:14.630+0000] {processor.py:840} INFO - DAG(s) 'minio_to_snowflake' retrieved from /opt/airflow/dags/minio_to_snowflake.py
[2026-06-04T00:14:14.666+0000] {logging_mixin.py:188} INFO - [2026-06-04T00:14:14.665+0000] {dag.py:3089} INFO - Sync 1 DAGs
[2026-06-04T00:14:14.694+0000] {logging_mixin.py:188} INFO - [2026-06-04T00:14:14.694+0000] {dag.py:3947} INFO - Setting next_dagrun for minio_to_snowflake to 2026-06-04 00:13:00+00:00, run_after=2026-06-04 00:14:00+00:00
[2026-06-04T00:14:14.722+0000] {processor.py:183} INFO - Processing /opt/airflow/dags/minio_to_snowflake.py took 1.715 seconds
[2026-06-04T00:14:45.014+0000] {processor.py:161} INFO - Started process (PID=48) to work on /opt/airflow/dags/minio_to_snowflake.py
[2026-06-04T00:14:45.015+0000] {processor.py:830} INFO - Processing file /opt/airflow/dags/minio_to_snowflake.py for tasks to queue
[2026-06-04T00:14:45.018+0000] {logging_mixin.py:188} INFO - [2026-06-04T00:14:45.018+0000] {dagbag.py:545} INFO - Filling up the DagBag from /opt/airflow/dags/minio_to_snowflake.py
[2026-06-04T00:14:46.115+0000] {processor.py:840} INFO - DAG(s) 'minio_to_snowflake' retrieved from /opt/airflow/dags/minio_to_snowflake.py
[2026-06-04T00:14:46.150+0000] {logging_mixin.py:188} INFO - [2026-06-04T00:14:46.149+0000] {dag.py:3089} INFO - Sync 1 DAGs
[2026-06-04T00:14:46.175+0000] {logging_mixin.py:188} INFO - [2026-06-04T00:14:46.175+0000] {dag.py:3947} INFO - Setting next_dagrun for minio_to_snowflake to 2026-06-04 00:13:00+00:00, run_after=2026-06-04 00:14:00+00:00
[2026-06-04T00:14:46.200+0000] {processor.py:183} INFO - Processing /opt/airflow/dags/minio_to_snowflake.py took 1.198 seconds
[2026-06-04T00:15:16.441+0000] {processor.py:161} INFO - Started process (PID=51) to work on /opt/airflow/dags/minio_to_snowflake.py
[2026-06-04T00:15:16.443+0000] {processor.py:830} INFO - Processing file /opt/airflow/dags/minio_to_snowflake.py for tasks to queue
[2026-06-04T00:15:16.447+0000] {logging_mixin.py:188} INFO - [2026-06-04T00:15:16.446+0000] {dagbag.py:545} INFO - Filling up the DagBag from /opt/airflow/dags/minio_to_snowflake.py
[2026-06-04T00:15:17.533+0000] {processor.py:840} INFO - DAG(s) 'minio_to_snowflake' retrieved from /opt/airflow/dags/minio_to_snowflake.py
[2026-06-04T00:15:17.567+0000] {logging_mixin.py:188} INFO - [2026-06-04T00:15:17.566+0000] {dag.py:3089} INFO - Sync 1 DAGs
[2026-06-04T00:15:17.598+0000] {logging_mixin.py:188} INFO - [2026-06-04T00:15:17.597+0000] {dag.py:3947} INFO - Setting next_dagrun for minio_to_snowflake to 2026-06-04 00:14:00+00:00, run_after=2026-06-04 00:15:00+00:00
[2026-06-04T00:15:17.625+0000] {processor.py:183} INFO - Processing /opt/airflow/dags/minio_to_snowflake.py took 1.196 seconds
[2026-06-04T00:15:47.942+0000] {processor.py:161} INFO - Started process (PID=54) to work on /opt/airflow/dags/minio_to_snowflake.py
[2026-06-04T00:15:47.944+0000] {processor.py:830} INFO - Processing file /opt/airflow/dags/minio_to_snowflake.py for tasks to queue
[2026-06-04T00:15:47.949+0000] {logging_mixin.py:188} INFO - [2026-06-04T00:15:47.948+0000] {dagbag.py:545} INFO - Filling up the DagBag from /opt/airflow/dags/minio_to_snowflake.py
[2026-06-04T00:15:49.046+0000] {processor.py:840} INFO - DAG(s) 'minio_to_snowflake' retrieved from /opt/airflow/dags/minio_to_snowflake.py
[2026-06-04T00:15:49.078+0000] {logging_mixin.py:188} INFO - [2026-06-04T00:15:49.077+0000] {dag.py:3089} INFO - Sync 1 DAGs
[2026-06-04T00:15:49.103+0000] {logging_mixin.py:188} INFO - [2026-06-04T00:15:49.103+0000] {dag.py:3947} INFO - Setting next_dagrun for minio_to_snowflake to 2026-06-04 00:14:00+00:00, run_after=2026-06-04 00:15:00+00:00
[2026-06-04T00:15:49.125+0000] {processor.py:183} INFO - Processing /opt/airflow/dags/minio_to_snowflake.py took 1.194 seconds
[2026-06-04T00:16:19.481+0000] {processor.py:161} INFO - Started process (PID=57) to work on /opt/airflow/dags/minio_to_snowflake.py
[2026-06-04T00:16:19.485+0000] {processor.py:830} INFO - Processing file /opt/airflow/dags/minio_to_snowflake.py for tasks to queue
[2026-06-04T00:16:19.497+0000] {logging_mixin.py:188} INFO - [2026-06-04T00:16:19.497+0000] {dagbag.py:545} INFO - Filling up the DagBag from /opt/airflow/dags/minio_to_snowflake.py
[2026-06-04T00:16:20.900+0000] {processor.py:840} INFO - DAG(s) 'minio_to_snowflake' retrieved from /opt/airflow/dags/minio_to_snowflake.py
[2026-06-04T00:16:20.934+0000] {logging_mixin.py:188} INFO - [2026-06-04T00:16:20.934+0000] {dag.py:3089} INFO - Sync 1 DAGs
[2026-06-04T00:16:20.960+0000] {logging_mixin.py:188} INFO - [2026-06-04T00:16:20.960+0000] {dag.py:3947} INFO - Setting next_dagrun for minio_to_snowflake to 2026-06-04 00:15:00+00:00, run_after=2026-06-04 00:16:00+00:00
[2026-06-04T00:16:20.979+0000] {processor.py:183} INFO - Processing /opt/airflow/dags/minio_to_snowflake.py took 1.518 seconds
[2026-06-04T00:16:51.304+0000] {processor.py:161} INFO - Started process (PID=60) to work on /opt/airflow/dags/minio_to_snowflake.py
[2026-06-04T00:16:51.306+0000] {processor.py:830} INFO - Processing file /opt/airflow/dags/minio_to_snowflake.py for tasks to queue
[2026-06-04T00:16:51.308+0000] {logging_mixin.py:188} INFO - [2026-06-04T00:16:51.308+0000] {dagbag.py:545} INFO - Filling up the DagBag from /opt/airflow/dags/minio_to_snowflake.py
[2026-06-04T00:16:52.545+0000] {processor.py:840} INFO - DAG(s) 'minio_to_snowflake' retrieved from /opt/airflow/dags/minio_to_snowflake.py
[2026-06-04T00:16:52.714+0000] {logging_mixin.py:188} INFO - [2026-06-04T00:16:52.713+0000] {dag.py:3089} INFO - Sync 1 DAGs
[2026-06-04T00:16:52.742+0000] {logging_mixin.py:188} INFO - [2026-06-04T00:16:52.741+0000] {dag.py:3947} INFO - Setting next_dagrun for minio_to_snowflake to 2026-06-04 00:15:00+00:00, run_after=2026-06-04 00:16:00+00:00
[2026-06-04T00:16:52.763+0000] {processor.py:183} INFO - Processing /opt/airflow/dags/minio_to_snowflake.py took 1.470 seconds
[2026-06-04T00:17:23.324+0000] {processor.py:161} INFO - Started process (PID=63) to work on /opt/airflow/dags/minio_to_snowflake.py
[2026-06-04T00:17:23.335+0000] {processor.py:830} INFO - Processing file /opt/airflow/dags/minio_to_snowflake.py for tasks to queue
[2026-06-04T00:17:23.339+0000] {logging_mixin.py:188} INFO - [2026-06-04T00:17:23.338+0000] {dagbag.py:545} INFO - Filling up the DagBag from /opt/airflow/dags/minio_to_snowflake.py
[2026-06-04T00:17:25.235+0000] {processor.py:840} INFO - DAG(s) 'minio_to_snowflake' retrieved from /opt/airflow/dags/minio_to_snowflake.py
[2026-06-04T00:17:25.301+0000] {logging_mixin.py:188} INFO - [2026-06-04T00:17:25.300+0000] {dag.py:3089} INFO - Sync 1 DAGs
[2026-06-04T00:17:25.374+0000] {logging_mixin.py:188} INFO - [2026-06-04T00:17:25.374+0000] {dag.py:3947} INFO - Setting next_dagrun for minio_to_snowflake to 2026-06-04 00:16:00+00:00, run_after=2026-06-04 00:17:00+00:00
[2026-06-04T00:17:25.565+0000] {processor.py:183} INFO - Processing /opt/airflow/dags/minio_to_snowflake.py took 2.254 seconds
[2026-06-04T00:17:56.597+0000] {processor.py:161} INFO - Started process (PID=66) to work on /opt/airflow/dags/minio_to_snowflake.py
[2026-06-04T00:17:56.608+0000] {processor.py:830} INFO - Processing file /opt/airflow/dags/minio_to_snowflake.py for tasks to queue
[2026-06-04T00:17:56.614+0000] {logging_mixin.py:188} INFO - [2026-06-04T00:17:56.614+0000] {dagbag.py:545} INFO - Filling up the DagBag from /opt/airflow/dags/minio_to_snowflake.py
[2026-06-04T00:18:01.759+0000] {processor.py:840} INFO - DAG(s) 'minio_to_snowflake' retrieved from /opt/airflow/dags/minio_to_snowflake.py
[2026-06-04T00:18:01.877+0000] {logging_mixin.py:188} INFO - [2026-06-04T00:18:01.877+0000] {dag.py:3089} INFO - Sync 1 DAGs
[2026-06-04T00:18:02.036+0000] {logging_mixin.py:188} INFO - [2026-06-04T00:18:02.036+0000] {dag.py:3947} INFO - Setting next_dagrun for minio_to_snowflake to 2026-06-04 00:17:00+00:00, run_after=2026-06-04 00:18:00+00:00
[2026-06-04T00:18:02.287+0000] {processor.py:183} INFO - Processing /opt/airflow/dags/minio_to_snowflake.py took 5.698 seconds
[2026-06-04T00:18:34.221+0000] {processor.py:161} INFO - Started process (PID=69) to work on /opt/airflow/dags/minio_to_snowflake.py
[2026-06-04T00:18:34.250+0000] {processor.py:830} INFO - Processing file /opt/airflow/dags/minio_to_snowflake.py for tasks to queue
[2026-06-04T00:18:34.273+0000] {logging_mixin.py:188} INFO - [2026-06-04T00:18:34.273+0000] {dagbag.py:545} INFO - Filling up the DagBag from /opt/airflow/dags/minio_to_snowflake.py
[2026-06-04T00:18:38.738+0000] {processor.py:840} INFO - DAG(s) 'minio_to_snowflake' retrieved from /opt/airflow/dags/minio_to_snowflake.py
[2026-06-04T00:18:38.833+0000] {logging_mixin.py:188} INFO - [2026-06-04T00:18:38.832+0000] {dag.py:3089} INFO - Sync 1 DAGs
[2026-06-04T00:18:38.918+0000] {logging_mixin.py:188} INFO - [2026-06-04T00:18:38.918+0000] {dag.py:3947} INFO - Setting next_dagrun for minio_to_snowflake to 2026-06-04 00:17:00+00:00, run_after=2026-06-04 00:18:00+00:00
[2026-06-04T00:18:39.016+0000] {processor.py:183} INFO - Processing /opt/airflow/dags/minio_to_snowflake.py took 4.802 seconds
[2026-06-04T00:19:09.844+0000] {processor.py:161} INFO - Started process (PID=72) to work on /opt/airflow/dags/minio_to_snowflake.py
[2026-06-04T00:19:09.857+0000] {processor.py:830} INFO - Processing file /opt/airflow/dags/minio_to_snowflake.py for tasks to queue
[2026-06-04T00:19:09.866+0000] {logging_mixin.py:188} INFO - [2026-06-04T00:19:09.866+0000] {dagbag.py:545} INFO - Filling up the DagBag from /opt/airflow/dags/minio_to_snowflake.py
[2026-06-04T00:19:13.699+0000] {processor.py:840} INFO - DAG(s) 'minio_to_snowflake' retrieved from /opt/airflow/dags/minio_to_snowflake.py
[2026-06-04T00:19:13.824+0000] {logging_mixin.py:188} INFO - [2026-06-04T00:19:13.824+0000] {dag.py:3089} INFO - Sync 1 DAGs
[2026-06-04T00:19:13.926+0000] {logging_mixin.py:188} INFO - [2026-06-04T00:19:13.926+0000] {dag.py:3947} INFO - Setting next_dagrun for minio_to_snowflake to 2026-06-04 00:18:00+00:00, run_after=2026-06-04 00:19:00+00:00
[2026-06-04T00:19:14.059+0000] {processor.py:183} INFO - Processing /opt/airflow/dags/minio_to_snowflake.py took 4.224 seconds
[2026-06-04T00:19:45.539+0000] {processor.py:161} INFO - Started process (PID=75) to work on /opt/airflow/dags/minio_to_snowflake.py
[2026-06-04T00:19:45.549+0000] {processor.py:830} INFO - Processing file /opt/airflow/dags/minio_to_snowflake.py for tasks to queue
[2026-06-04T00:19:45.556+0000] {logging_mixin.py:188} INFO - [2026-06-04T00:19:45.555+0000] {dagbag.py:545} INFO - Filling up the DagBag from /opt/airflow/dags/minio_to_snowflake.py
[2026-06-04T00:19:49.147+0000] {processor.py:840} INFO - DAG(s) 'minio_to_snowflake' retrieved from /opt/airflow/dags/minio_to_snowflake.py
[2026-06-04T00:19:49.268+0000] {logging_mixin.py:188} INFO - [2026-06-04T00:19:49.267+0000] {dag.py:3089} INFO - Sync 1 DAGs
[2026-06-04T00:19:49.354+0000] {logging_mixin.py:188} INFO - [2026-06-04T00:19:49.354+0000] {dag.py:3947} INFO - Setting next_dagrun for minio_to_snowflake to 2026-06-04 00:18:00+00:00, run_after=2026-06-04 00:19:00+00:00
[2026-06-04T00:19:49.412+0000] {processor.py:183} INFO - Processing /opt/airflow/dags/minio_to_snowflake.py took 3.882 seconds
[2026-06-04T00:20:20.019+0000] {processor.py:161} INFO - Started process (PID=78) to work on /opt/airflow/dags/minio_to_snowflake.py
[2026-06-04T00:20:20.021+0000] {processor.py:830} INFO - Processing file /opt/airflow/dags/minio_to_snowflake.py for tasks to queue
[2026-06-04T00:20:20.024+0000] {logging_mixin.py:188} INFO - [2026-06-04T00:20:20.024+0000] {dagbag.py:545} INFO - Filling up the DagBag from /opt/airflow/dags/minio_to_snowflake.py
[2026-06-04T00:20:21.520+0000] {processor.py:840} INFO - DAG(s) 'minio_to_snowflake' retrieved from /opt/airflow/dags/minio_to_snowflake.py
[2026-06-04T00:20:21.568+0000] {logging_mixin.py:188} INFO - [2026-06-04T00:20:21.561+0000] {dag.py:3089} INFO - Sync 1 DAGs
[2026-06-04T00:20:21.622+0000] {logging_mixin.py:188} INFO - [2026-06-04T00:20:21.622+0000] {dag.py:3947} INFO - Setting next_dagrun for minio_to_snowflake to 2026-06-04 00:19:00+00:00, run_after=2026-06-04 00:20:00+00:00
[2026-06-04T00:20:21.670+0000] {processor.py:183} INFO - Processing /opt/airflow/dags/minio_to_snowflake.py took 1.666 seconds
[2026-06-04T00:20:52.118+0000] {processor.py:161} INFO - Started process (PID=81) to work on /opt/airflow/dags/minio_to_snowflake.py
[2026-06-04T00:20:52.119+0000] {processor.py:830} INFO - Processing file /opt/airflow/dags/minio_to_snowflake.py for tasks to queue
[2026-06-04T00:20:52.122+0000] {logging_mixin.py:188} INFO - [2026-06-04T00:20:52.122+0000] {dagbag.py:545} INFO - Filling up the DagBag from /opt/airflow/dags/minio_to_snowflake.py
[2026-06-04T00:20:53.612+0000] {processor.py:840} INFO - DAG(s) 'minio_to_snowflake' retrieved from /opt/airflow/dags/minio_to_snowflake.py
[2026-06-04T00:20:53.665+0000] {logging_mixin.py:188} INFO - [2026-06-04T00:20:53.664+0000] {dag.py:3089} INFO - Sync 1 DAGs
[2026-06-04T00:20:53.699+0000] {logging_mixin.py:188} INFO - [2026-06-04T00:20:53.699+0000] {dag.py:3947} INFO - Setting next_dagrun for minio_to_snowflake to 2026-06-04 00:19:00+00:00, run_after=2026-06-04 00:20:00+00:00
[2026-06-04T00:20:53.724+0000] {processor.py:183} INFO - Processing /opt/airflow/dags/minio_to_snowflake.py took 1.615 seconds
[2026-06-04T00:21:23.994+0000] {processor.py:161} INFO - Started process (PID=84) to work on /opt/airflow/dags/minio_to_snowflake.py
[2026-06-04T00:21:23.995+0000] {processor.py:830} INFO - Processing file /opt/airflow/dags/minio_to_snowflake.py for tasks to queue
[2026-06-04T00:21:23.998+0000] {logging_mixin.py:188} INFO - [2026-06-04T00:21:23.998+0000] {dagbag.py:545} INFO - Filling up the DagBag from /opt/airflow/dags/minio_to_snowflake.py
[2026-06-04T00:21:25.340+0000] {processor.py:840} INFO - DAG(s) 'minio_to_snowflake' retrieved from /opt/airflow/dags/minio_to_snowflake.py
[2026-06-04T00:21:25.380+0000] {logging_mixin.py:188} INFO - [2026-06-04T00:21:25.380+0000] {dag.py:3089} INFO - Sync 1 DAGs
[2026-06-04T00:21:25.412+0000] {logging_mixin.py:188} INFO - [2026-06-04T00:21:25.412+0000] {dag.py:3947} INFO - Setting next_dagrun for minio_to_snowflake to 2026-06-04 00:20:00+00:00, run_after=2026-06-04 00:21:00+00:00
[2026-06-04T00:21:25.445+0000] {processor.py:183} INFO - Processing /opt/airflow/dags/minio_to_snowflake.py took 1.460 seconds
[2026-06-04T00:21:55.720+0000] {processor.py:161} INFO - Started process (PID=87) to work on /opt/airflow/dags/minio_to_snowflake.py
[2026-06-04T00:21:55.721+0000] {processor.py:830} INFO - Processing file /opt/airflow/dags/minio_to_snowflake.py for tasks to queue
[2026-06-04T00:21:55.724+0000] {logging_mixin.py:188} INFO - [2026-06-04T00:21:55.723+0000] {dagbag.py:545} INFO - Filling up the DagBag from /opt/airflow/dags/minio_to_snowflake.py
[2026-06-04T00:21:56.683+0000] {processor.py:840} INFO - DAG(s) 'minio_to_snowflake' retrieved from /opt/airflow/dags/minio_to_snowflake.py
[2026-06-04T00:21:56.717+0000] {logging_mixin.py:188} INFO - [2026-06-04T00:21:56.717+0000] {dag.py:3089} INFO - Sync 1 DAGs
[2026-06-04T00:21:56.742+0000] {logging_mixin.py:188} INFO - [2026-06-04T00:21:56.742+0000] {dag.py:3947} INFO - Setting next_dagrun for minio_to_snowflake to 2026-06-04 00:20:00+00:00, run_after=2026-06-04 00:21:00+00:00
[2026-06-04T00:21:56.767+0000] {processor.py:183} INFO - Processing /opt/airflow/dags/minio_to_snowflake.py took 1.057 seconds
[2026-06-04T00:22:26.926+0000] {processor.py:161} INFO - Started process (PID=101) to work on /opt/airflow/dags/minio_to_snowflake.py
[2026-06-04T00:22:26.927+0000] {processor.py:830} INFO - Processing file /opt/airflow/dags/minio_to_snowflake.py for tasks to queue
[2026-06-04T00:22:26.930+0000] {logging_mixin.py:188} INFO - [2026-06-04T00:22:26.929+0000] {dagbag.py:545} INFO - Filling up the DagBag from /opt/airflow/dags/minio_to_snowflake.py
[2026-06-04T00:22:28.331+0000] {processor.py:840} INFO - DAG(s) 'minio_to_snowflake' retrieved from /opt/airflow/dags/minio_to_snowflake.py
[2026-06-04T00:22:28.381+0000] {logging_mixin.py:188} INFO - [2026-06-04T00:22:28.380+0000] {dag.py:3089} INFO - Sync 1 DAGs
[2026-06-04T00:22:28.418+0000] {logging_mixin.py:188} INFO - [2026-06-04T00:22:28.417+0000] {dag.py:3947} INFO - Setting next_dagrun for minio_to_snowflake to 2026-06-04 00:21:00+00:00, run_after=2026-06-04 00:22:00+00:00
[2026-06-04T00:22:28.443+0000] {processor.py:183} INFO - Processing /opt/airflow/dags/minio_to_snowflake.py took 1.531 seconds
[2026-06-04T00:22:58.788+0000] {processor.py:161} INFO - Started process (PID=111) to work on /opt/airflow/dags/minio_to_snowflake.py
[2026-06-04T00:22:58.794+0000] {processor.py:830} INFO - Processing file /opt/airflow/dags/minio_to_snowflake.py for tasks to queue
[2026-06-04T00:22:58.798+0000] {logging_mixin.py:188} INFO - [2026-06-04T00:22:58.798+0000] {dagbag.py:545} INFO - Filling up the DagBag from /opt/airflow/dags/minio_to_snowflake.py
[2026-06-04T00:23:00.232+0000] {processor.py:840} INFO - DAG(s) 'minio_to_snowflake' retrieved from /opt/airflow/dags/minio_to_snowflake.py
[2026-06-04T00:23:00.261+0000] {logging_mixin.py:188} INFO - [2026-06-04T00:23:00.261+0000] {dag.py:3089} INFO - Sync 1 DAGs
[2026-06-04T00:23:00.289+0000] {logging_mixin.py:188} INFO - [2026-06-04T00:23:00.288+0000] {dag.py:3947} INFO - Setting next_dagrun for minio_to_snowflake to 2026-06-04 00:22:00+00:00, run_after=2026-06-04 00:23:00+00:00
[2026-06-04T00:23:00.319+0000] {processor.py:183} INFO - Processing /opt/airflow/dags/minio_to_snowflake.py took 1.559 seconds
[2026-06-04T00:23:30.707+0000] {processor.py:161} INFO - Started process (PID=119) to work on /opt/airflow/dags/minio_to_snowflake.py
[2026-06-04T00:23:30.709+0000] {processor.py:830} INFO - Processing file /opt/airflow/dags/minio_to_snowflake.py for tasks to queue
[2026-06-04T00:23:30.713+0000] {logging_mixin.py:188} INFO - [2026-06-04T00:23:30.712+0000] {dagbag.py:545} INFO - Filling up the DagBag from /opt/airflow/dags/minio_to_snowflake.py
[2026-06-04T00:23:31.787+0000] {processor.py:840} INFO - DAG(s) 'minio_to_snowflake' retrieved from /opt/airflow/dags/minio_to_snowflake.py
[2026-06-04T00:23:31.831+0000] {logging_mixin.py:188} INFO - [2026-06-04T00:23:31.830+0000] {dag.py:3089} INFO - Sync 1 DAGs
[2026-06-04T00:23:31.874+0000] {logging_mixin.py:188} INFO - [2026-06-04T00:23:31.874+0000] {dag.py:3947} INFO - Setting next_dagrun for minio_to_snowflake to 2026-06-04 00:22:00+00:00, run_after=2026-06-04 00:23:00+00:00
[2026-06-04T00:23:31.901+0000] {processor.py:183} INFO - Processing /opt/airflow/dags/minio_to_snowflake.py took 1.208 seconds
[2026-06-04T00:24:02.132+0000] {processor.py:161} INFO - Started process (PID=122) to work on /opt/airflow/dags/minio_to_snowflake.py
[2026-06-04T00:24:02.138+0000] {processor.py:830} INFO - Processing file /opt/airflow/dags/minio_to_snowflake.py for tasks to queue
[2026-06-04T00:24:02.141+0000] {logging_mixin.py:188} INFO - [2026-06-04T00:24:02.141+0000] {dagbag.py:545} INFO - Filling up the DagBag from /opt/airflow/dags/minio_to_snowflake.py
[2026-06-04T00:24:03.461+0000] {processor.py:840} INFO - DAG(s) 'minio_to_snowflake' retrieved from /opt/airflow/dags/minio_to_snowflake.py
[2026-06-04T00:24:03.545+0000] {logging_mixin.py:188} INFO - [2026-06-04T00:24:03.542+0000] {dag.py:3089} INFO - Sync 1 DAGs
[2026-06-04T00:24:03.606+0000] {logging_mixin.py:188} INFO - [2026-06-04T00:24:03.605+0000] {dag.py:3947} INFO - Setting next_dagrun for minio_to_snowflake to 2026-06-04 00:23:00+00:00, run_after=2026-06-04 00:24:00+00:00
[2026-06-04T00:24:03.641+0000] {processor.py:183} INFO - Processing /opt/airflow/dags/minio_to_snowflake.py took 1.518 seconds
[2026-06-04T00:24:33.977+0000] {processor.py:161} INFO - Started process (PID=131) to work on /opt/airflow/dags/minio_to_snowflake.py
[2026-06-04T00:24:33.979+0000] {processor.py:830} INFO - Processing file /opt/airflow/dags/minio_to_snowflake.py for tasks to queue
[2026-06-04T00:24:33.982+0000] {logging_mixin.py:188} INFO - [2026-06-04T00:24:33.981+0000] {dagbag.py:545} INFO - Filling up the DagBag from /opt/airflow/dags/minio_to_snowflake.py
[2026-06-04T00:24:34.988+0000] {processor.py:840} INFO - DAG(s) 'minio_to_snowflake' retrieved from /opt/airflow/dags/minio_to_snowflake.py
[2026-06-04T00:24:35.041+0000] {logging_mixin.py:188} INFO - [2026-06-04T00:24:35.040+0000] {dag.py:3089} INFO - Sync 1 DAGs
[2026-06-04T00:24:35.076+0000] {logging_mixin.py:188} INFO - [2026-06-04T00:24:35.076+0000] {dag.py:3947} INFO - Setting next_dagrun for minio_to_snowflake to 2026-06-04 00:23:00+00:00, run_after=2026-06-04 00:24:00+00:00
[2026-06-04T00:24:35.106+0000] {processor.py:183} INFO - Processing /opt/airflow/dags/minio_to_snowflake.py took 1.138 seconds
[2026-06-04T00:25:05.184+0000] {processor.py:161} INFO - Started process (PID=134) to work on /opt/airflow/dags/minio_to_snowflake.py
[2026-06-04T00:25:05.186+0000] {processor.py:830} INFO - Processing file /opt/airflow/dags/minio_to_snowflake.py for tasks to queue
[2026-06-04T00:25:05.189+0000] {logging_mixin.py:188} INFO - [2026-06-04T00:25:05.188+0000] {dagbag.py:545} INFO - Filling up the DagBag from /opt/airflow/dags/minio_to_snowflake.py
[2026-06-04T00:25:06.426+0000] {processor.py:840} INFO - DAG(s) 'minio_to_snowflake' retrieved from /opt/airflow/dags/minio_to_snowflake.py
[2026-06-04T00:25:06.474+0000] {logging_mixin.py:188} INFO - [2026-06-04T00:25:06.473+0000] {dag.py:3089} INFO - Sync 1 DAGs
[2026-06-04T00:25:06.506+0000] {logging_mixin.py:188} INFO - [2026-06-04T00:25:06.506+0000] {dag.py:3947} INFO - Setting next_dagrun for minio_to_snowflake to 2026-06-04 00:24:00+00:00, run_after=2026-06-04 00:25:00+00:00
[2026-06-04T00:25:06.537+0000] {processor.py:183} INFO - Processing /opt/airflow/dags/minio_to_snowflake.py took 1.364 seconds
[2026-06-04T00:25:36.855+0000] {processor.py:161} INFO - Started process (PID=149) to work on /opt/airflow/dags/minio_to_snowflake.py
[2026-06-04T00:25:36.859+0000] {processor.py:830} INFO - Processing file /opt/airflow/dags/minio_to_snowflake.py for tasks to queue
[2026-06-04T00:25:36.862+0000] {logging_mixin.py:188} INFO - [2026-06-04T00:25:36.861+0000] {dagbag.py:545} INFO - Filling up the DagBag from /opt/airflow/dags/minio_to_snowflake.py
[2026-06-04T00:25:38.097+0000] {processor.py:840} INFO - DAG(s) 'minio_to_snowflake' retrieved from /opt/airflow/dags/minio_to_snowflake.py
[2026-06-04T00:25:38.128+0000] {logging_mixin.py:188} INFO - [2026-06-04T00:25:38.127+0000] {dag.py:3089} INFO - Sync 1 DAGs
[2026-06-04T00:25:38.157+0000] {logging_mixin.py:188} INFO - [2026-06-04T00:25:38.157+0000] {dag.py:3947} INFO - Setting next_dagrun for minio_to_snowflake to 2026-06-04 00:24:00+00:00, run_after=2026-06-04 00:25:00+00:00
[2026-06-04T00:25:38.192+0000] {processor.py:183} INFO - Processing /opt/airflow/dags/minio_to_snowflake.py took 1.347 seconds
[2026-06-04T00:26:08.466+0000] {processor.py:161} INFO - Started process (PID=163) to work on /opt/airflow/dags/minio_to_snowflake.py
[2026-06-04T00:26:08.468+0000] {processor.py:830} INFO - Processing file /opt/airflow/dags/minio_to_snowflake.py for tasks to queue
[2026-06-04T00:26:08.472+0000] {logging_mixin.py:188} INFO - [2026-06-04T00:26:08.471+0000] {dagbag.py:545} INFO - Filling up the DagBag from /opt/airflow/dags/minio_to_snowflake.py
[2026-06-04T00:26:09.472+0000] {processor.py:840} INFO - DAG(s) 'minio_to_snowflake' retrieved from /opt/airflow/dags/minio_to_snowflake.py
[2026-06-04T00:26:09.504+0000] {logging_mixin.py:188} INFO - [2026-06-04T00:26:09.503+0000] {dag.py:3089} INFO - Sync 1 DAGs
[2026-06-04T00:26:09.531+0000] {logging_mixin.py:188} INFO - [2026-06-04T00:26:09.530+0000] {dag.py:3947} INFO - Setting next_dagrun for minio_to_snowflake to 2026-06-04 00:25:00+00:00, run_after=2026-06-04 00:26:00+00:00
[2026-06-04T00:26:09.552+0000] {processor.py:183} INFO - Processing /opt/airflow/dags/minio_to_snowflake.py took 1.093 seconds
[2026-06-04T00:26:39.755+0000] {processor.py:161} INFO - Started process (PID=166) to work on /opt/airflow/dags/minio_to_snowflake.py
[2026-06-04T00:26:39.758+0000] {processor.py:830} INFO - Processing file /opt/airflow/dags/minio_to_snowflake.py for tasks to queue
[2026-06-04T00:26:39.763+0000] {logging_mixin.py:188} INFO - [2026-06-04T00:26:39.762+0000] {dagbag.py:545} INFO - Filling up the DagBag from /opt/airflow/dags/minio_to_snowflake.py
[2026-06-04T00:26:41.019+0000] {processor.py:840} INFO - DAG(s) 'minio_to_snowflake' retrieved from /opt/airflow/dags/minio_to_snowflake.py
[2026-06-04T00:26:41.051+0000] {logging_mixin.py:188} INFO - [2026-06-04T00:26:41.050+0000] {dag.py:3089} INFO - Sync 1 DAGs
[2026-06-04T00:26:41.082+0000] {logging_mixin.py:188} INFO - [2026-06-04T00:26:41.082+0000] {dag.py:3947} INFO - Setting next_dagrun for minio_to_snowflake to 2026-06-04 00:25:00+00:00, run_after=2026-06-04 00:26:00+00:00
[2026-06-04T00:26:41.107+0000] {processor.py:183} INFO - Processing /opt/airflow/dags/minio_to_snowflake.py took 1.364 seconds
[2026-06-04T00:27:11.429+0000] {processor.py:161} INFO - Started process (PID=180) to work on /opt/airflow/dags/minio_to_snowflake.py
[2026-06-04T00:27:11.431+0000] {processor.py:830} INFO - Processing file /opt/airflow/dags/minio_to_snowflake.py for tasks to queue
[2026-06-04T00:27:11.434+0000] {logging_mixin.py:188} INFO - [2026-06-04T00:27:11.434+0000] {dagbag.py:545} INFO - Filling up the DagBag from /opt/airflow/dags/minio_to_snowflake.py
[2026-06-04T00:27:12.364+0000] {processor.py:840} INFO - DAG(s) 'minio_to_snowflake' retrieved from /opt/airflow/dags/minio_to_snowflake.py
[2026-06-04T00:27:12.396+0000] {logging_mixin.py:188} INFO - [2026-06-04T00:27:12.396+0000] {dag.py:3089} INFO - Sync 1 DAGs
[2026-06-04T00:27:12.421+0000] {logging_mixin.py:188} INFO - [2026-06-04T00:27:12.420+0000] {dag.py:3947} INFO - Setting next_dagrun for minio_to_snowflake to 2026-06-04 00:26:00+00:00, run_after=2026-06-04 00:27:00+00:00
[2026-06-04T00:27:12.444+0000] {processor.py:183} INFO - Processing /opt/airflow/dags/minio_to_snowflake.py took 1.028 seconds
[2026-06-04T00:27:42.657+0000] {processor.py:161} INFO - Started process (PID=183) to work on /opt/airflow/dags/minio_to_snowflake.py
[2026-06-04T00:27:42.659+0000] {processor.py:830} INFO - Processing file /opt/airflow/dags/minio_to_snowflake.py for tasks to queue
[2026-06-04T00:27:42.662+0000] {logging_mixin.py:188} INFO - [2026-06-04T00:27:42.661+0000] {dagbag.py:545} INFO - Filling up the DagBag from /opt/airflow/dags/minio_to_snowflake.py
[2026-06-04T00:27:43.725+0000] {processor.py:840} INFO - DAG(s) 'minio_to_snowflake' retrieved from /opt/airflow/dags/minio_to_snowflake.py
[2026-06-04T00:27:43.758+0000] {logging_mixin.py:188} INFO - [2026-06-04T00:27:43.758+0000] {dag.py:3089} INFO - Sync 1 DAGs
[2026-06-04T00:27:43.791+0000] {logging_mixin.py:188} INFO - [2026-06-04T00:27:43.790+0000] {dag.py:3947} INFO - Setting next_dagrun for minio_to_snowflake to 2026-06-04 00:26:00+00:00, run_after=2026-06-04 00:27:00+00:00
[2026-06-04T00:27:43.811+0000] {processor.py:183} INFO - Processing /opt/airflow/dags/minio_to_snowflake.py took 1.162 seconds
[2026-06-04T00:28:13.975+0000] {processor.py:161} INFO - Started process (PID=186) to work on /opt/airflow/dags/minio_to_snowflake.py
[2026-06-04T00:28:13.977+0000] {processor.py:830} INFO - Processing file /opt/airflow/dags/minio_to_snowflake.py for tasks to queue
[2026-06-04T00:28:13.979+0000] {logging_mixin.py:188} INFO - [2026-06-04T00:28:13.979+0000] {dagbag.py:545} INFO - Filling up the DagBag from /opt/airflow/dags/minio_to_snowflake.py
[2026-06-04T00:28:14.905+0000] {processor.py:840} INFO - DAG(s) 'minio_to_snowflake' retrieved from /opt/airflow/dags/minio_to_snowflake.py
[2026-06-04T00:28:14.936+0000] {logging_mixin.py:188} INFO - [2026-06-04T00:28:14.936+0000] {dag.py:3089} INFO - Sync 1 DAGs
[2026-06-04T00:28:14.962+0000] {logging_mixin.py:188} INFO - [2026-06-04T00:28:14.961+0000] {dag.py:3947} INFO - Setting next_dagrun for minio_to_snowflake to 2026-06-04 00:27:00+00:00, run_after=2026-06-04 00:28:00+00:00
[2026-06-04T00:28:14.983+0000] {processor.py:183} INFO - Processing /opt/airflow/dags/minio_to_snowflake.py took 1.016 seconds
[2026-06-04T00:28:45.220+0000] {processor.py:161} INFO - Started process (PID=189) to work on /opt/airflow/dags/minio_to_snowflake.py
[2026-06-04T00:28:45.221+0000] {processor.py:830} INFO - Processing file /opt/airflow/dags/minio_to_snowflake.py for tasks to queue
[2026-06-04T00:28:45.224+0000] {logging_mixin.py:188} INFO - [2026-06-04T00:28:45.223+0000] {dagbag.py:545} INFO - Filling up the DagBag from /opt/airflow/dags/minio_to_snowflake.py
[2026-06-04T00:28:46.175+0000] {processor.py:840} INFO - DAG(s) 'minio_to_snowflake' retrieved from /opt/airflow/dags/minio_to_snowflake.py
[2026-06-04T00:28:46.209+0000] {logging_mixin.py:188} INFO - [2026-06-04T00:28:46.208+0000] {dag.py:3089} INFO - Sync 1 DAGs
[2026-06-04T00:28:46.246+0000] {logging_mixin.py:188} INFO - [2026-06-04T00:28:46.246+0000] {dag.py:3947} INFO - Setting next_dagrun for minio_to_snowflake to 2026-06-04 00:27:00+00:00, run_after=2026-06-04 00:28:00+00:00
[2026-06-04T00:28:46.269+0000] {processor.py:183} INFO - Processing /opt/airflow/dags/minio_to_snowflake.py took 1.056 seconds
[2026-06-04T00:29:16.489+0000] {processor.py:161} INFO - Started process (PID=192) to work on /opt/airflow/dags/minio_to_snowflake.py
[2026-06-04T00:29:16.491+0000] {processor.py:830} INFO - Processing file /opt/airflow/dags/minio_to_snowflake.py for tasks to queue
[2026-06-04T00:29:16.494+0000] {logging_mixin.py:188} INFO - [2026-06-04T00:29:16.493+0000] {dagbag.py:545} INFO - Filling up the DagBag from /opt/airflow/dags/minio_to_snowflake.py
[2026-06-04T00:29:17.447+0000] {processor.py:840} INFO - DAG(s) 'minio_to_snowflake' retrieved from /opt/airflow/dags/minio_to_snowflake.py
[2026-06-04T00:29:17.493+0000] {logging_mixin.py:188} INFO - [2026-06-04T00:29:17.493+0000] {dag.py:3089} INFO - Sync 1 DAGs
[2026-06-04T00:29:17.546+0000] {logging_mixin.py:188} INFO - [2026-06-04T00:29:17.546+0000] {dag.py:3947} INFO - Setting next_dagrun for minio_to_snowflake to 2026-06-04 00:28:00+00:00, run_after=2026-06-04 00:29:00+00:00
[2026-06-04T00:29:17.576+0000] {processor.py:183} INFO - Processing /opt/airflow/dags/minio_to_snowflake.py took 1.104 seconds
[2026-06-04T00:29:47.832+0000] {processor.py:161} INFO - Started process (PID=195) to work on /opt/airflow/dags/minio_to_snowflake.py
[2026-06-04T00:29:47.833+0000] {processor.py:830} INFO - Processing file /opt/airflow/dags/minio_to_snowflake.py for tasks to queue
[2026-06-04T00:29:47.836+0000] {logging_mixin.py:188} INFO - [2026-06-04T00:29:47.835+0000] {dagbag.py:545} INFO - Filling up the DagBag from /opt/airflow/dags/minio_to_snowflake.py
[2026-06-04T00:29:49.218+0000] {processor.py:840} INFO - DAG(s) 'minio_to_snowflake' retrieved from /opt/airflow/dags/minio_to_snowflake.py
[2026-06-04T00:29:49.252+0000] {logging_mixin.py:188} INFO - [2026-06-04T00:29:49.249+0000] {dag.py:3089} INFO - Sync 1 DAGs
[2026-06-04T00:29:49.279+0000] {logging_mixin.py:188} INFO - [2026-06-04T00:29:49.279+0000] {dag.py:3947} INFO - Setting next_dagrun for minio_to_snowflake to 2026-06-04 00:28:00+00:00, run_after=2026-06-04 00:29:00+00:00
[2026-06-04T00:29:49.305+0000] {processor.py:183} INFO - Processing /opt/airflow/dags/minio_to_snowflake.py took 1.480 seconds
[2026-06-04T00:30:19.628+0000] {processor.py:161} INFO - Started process (PID=198) to work on /opt/airflow/dags/minio_to_snowflake.py
[2026-06-04T00:30:19.630+0000] {processor.py:830} INFO - Processing file /opt/airflow/dags/minio_to_snowflake.py for tasks to queue
[2026-06-04T00:30:19.633+0000] {logging_mixin.py:188} INFO - [2026-06-04T00:30:19.632+0000] {dagbag.py:545} INFO - Filling up the DagBag from /opt/airflow/dags/minio_to_snowflake.py
[2026-06-04T00:30:21.030+0000] {processor.py:840} INFO - DAG(s) 'minio_to_snowflake' retrieved from /opt/airflow/dags/minio_to_snowflake.py
[2026-06-04T00:30:21.079+0000] {logging_mixin.py:188} INFO - [2026-06-04T00:30:21.078+0000] {dag.py:3089} INFO - Sync 1 DAGs
[2026-06-04T00:30:21.112+0000] {logging_mixin.py:188} INFO - [2026-06-04T00:30:21.112+0000] {dag.py:3947} INFO - Setting next_dagrun for minio_to_snowflake to 2026-06-04 00:29:00+00:00, run_after=2026-06-04 00:30:00+00:00
[2026-06-04T00:30:21.148+0000] {processor.py:183} INFO - Processing /opt/airflow/dags/minio_to_snowflake.py took 1.528 seconds
[2026-06-04T00:30:51.371+0000] {processor.py:161} INFO - Started process (PID=201) to work on /opt/airflow/dags/minio_to_snowflake.py
[2026-06-04T00:30:51.372+0000] {processor.py:830} INFO - Processing file /opt/airflow/dags/minio_to_snowflake.py for tasks to queue
[2026-06-04T00:30:51.375+0000] {logging_mixin.py:188} INFO - [2026-06-04T00:30:51.374+0000] {dagbag.py:545} INFO - Filling up the DagBag from /opt/airflow/dags/minio_to_snowflake.py
[2026-06-04T00:30:52.435+0000] {processor.py:840} INFO - DAG(s) 'minio_to_snowflake' retrieved from /opt/airflow/dags/minio_to_snowflake.py
[2026-06-04T00:30:52.465+0000] {logging_mixin.py:188} INFO - [2026-06-04T00:30:52.465+0000] {dag.py:3089} INFO - Sync 1 DAGs
[2026-06-04T00:30:52.489+0000] {logging_mixin.py:188} INFO - [2026-06-04T00:30:52.489+0000] {dag.py:3947} INFO - Setting next_dagrun for minio_to_snowflake to 2026-06-04 00:29:00+00:00, run_after=2026-06-04 00:30:00+00:00
[2026-06-04T00:30:52.509+0000] {processor.py:183} INFO - Processing /opt/airflow/dags/minio_to_snowflake.py took 1.145 seconds
[2026-06-04T00:31:22.594+0000] {processor.py:161} INFO - Started process (PID=204) to work on /opt/airflow/dags/minio_to_snowflake.py
[2026-06-04T00:31:22.595+0000] {processor.py:830} INFO - Processing file /opt/airflow/dags/minio_to_snowflake.py for tasks to queue
[2026-06-04T00:31:22.597+0000] {logging_mixin.py:188} INFO - [2026-06-04T00:31:22.597+0000] {dagbag.py:545} INFO - Filling up the DagBag from /opt/airflow/dags/minio_to_snowflake.py
[2026-06-04T00:31:23.626+0000] {processor.py:840} INFO - DAG(s) 'minio_to_snowflake' retrieved from /opt/airflow/dags/minio_to_snowflake.py
[2026-06-04T00:31:23.673+0000] {logging_mixin.py:188} INFO - [2026-06-04T00:31:23.673+0000] {dag.py:3089} INFO - Sync 1 DAGs
[2026-06-04T00:31:23.709+0000] {logging_mixin.py:188} INFO - [2026-06-04T00:31:23.709+0000] {dag.py:3947} INFO - Setting next_dagrun for minio_to_snowflake to 2026-06-04 00:30:00+00:00, run_after=2026-06-04 00:31:00+00:00
[2026-06-04T00:31:23.749+0000] {processor.py:183} INFO - Processing /opt/airflow/dags/minio_to_snowflake.py took 1.162 seconds
[2026-06-04T00:31:54.140+0000] {processor.py:161} INFO - Started process (PID=1007) to work on /opt/airflow/dags/minio_to_snowflake.py
[2026-06-04T00:31:54.142+0000] {processor.py:830} INFO - Processing file /opt/airflow/dags/minio_to_snowflake.py for tasks to queue
[2026-06-04T00:31:54.145+0000] {logging_mixin.py:188} INFO - [2026-06-04T00:31:54.145+0000] {dagbag.py:545} INFO - Filling up the DagBag from /opt/airflow/dags/minio_to_snowflake.py
[2026-06-04T00:31:55.835+0000] {processor.py:840} INFO - DAG(s) 'minio_to_snowflake' retrieved from /opt/airflow/dags/minio_to_snowflake.py
[2026-06-04T00:31:55.926+0000] {logging_mixin.py:188} INFO - [2026-06-04T00:31:55.926+0000] {dag.py:3089} INFO - Sync 1 DAGs
[2026-06-04T00:31:55.965+0000] {logging_mixin.py:188} INFO - [2026-06-04T00:31:55.965+0000] {dag.py:3947} INFO - Setting next_dagrun for minio_to_snowflake to 2026-06-04 00:31:00+00:00, run_after=2026-06-04 00:32:00+00:00
[2026-06-04T00:31:55.994+0000] {processor.py:183} INFO - Processing /opt/airflow/dags/minio_to_snowflake.py took 1.871 seconds
[2026-06-04T00:32:26.392+0000] {processor.py:161} INFO - Started process (PID=3573) to work on /opt/airflow/dags/minio_to_snowflake.py
[2026-06-04T00:32:26.394+0000] {processor.py:830} INFO - Processing file /opt/airflow/dags/minio_to_snowflake.py for tasks to queue
[2026-06-04T00:32:26.397+0000] {logging_mixin.py:188} INFO - [2026-06-04T00:32:26.397+0000] {dagbag.py:545} INFO - Filling up the DagBag from /opt/airflow/dags/minio_to_snowflake.py
[2026-06-04T00:32:27.432+0000] {processor.py:840} INFO - DAG(s) 'minio_to_snowflake' retrieved from /opt/airflow/dags/minio_to_snowflake.py
[2026-06-04T00:32:27.462+0000] {logging_mixin.py:188} INFO - [2026-06-04T00:32:27.460+0000] {dag.py:3089} INFO - Sync 1 DAGs
[2026-06-04T00:32:27.496+0000] {logging_mixin.py:188} INFO - [2026-06-04T00:32:27.495+0000] {dag.py:3947} INFO - Setting next_dagrun for minio_to_snowflake to 2026-06-04 00:32:00+00:00, run_after=2026-06-04 00:33:00+00:00
[2026-06-04T00:32:27.517+0000] {processor.py:183} INFO - Processing /opt/airflow/dags/minio_to_snowflake.py took 1.135 seconds
[2026-06-04T00:32:57.612+0000] {processor.py:161} INFO - Started process (PID=3650) to work on /opt/airflow/dags/minio_to_snowflake.py
[2026-06-04T00:32:57.614+0000] {processor.py:830} INFO - Processing file /opt/airflow/dags/minio_to_snowflake.py for tasks to queue
[2026-06-04T00:32:57.621+0000] {logging_mixin.py:188} INFO - [2026-06-04T00:32:57.620+0000] {dagbag.py:545} INFO - Filling up the DagBag from /opt/airflow/dags/minio_to_snowflake.py
[2026-06-04T00:32:58.654+0000] {processor.py:840} INFO - DAG(s) 'minio_to_snowflake' retrieved from /opt/airflow/dags/minio_to_snowflake.py
[2026-06-04T00:32:58.687+0000] {logging_mixin.py:188} INFO - [2026-06-04T00:32:58.687+0000] {dag.py:3089} INFO - Sync 1 DAGs
[2026-06-04T00:32:58.712+0000] {logging_mixin.py:188} INFO - [2026-06-04T00:32:58.712+0000] {dag.py:3947} INFO - Setting next_dagrun for minio_to_snowflake to 2026-06-04 00:32:00+00:00, run_after=2026-06-04 00:33:00+00:00
[2026-06-04T00:32:58.739+0000] {processor.py:183} INFO - Processing /opt/airflow/dags/minio_to_snowflake.py took 1.137 seconds
[2026-06-04T00:33:28.827+0000] {processor.py:161} INFO - Started process (PID=3785) to work on /opt/airflow/dags/minio_to_snowflake.py
[2026-06-04T00:33:28.829+0000] {processor.py:830} INFO - Processing file /opt/airflow/dags/minio_to_snowflake.py for tasks to queue
[2026-06-04T00:33:28.834+0000] {logging_mixin.py:188} INFO - [2026-06-04T00:33:28.833+0000] {dagbag.py:545} INFO - Filling up the DagBag from /opt/airflow/dags/minio_to_snowflake.py
[2026-06-04T00:33:29.888+0000] {processor.py:840} INFO - DAG(s) 'minio_to_snowflake' retrieved from /opt/airflow/dags/minio_to_snowflake.py
[2026-06-04T00:33:29.920+0000] {logging_mixin.py:188} INFO - [2026-06-04T00:33:29.920+0000] {dag.py:3089} INFO - Sync 1 DAGs
[2026-06-04T00:33:29.948+0000] {logging_mixin.py:188} INFO - [2026-06-04T00:33:29.948+0000] {dag.py:3947} INFO - Setting next_dagrun for minio_to_snowflake to 2026-06-04 00:32:00+00:00, run_after=2026-06-04 00:33:00+00:00
[2026-06-04T00:33:29.970+0000] {processor.py:183} INFO - Processing /opt/airflow/dags/minio_to_snowflake.py took 1.155 seconds
[2026-06-04T00:34:00.237+0000] {processor.py:161} INFO - Started process (PID=3907) to work on /opt/airflow/dags/minio_to_snowflake.py
[2026-06-04T00:34:00.248+0000] {processor.py:830} INFO - Processing file /opt/airflow/dags/minio_to_snowflake.py for tasks to queue
[2026-06-04T00:34:00.274+0000] {logging_mixin.py:188} INFO - [2026-06-04T00:34:00.273+0000] {dagbag.py:545} INFO - Filling up the DagBag from /opt/airflow/dags/minio_to_snowflake.py
[2026-06-04T00:34:01.350+0000] {processor.py:840} INFO - DAG(s) 'minio_to_snowflake' retrieved from /opt/airflow/dags/minio_to_snowflake.py
[2026-06-04T00:34:01.382+0000] {logging_mixin.py:188} INFO - [2026-06-04T00:34:01.381+0000] {dag.py:3089} INFO - Sync 1 DAGs
[2026-06-04T00:34:01.411+0000] {logging_mixin.py:188} INFO - [2026-06-04T00:34:01.411+0000] {dag.py:3947} INFO - Setting next_dagrun for minio_to_snowflake to 2026-06-04 00:33:00+00:00, run_after=2026-06-04 00:34:00+00:00
[2026-06-04T00:34:01.434+0000] {processor.py:183} INFO - Processing /opt/airflow/dags/minio_to_snowflake.py took 1.204 seconds
[2026-06-04T00:34:31.507+0000] {processor.py:161} INFO - Started process (PID=4024) to work on /opt/airflow/dags/minio_to_snowflake.py
[2026-06-04T00:34:31.508+0000] {processor.py:830} INFO - Processing file /opt/airflow/dags/minio_to_snowflake.py for tasks to queue
[2026-06-04T00:34:31.510+0000] {logging_mixin.py:188} INFO - [2026-06-04T00:34:31.510+0000] {dagbag.py:545} INFO - Filling up the DagBag from /opt/airflow/dags/minio_to_snowflake.py
[2026-06-04T00:34:32.496+0000] {processor.py:840} INFO - DAG(s) 'minio_to_snowflake' retrieved from /opt/airflow/dags/minio_to_snowflake.py
[2026-06-04T00:34:32.526+0000] {logging_mixin.py:188} INFO - [2026-06-04T00:34:32.525+0000] {dag.py:3089} INFO - Sync 1 DAGs
[2026-06-04T00:34:32.556+0000] {logging_mixin.py:188} INFO - [2026-06-04T00:34:32.556+0000] {dag.py:3947} INFO - Setting next_dagrun for minio_to_snowflake to 2026-06-04 00:33:00+00:00, run_after=2026-06-04 00:34:00+00:00
[2026-06-04T00:34:32.586+0000] {processor.py:183} INFO - Processing /opt/airflow/dags/minio_to_snowflake.py took 1.088 seconds
[2026-06-04T00:35:02.756+0000] {processor.py:161} INFO - Started process (PID=4156) to work on /opt/airflow/dags/minio_to_snowflake.py
[2026-06-04T00:35:02.758+0000] {processor.py:830} INFO - Processing file /opt/airflow/dags/minio_to_snowflake.py for tasks to queue
[2026-06-04T00:35:02.760+0000] {logging_mixin.py:188} INFO - [2026-06-04T00:35:02.760+0000] {dagbag.py:545} INFO - Filling up the DagBag from /opt/airflow/dags/minio_to_snowflake.py
[2026-06-04T00:35:03.934+0000] {processor.py:840} INFO - DAG(s) 'minio_to_snowflake' retrieved from /opt/airflow/dags/minio_to_snowflake.py
[2026-06-04T00:35:03.974+0000] {logging_mixin.py:188} INFO - [2026-06-04T00:35:03.973+0000] {dag.py:3089} INFO - Sync 1 DAGs
[2026-06-04T00:35:04.007+0000] {logging_mixin.py:188} INFO - [2026-06-04T00:35:04.006+0000] {dag.py:3947} INFO - Setting next_dagrun for minio_to_snowflake to 2026-06-04 00:34:00+00:00, run_after=2026-06-04 00:35:00+00:00
[2026-06-04T00:35:04.029+0000] {processor.py:183} INFO - Processing /opt/airflow/dags/minio_to_snowflake.py took 1.280 seconds
[2026-06-04T00:35:34.253+0000] {processor.py:161} INFO - Started process (PID=4282) to work on /opt/airflow/dags/minio_to_snowflake.py
[2026-06-04T00:35:34.254+0000] {processor.py:830} INFO - Processing file /opt/airflow/dags/minio_to_snowflake.py for tasks to queue
[2026-06-04T00:35:34.256+0000] {logging_mixin.py:188} INFO - [2026-06-04T00:35:34.256+0000] {dagbag.py:545} INFO - Filling up the DagBag from /opt/airflow/dags/minio_to_snowflake.py
[2026-06-04T00:35:35.139+0000] {processor.py:840} INFO - DAG(s) 'minio_to_snowflake' retrieved from /opt/airflow/dags/minio_to_snowflake.py
[2026-06-04T00:35:35.171+0000] {logging_mixin.py:188} INFO - [2026-06-04T00:35:35.171+0000] {dag.py:3089} INFO - Sync 1 DAGs
[2026-06-04T00:35:35.198+0000] {logging_mixin.py:188} INFO - [2026-06-04T00:35:35.198+0000] {dag.py:3947} INFO - Setting next_dagrun for minio_to_snowflake to 2026-06-04 00:34:00+00:00, run_after=2026-06-04 00:35:00+00:00
[2026-06-04T00:35:35.218+0000] {processor.py:183} INFO - Processing /opt/airflow/dags/minio_to_snowflake.py took 0.972 seconds
[2026-06-04T00:36:05.303+0000] {processor.py:161} INFO - Started process (PID=4403) to work on /opt/airflow/dags/minio_to_snowflake.py
[2026-06-04T00:36:05.304+0000] {processor.py:830} INFO - Processing file /opt/airflow/dags/minio_to_snowflake.py for tasks to queue
[2026-06-04T00:36:05.307+0000] {logging_mixin.py:188} INFO - [2026-06-04T00:36:05.306+0000] {dagbag.py:545} INFO - Filling up the DagBag from /opt/airflow/dags/minio_to_snowflake.py
[2026-06-04T00:36:06.334+0000] {processor.py:840} INFO - DAG(s) 'minio_to_snowflake' retrieved from /opt/airflow/dags/minio_to_snowflake.py
[2026-06-04T00:36:06.385+0000] {logging_mixin.py:188} INFO - [2026-06-04T00:36:06.384+0000] {dag.py:3089} INFO - Sync 1 DAGs
[2026-06-04T00:36:06.412+0000] {logging_mixin.py:188} INFO - [2026-06-04T00:36:06.412+0000] {dag.py:3947} INFO - Setting next_dagrun for minio_to_snowflake to 2026-06-04 00:35:00+00:00, run_after=2026-06-04 00:36:00+00:00
[2026-06-04T00:36:06.435+0000] {processor.py:183} INFO - Processing /opt/airflow/dags/minio_to_snowflake.py took 1.140 seconds
[2026-06-04T00:36:36.678+0000] {processor.py:161} INFO - Started process (PID=4526) to work on /opt/airflow/dags/minio_to_snowflake.py
[2026-06-04T00:36:36.679+0000] {processor.py:830} INFO - Processing file /opt/airflow/dags/minio_to_snowflake.py for tasks to queue
[2026-06-04T00:36:36.684+0000] {logging_mixin.py:188} INFO - [2026-06-04T00:36:36.683+0000] {dagbag.py:545} INFO - Filling up the DagBag from /opt/airflow/dags/minio_to_snowflake.py
[2026-06-04T00:36:38.373+0000] {processor.py:840} INFO - DAG(s) 'minio_to_snowflake' retrieved from /opt/airflow/dags/minio_to_snowflake.py
[2026-06-04T00:36:38.407+0000] {logging_mixin.py:188} INFO - [2026-06-04T00:36:38.407+0000] {dag.py:3089} INFO - Sync 1 DAGs
[2026-06-04T00:36:38.446+0000] {logging_mixin.py:188} INFO - [2026-06-04T00:36:38.446+0000] {dag.py:3947} INFO - Setting next_dagrun for minio_to_snowflake to 2026-06-04 00:35:00+00:00, run_after=2026-06-04 00:36:00+00:00
[2026-06-04T00:36:38.473+0000] {processor.py:183} INFO - Processing /opt/airflow/dags/minio_to_snowflake.py took 1.806 seconds
[2026-06-04T00:37:09.253+0000] {processor.py:161} INFO - Started process (PID=4597) to work on /opt/airflow/dags/minio_to_snowflake.py
[2026-06-04T00:37:09.255+0000] {processor.py:830} INFO - Processing file /opt/airflow/dags/minio_to_snowflake.py for tasks to queue
[2026-06-04T00:37:09.257+0000] {logging_mixin.py:188} INFO - [2026-06-04T00:37:09.257+0000] {dagbag.py:545} INFO - Filling up the DagBag from /opt/airflow/dags/minio_to_snowflake.py
[2026-06-04T00:37:10.391+0000] {processor.py:840} INFO - DAG(s) 'minio_to_snowflake' retrieved from /opt/airflow/dags/minio_to_snowflake.py
[2026-06-04T00:37:10.422+0000] {logging_mixin.py:188} INFO - [2026-06-04T00:37:10.421+0000] {dag.py:3089} INFO - Sync 1 DAGs
[2026-06-04T00:37:10.448+0000] {logging_mixin.py:188} INFO - [2026-06-04T00:37:10.448+0000] {dag.py:3947} INFO - Setting next_dagrun for minio_to_snowflake to 2026-06-04 00:36:00+00:00, run_after=2026-06-04 00:37:00+00:00
[2026-06-04T00:37:10.472+0000] {processor.py:183} INFO - Processing /opt/airflow/dags/minio_to_snowflake.py took 1.228 seconds
[2026-06-04T00:37:40.815+0000] {processor.py:161} INFO - Started process (PID=4686) to work on /opt/airflow/dags/minio_to_snowflake.py
[2026-06-04T00:37:40.816+0000] {processor.py:830} INFO - Processing file /opt/airflow/dags/minio_to_snowflake.py for tasks to queue
[2026-06-04T00:37:40.819+0000] {logging_mixin.py:188} INFO - [2026-06-04T00:37:40.819+0000] {dagbag.py:545} INFO - Filling up the DagBag from /opt/airflow/dags/minio_to_snowflake.py
[2026-06-04T00:37:41.804+0000] {processor.py:840} INFO - DAG(s) 'minio_to_snowflake' retrieved from /opt/airflow/dags/minio_to_snowflake.py
[2026-06-04T00:37:41.838+0000] {logging_mixin.py:188} INFO - [2026-06-04T00:37:41.837+0000] {dag.py:3089} INFO - Sync 1 DAGs
[2026-06-04T00:37:41.868+0000] {logging_mixin.py:188} INFO - [2026-06-04T00:37:41.868+0000] {dag.py:3947} INFO - Setting next_dagrun for minio_to_snowflake to 2026-06-04 00:36:00+00:00, run_after=2026-06-04 00:37:00+00:00
[2026-06-04T00:37:41.889+0000] {processor.py:183} INFO - Processing /opt/airflow/dags/minio_to_snowflake.py took 1.086 seconds
[2026-06-04T00:38:12.361+0000] {processor.py:161} INFO - Started process (PID=4775) to work on /opt/airflow/dags/minio_to_snowflake.py
[2026-06-04T00:38:12.362+0000] {processor.py:830} INFO - Processing file /opt/airflow/dags/minio_to_snowflake.py for tasks to queue
[2026-06-04T00:38:12.366+0000] {logging_mixin.py:188} INFO - [2026-06-04T00:38:12.365+0000] {dagbag.py:545} INFO - Filling up the DagBag from /opt/airflow/dags/minio_to_snowflake.py
[2026-06-04T00:38:13.406+0000] {processor.py:840} INFO - DAG(s) 'minio_to_snowflake' retrieved from /opt/airflow/dags/minio_to_snowflake.py
[2026-06-04T00:38:13.437+0000] {logging_mixin.py:188} INFO - [2026-06-04T00:38:13.436+0000] {dag.py:3089} INFO - Sync 1 DAGs
[2026-06-04T00:38:13.464+0000] {logging_mixin.py:188} INFO - [2026-06-04T00:38:13.464+0000] {dag.py:3947} INFO - Setting next_dagrun for minio_to_snowflake to 2026-06-04 00:37:00+00:00, run_after=2026-06-04 00:38:00+00:00
[2026-06-04T00:38:13.486+0000] {processor.py:183} INFO - Processing /opt/airflow/dags/minio_to_snowflake.py took 1.136 seconds
[2026-06-04T00:38:43.577+0000] {processor.py:161} INFO - Started process (PID=4862) to work on /opt/airflow/dags/minio_to_snowflake.py
[2026-06-04T00:38:43.578+0000] {processor.py:830} INFO - Processing file /opt/airflow/dags/minio_to_snowflake.py for tasks to queue
[2026-06-04T00:38:43.581+0000] {logging_mixin.py:188} INFO - [2026-06-04T00:38:43.580+0000] {dagbag.py:545} INFO - Filling up the DagBag from /opt/airflow/dags/minio_to_snowflake.py
[2026-06-04T00:38:44.695+0000] {processor.py:840} INFO - DAG(s) 'minio_to_snowflake' retrieved from /opt/airflow/dags/minio_to_snowflake.py
[2026-06-04T00:38:44.735+0000] {logging_mixin.py:188} INFO - [2026-06-04T00:38:44.734+0000] {dag.py:3089} INFO - Sync 1 DAGs
[2026-06-04T00:38:44.766+0000] {logging_mixin.py:188} INFO - [2026-06-04T00:38:44.766+0000] {dag.py:3947} INFO - Setting next_dagrun for minio_to_snowflake to 2026-06-04 00:37:00+00:00, run_after=2026-06-04 00:38:00+00:00
[2026-06-04T00:38:44.792+0000] {processor.py:183} INFO - Processing /opt/airflow/dags/minio_to_snowflake.py took 1.222 seconds
[2026-06-04T00:39:15.000+0000] {processor.py:161} INFO - Started process (PID=4959) to work on /opt/airflow/dags/minio_to_snowflake.py
[2026-06-04T00:39:15.002+0000] {processor.py:830} INFO - Processing file /opt/airflow/dags/minio_to_snowflake.py for tasks to queue
[2026-06-04T00:39:15.004+0000] {logging_mixin.py:188} INFO - [2026-06-04T00:39:15.004+0000] {dagbag.py:545} INFO - Filling up the DagBag from /opt/airflow/dags/minio_to_snowflake.py
[2026-06-04T00:39:16.066+0000] {processor.py:840} INFO - DAG(s) 'minio_to_snowflake' retrieved from /opt/airflow/dags/minio_to_snowflake.py
[2026-06-04T00:39:16.099+0000] {logging_mixin.py:188} INFO - [2026-06-04T00:39:16.098+0000] {dag.py:3089} INFO - Sync 1 DAGs
[2026-06-04T00:39:16.129+0000] {logging_mixin.py:188} INFO - [2026-06-04T00:39:16.129+0000] {dag.py:3947} INFO - Setting next_dagrun for minio_to_snowflake to 2026-06-04 00:38:00+00:00, run_after=2026-06-04 00:39:00+00:00
[2026-06-04T00:39:16.150+0000] {processor.py:183} INFO - Processing /opt/airflow/dags/minio_to_snowflake.py took 1.158 seconds
[2026-06-04T00:39:46.297+0000] {processor.py:161} INFO - Started process (PID=5050) to work on /opt/airflow/dags/minio_to_snowflake.py
[2026-06-04T00:39:46.299+0000] {processor.py:830} INFO - Processing file /opt/airflow/dags/minio_to_snowflake.py for tasks to queue
[2026-06-04T00:39:46.301+0000] {logging_mixin.py:188} INFO - [2026-06-04T00:39:46.301+0000] {dagbag.py:545} INFO - Filling up the DagBag from /opt/airflow/dags/minio_to_snowflake.py
[2026-06-04T00:39:47.226+0000] {processor.py:840} INFO - DAG(s) 'minio_to_snowflake' retrieved from /opt/airflow/dags/minio_to_snowflake.py
[2026-06-04T00:39:47.257+0000] {logging_mixin.py:188} INFO - [2026-06-04T00:39:47.257+0000] {dag.py:3089} INFO - Sync 1 DAGs
[2026-06-04T00:39:47.284+0000] {logging_mixin.py:188} INFO - [2026-06-04T00:39:47.284+0000] {dag.py:3947} INFO - Setting next_dagrun for minio_to_snowflake to 2026-06-04 00:38:00+00:00, run_after=2026-06-04 00:39:00+00:00
[2026-06-04T00:39:47.306+0000] {processor.py:183} INFO - Processing /opt/airflow/dags/minio_to_snowflake.py took 1.016 seconds
[2026-06-04T00:40:17.523+0000] {processor.py:161} INFO - Started process (PID=5139) to work on /opt/airflow/dags/minio_to_snowflake.py
[2026-06-04T00:40:17.531+0000] {processor.py:830} INFO - Processing file /opt/airflow/dags/minio_to_snowflake.py for tasks to queue
[2026-06-04T00:40:17.535+0000] {logging_mixin.py:188} INFO - [2026-06-04T00:40:17.534+0000] {dagbag.py:545} INFO - Filling up the DagBag from /opt/airflow/dags/minio_to_snowflake.py
[2026-06-04T00:40:18.763+0000] {processor.py:840} INFO - DAG(s) 'minio_to_snowflake' retrieved from /opt/airflow/dags/minio_to_snowflake.py
[2026-06-04T00:40:18.794+0000] {logging_mixin.py:188} INFO - [2026-06-04T00:40:18.794+0000] {dag.py:3089} INFO - Sync 1 DAGs
[2026-06-04T00:40:18.826+0000] {logging_mixin.py:188} INFO - [2026-06-04T00:40:18.825+0000] {dag.py:3947} INFO - Setting next_dagrun for minio_to_snowflake to 2026-06-04 00:39:00+00:00, run_after=2026-06-04 00:40:00+00:00
[2026-06-04T00:40:18.853+0000] {processor.py:183} INFO - Processing /opt/airflow/dags/minio_to_snowflake.py took 1.339 seconds
[2026-06-04T00:40:49.228+0000] {processor.py:161} INFO - Started process (PID=6460) to work on /opt/airflow/dags/minio_to_snowflake.py
[2026-06-04T00:40:49.230+0000] {processor.py:830} INFO - Processing file /opt/airflow/dags/minio_to_snowflake.py for tasks to queue
[2026-06-04T00:40:49.234+0000] {logging_mixin.py:188} INFO - [2026-06-04T00:40:49.233+0000] {dagbag.py:545} INFO - Filling up the DagBag from /opt/airflow/dags/minio_to_snowflake.py
[2026-06-04T00:40:50.355+0000] {processor.py:840} INFO - DAG(s) 'minio_to_snowflake' retrieved from /opt/airflow/dags/minio_to_snowflake.py
[2026-06-04T00:40:50.420+0000] {logging_mixin.py:188} INFO - [2026-06-04T00:40:50.419+0000] {dag.py:3089} INFO - Sync 1 DAGs
[2026-06-04T00:40:50.460+0000] {logging_mixin.py:188} INFO - [2026-06-04T00:40:50.459+0000] {dag.py:3947} INFO - Setting next_dagrun for minio_to_snowflake to 2026-06-04 00:40:00+00:00, run_after=2026-06-04 00:41:00+00:00
[2026-06-04T00:40:50.482+0000] {processor.py:183} INFO - Processing /opt/airflow/dags/minio_to_snowflake.py took 1.265 seconds
[2026-06-04T00:41:21.066+0000] {processor.py:161} INFO - Started process (PID=7482) to work on /opt/airflow/dags/minio_to_snowflake.py
[2026-06-04T00:41:21.069+0000] {processor.py:830} INFO - Processing file /opt/airflow/dags/minio_to_snowflake.py for tasks to queue
[2026-06-04T00:41:21.083+0000] {logging_mixin.py:188} INFO - [2026-06-04T00:41:21.082+0000] {dagbag.py:545} INFO - Filling up the DagBag from /opt/airflow/dags/minio_to_snowflake.py
[2026-06-04T00:41:23.074+0000] {processor.py:840} INFO - DAG(s) 'minio_to_snowflake' retrieved from /opt/airflow/dags/minio_to_snowflake.py
[2026-06-04T00:41:23.111+0000] {logging_mixin.py:188} INFO - [2026-06-04T00:41:23.110+0000] {dag.py:3089} INFO - Sync 1 DAGs
[2026-06-04T00:41:23.144+0000] {logging_mixin.py:188} INFO - [2026-06-04T00:41:23.143+0000] {dag.py:3947} INFO - Setting next_dagrun for minio_to_snowflake to 2026-06-04 00:40:00+00:00, run_after=2026-06-04 00:41:00+00:00
[2026-06-04T00:41:23.168+0000] {processor.py:183} INFO - Processing /opt/airflow/dags/minio_to_snowflake.py took 2.138 seconds
[2026-06-04T00:41:53.304+0000] {processor.py:161} INFO - Started process (PID=7584) to work on /opt/airflow/dags/minio_to_snowflake.py
[2026-06-04T00:41:53.306+0000] {processor.py:830} INFO - Processing file /opt/airflow/dags/minio_to_snowflake.py for tasks to queue
[2026-06-04T00:41:53.310+0000] {logging_mixin.py:188} INFO - [2026-06-04T00:41:53.309+0000] {dagbag.py:545} INFO - Filling up the DagBag from /opt/airflow/dags/minio_to_snowflake.py
[2026-06-04T00:41:54.458+0000] {processor.py:840} INFO - DAG(s) 'minio_to_snowflake' retrieved from /opt/airflow/dags/minio_to_snowflake.py
[2026-06-04T00:41:54.492+0000] {logging_mixin.py:188} INFO - [2026-06-04T00:41:54.492+0000] {dag.py:3089} INFO - Sync 1 DAGs
[2026-06-04T00:41:54.519+0000] {logging_mixin.py:188} INFO - [2026-06-04T00:41:54.519+0000] {dag.py:3947} INFO - Setting next_dagrun for minio_to_snowflake to 2026-06-04 00:40:00+00:00, run_after=2026-06-04 00:41:00+00:00
[2026-06-04T00:41:54.542+0000] {processor.py:183} INFO - Processing /opt/airflow/dags/minio_to_snowflake.py took 1.255 seconds
[2026-06-04T00:42:24.655+0000] {processor.py:161} INFO - Started process (PID=7674) to work on /opt/airflow/dags/minio_to_snowflake.py
[2026-06-04T00:42:24.657+0000] {processor.py:830} INFO - Processing file /opt/airflow/dags/minio_to_snowflake.py for tasks to queue
[2026-06-04T00:42:24.661+0000] {logging_mixin.py:188} INFO - [2026-06-04T00:42:24.660+0000] {dagbag.py:545} INFO - Filling up the DagBag from /opt/airflow/dags/minio_to_snowflake.py
[2026-06-04T00:42:25.720+0000] {processor.py:840} INFO - DAG(s) 'minio_to_snowflake' retrieved from /opt/airflow/dags/minio_to_snowflake.py
[2026-06-04T00:42:25.755+0000] {logging_mixin.py:188} INFO - [2026-06-04T00:42:25.754+0000] {dag.py:3089} INFO - Sync 1 DAGs
[2026-06-04T00:42:25.783+0000] {logging_mixin.py:188} INFO - [2026-06-04T00:42:25.783+0000] {dag.py:3947} INFO - Setting next_dagrun for minio_to_snowflake to 2026-06-04 00:41:00+00:00, run_after=2026-06-04 00:42:00+00:00
[2026-06-04T00:42:25.806+0000] {processor.py:183} INFO - Processing /opt/airflow/dags/minio_to_snowflake.py took 1.160 seconds
[2026-06-04T00:42:56.142+0000] {processor.py:161} INFO - Started process (PID=7774) to work on /opt/airflow/dags/minio_to_snowflake.py
[2026-06-04T00:42:56.144+0000] {processor.py:830} INFO - Processing file /opt/airflow/dags/minio_to_snowflake.py for tasks to queue
[2026-06-04T00:42:56.147+0000] {logging_mixin.py:188} INFO - [2026-06-04T00:42:56.146+0000] {dagbag.py:545} INFO - Filling up the DagBag from /opt/airflow/dags/minio_to_snowflake.py
[2026-06-04T00:42:57.198+0000] {processor.py:840} INFO - DAG(s) 'minio_to_snowflake' retrieved from /opt/airflow/dags/minio_to_snowflake.py
[2026-06-04T00:42:57.235+0000] {logging_mixin.py:188} INFO - [2026-06-04T00:42:57.234+0000] {dag.py:3089} INFO - Sync 1 DAGs
[2026-06-04T00:42:57.266+0000] {logging_mixin.py:188} INFO - [2026-06-04T00:42:57.266+0000] {dag.py:3947} INFO - Setting next_dagrun for minio_to_snowflake to 2026-06-04 00:41:00+00:00, run_after=2026-06-04 00:42:00+00:00
[2026-06-04T00:42:57.290+0000] {processor.py:183} INFO - Processing /opt/airflow/dags/minio_to_snowflake.py took 1.159 seconds
[2026-06-04T00:43:27.390+0000] {processor.py:161} INFO - Started process (PID=7856) to work on /opt/airflow/dags/minio_to_snowflake.py
[2026-06-04T00:43:27.391+0000] {processor.py:830} INFO - Processing file /opt/airflow/dags/minio_to_snowflake.py for tasks to queue
[2026-06-04T00:43:27.394+0000] {logging_mixin.py:188} INFO - [2026-06-04T00:43:27.393+0000] {dagbag.py:545} INFO - Filling up the DagBag from /opt/airflow/dags/minio_to_snowflake.py
[2026-06-04T00:43:28.482+0000] {processor.py:840} INFO - DAG(s) 'minio_to_snowflake' retrieved from /opt/airflow/dags/minio_to_snowflake.py
[2026-06-04T00:43:28.513+0000] {logging_mixin.py:188} INFO - [2026-06-04T00:43:28.513+0000] {dag.py:3089} INFO - Sync 1 DAGs
[2026-06-04T00:43:28.540+0000] {logging_mixin.py:188} INFO - [2026-06-04T00:43:28.540+0000] {dag.py:3947} INFO - Setting next_dagrun for minio_to_snowflake to 2026-06-04 00:42:00+00:00, run_after=2026-06-04 00:43:00+00:00
[2026-06-04T00:43:28.563+0000] {processor.py:183} INFO - Processing /opt/airflow/dags/minio_to_snowflake.py took 1.180 seconds
[2026-06-04T00:43:58.788+0000] {processor.py:161} INFO - Started process (PID=7949) to work on /opt/airflow/dags/minio_to_snowflake.py
[2026-06-04T00:43:58.789+0000] {processor.py:830} INFO - Processing file /opt/airflow/dags/minio_to_snowflake.py for tasks to queue
[2026-06-04T00:43:58.792+0000] {logging_mixin.py:188} INFO - [2026-06-04T00:43:58.792+0000] {dagbag.py:545} INFO - Filling up the DagBag from /opt/airflow/dags/minio_to_snowflake.py
[2026-06-04T00:43:59.756+0000] {processor.py:840} INFO - DAG(s) 'minio_to_snowflake' retrieved from /opt/airflow/dags/minio_to_snowflake.py
[2026-06-04T00:43:59.789+0000] {logging_mixin.py:188} INFO - [2026-06-04T00:43:59.788+0000] {dag.py:3089} INFO - Sync 1 DAGs
[2026-06-04T00:43:59.822+0000] {logging_mixin.py:188} INFO - [2026-06-04T00:43:59.822+0000] {dag.py:3947} INFO - Setting next_dagrun for minio_to_snowflake to 2026-06-04 00:42:00+00:00, run_after=2026-06-04 00:43:00+00:00
[2026-06-04T00:43:59.859+0000] {processor.py:183} INFO - Processing /opt/airflow/dags/minio_to_snowflake.py took 1.078 seconds
[2026-06-04T00:44:30.050+0000] {processor.py:161} INFO - Started process (PID=8833) to work on /opt/airflow/dags/minio_to_snowflake.py
[2026-06-04T00:44:30.052+0000] {processor.py:830} INFO - Processing file /opt/airflow/dags/minio_to_snowflake.py for tasks to queue
[2026-06-04T00:44:30.055+0000] {logging_mixin.py:188} INFO - [2026-06-04T00:44:30.054+0000] {dagbag.py:545} INFO - Filling up the DagBag from /opt/airflow/dags/minio_to_snowflake.py
[2026-06-04T00:44:31.449+0000] {processor.py:840} INFO - DAG(s) 'minio_to_snowflake' retrieved from /opt/airflow/dags/minio_to_snowflake.py
[2026-06-04T00:44:31.488+0000] {logging_mixin.py:188} INFO - [2026-06-04T00:44:31.488+0000] {dag.py:3089} INFO - Sync 1 DAGs
[2026-06-04T00:44:31.520+0000] {logging_mixin.py:188} INFO - [2026-06-04T00:44:31.520+0000] {dag.py:3947} INFO - Setting next_dagrun for minio_to_snowflake to 2026-06-04 00:43:00+00:00, run_after=2026-06-04 00:44:00+00:00
[2026-06-04T00:44:31.551+0000] {processor.py:183} INFO - Processing /opt/airflow/dags/minio_to_snowflake.py took 1.509 seconds
[2026-06-04T00:45:01.847+0000] {processor.py:161} INFO - Started process (PID=9203) to work on /opt/airflow/dags/minio_to_snowflake.py
[2026-06-04T00:45:01.848+0000] {processor.py:830} INFO - Processing file /opt/airflow/dags/minio_to_snowflake.py for tasks to queue
[2026-06-04T00:45:01.851+0000] {logging_mixin.py:188} INFO - [2026-06-04T00:45:01.851+0000] {dagbag.py:545} INFO - Filling up the DagBag from /opt/airflow/dags/minio_to_snowflake.py
[2026-06-04T00:45:02.777+0000] {processor.py:840} INFO - DAG(s) 'minio_to_snowflake' retrieved from /opt/airflow/dags/minio_to_snowflake.py
[2026-06-04T00:45:02.817+0000] {logging_mixin.py:188} INFO - [2026-06-04T00:45:02.816+0000] {dag.py:3089} INFO - Sync 1 DAGs
[2026-06-04T00:45:02.852+0000] {logging_mixin.py:188} INFO - [2026-06-04T00:45:02.851+0000] {dag.py:3947} INFO - Setting next_dagrun for minio_to_snowflake to 2026-06-04 00:44:00+00:00, run_after=2026-06-04 00:45:00+00:00
[2026-06-04T00:45:02.876+0000] {processor.py:183} INFO - Processing /opt/airflow/dags/minio_to_snowflake.py took 1.043 seconds
[2026-06-04T00:45:33.075+0000] {processor.py:161} INFO - Started process (PID=9287) to work on /opt/airflow/dags/minio_to_snowflake.py
[2026-06-04T00:45:33.077+0000] {processor.py:830} INFO - Processing file /opt/airflow/dags/minio_to_snowflake.py for tasks to queue
[2026-06-04T00:45:33.082+0000] {logging_mixin.py:188} INFO - [2026-06-04T00:45:33.081+0000] {dagbag.py:545} INFO - Filling up the DagBag from /opt/airflow/dags/minio_to_snowflake.py
[2026-06-04T00:45:34.128+0000] {processor.py:840} INFO - DAG(s) 'minio_to_snowflake' retrieved from /opt/airflow/dags/minio_to_snowflake.py
[2026-06-04T00:45:34.166+0000] {logging_mixin.py:188} INFO - [2026-06-04T00:45:34.165+0000] {dag.py:3089} INFO - Sync 1 DAGs
[2026-06-04T00:45:34.192+0000] {logging_mixin.py:188} INFO - [2026-06-04T00:45:34.191+0000] {dag.py:3947} INFO - Setting next_dagrun for minio_to_snowflake to 2026-06-04 00:44:00+00:00, run_after=2026-06-04 00:45:00+00:00
[2026-06-04T00:45:34.213+0000] {processor.py:183} INFO - Processing /opt/airflow/dags/minio_to_snowflake.py took 1.146 seconds
[2026-06-04T00:46:04.371+0000] {processor.py:161} INFO - Started process (PID=9389) to work on /opt/airflow/dags/minio_to_snowflake.py
[2026-06-04T00:46:04.372+0000] {processor.py:830} INFO - Processing file /opt/airflow/dags/minio_to_snowflake.py for tasks to queue
[2026-06-04T00:46:04.375+0000] {logging_mixin.py:188} INFO - [2026-06-04T00:46:04.375+0000] {dagbag.py:545} INFO - Filling up the DagBag from /opt/airflow/dags/minio_to_snowflake.py
[2026-06-04T00:46:05.378+0000] {processor.py:840} INFO - DAG(s) 'minio_to_snowflake' retrieved from /opt/airflow/dags/minio_to_snowflake.py
[2026-06-04T00:46:05.414+0000] {logging_mixin.py:188} INFO - [2026-06-04T00:46:05.414+0000] {dag.py:3089} INFO - Sync 1 DAGs
[2026-06-04T00:46:05.443+0000] {logging_mixin.py:188} INFO - [2026-06-04T00:46:05.442+0000] {dag.py:3947} INFO - Setting next_dagrun for minio_to_snowflake to 2026-06-04 00:45:00+00:00, run_after=2026-06-04 00:46:00+00:00
[2026-06-04T00:46:05.465+0000] {processor.py:183} INFO - Processing /opt/airflow/dags/minio_to_snowflake.py took 1.104 seconds
[2026-06-04T00:46:35.686+0000] {processor.py:161} INFO - Started process (PID=9492) to work on /opt/airflow/dags/minio_to_snowflake.py
[2026-06-04T00:46:35.687+0000] {processor.py:830} INFO - Processing file /opt/airflow/dags/minio_to_snowflake.py for tasks to queue
[2026-06-04T00:46:35.690+0000] {logging_mixin.py:188} INFO - [2026-06-04T00:46:35.690+0000] {dagbag.py:545} INFO - Filling up the DagBag from /opt/airflow/dags/minio_to_snowflake.py
[2026-06-04T00:46:36.663+0000] {processor.py:840} INFO - DAG(s) 'minio_to_snowflake' retrieved from /opt/airflow/dags/minio_to_snowflake.py
[2026-06-04T00:46:36.695+0000] {logging_mixin.py:188} INFO - [2026-06-04T00:46:36.694+0000] {dag.py:3089} INFO - Sync 1 DAGs
[2026-06-04T00:46:36.726+0000] {logging_mixin.py:188} INFO - [2026-06-04T00:46:36.726+0000] {dag.py:3947} INFO - Setting next_dagrun for minio_to_snowflake to 2026-06-04 00:45:00+00:00, run_after=2026-06-04 00:46:00+00:00
[2026-06-04T00:46:36.747+0000] {processor.py:183} INFO - Processing /opt/airflow/dags/minio_to_snowflake.py took 1.069 seconds
[2026-06-04T00:47:06.990+0000] {processor.py:161} INFO - Started process (PID=9594) to work on /opt/airflow/dags/minio_to_snowflake.py
[2026-06-04T00:47:06.991+0000] {processor.py:830} INFO - Processing file /opt/airflow/dags/minio_to_snowflake.py for tasks to queue
[2026-06-04T00:47:06.994+0000] {logging_mixin.py:188} INFO - [2026-06-04T00:47:06.993+0000] {dagbag.py:545} INFO - Filling up the DagBag from /opt/airflow/dags/minio_to_snowflake.py
[2026-06-04T00:47:07.977+0000] {processor.py:840} INFO - DAG(s) 'minio_to_snowflake' retrieved from /opt/airflow/dags/minio_to_snowflake.py
[2026-06-04T00:47:08.030+0000] {logging_mixin.py:188} INFO - [2026-06-04T00:47:08.029+0000] {dag.py:3089} INFO - Sync 1 DAGs
[2026-06-04T00:47:08.080+0000] {logging_mixin.py:188} INFO - [2026-06-04T00:47:08.079+0000] {dag.py:3947} INFO - Setting next_dagrun for minio_to_snowflake to 2026-06-04 00:46:00+00:00, run_after=2026-06-04 00:47:00+00:00
[2026-06-04T00:47:08.109+0000] {processor.py:183} INFO - Processing /opt/airflow/dags/minio_to_snowflake.py took 1.126 seconds
[2026-06-04T00:47:38.233+0000] {processor.py:161} INFO - Started process (PID=9705) to work on /opt/airflow/dags/minio_to_snowflake.py
[2026-06-04T00:47:38.235+0000] {processor.py:830} INFO - Processing file /opt/airflow/dags/minio_to_snowflake.py for tasks to queue
[2026-06-04T00:47:38.238+0000] {logging_mixin.py:188} INFO - [2026-06-04T00:47:38.237+0000] {dagbag.py:545} INFO - Filling up the DagBag from /opt/airflow/dags/minio_to_snowflake.py
[2026-06-04T00:47:39.244+0000] {processor.py:840} INFO - DAG(s) 'minio_to_snowflake' retrieved from /opt/airflow/dags/minio_to_snowflake.py
[2026-06-04T00:47:39.278+0000] {logging_mixin.py:188} INFO - [2026-06-04T00:47:39.277+0000] {dag.py:3089} INFO - Sync 1 DAGs
[2026-06-04T00:47:39.309+0000] {logging_mixin.py:188} INFO - [2026-06-04T00:47:39.309+0000] {dag.py:3947} INFO - Setting next_dagrun for minio_to_snowflake to 2026-06-04 00:46:00+00:00, run_after=2026-06-04 00:47:00+00:00
[2026-06-04T00:47:39.333+0000] {processor.py:183} INFO - Processing /opt/airflow/dags/minio_to_snowflake.py took 1.110 seconds
[2026-06-04T00:48:09.574+0000] {processor.py:161} INFO - Started process (PID=9790) to work on /opt/airflow/dags/minio_to_snowflake.py
[2026-06-04T00:48:09.576+0000] {processor.py:830} INFO - Processing file /opt/airflow/dags/minio_to_snowflake.py for tasks to queue
[2026-06-04T00:48:09.579+0000] {logging_mixin.py:188} INFO - [2026-06-04T00:48:09.578+0000] {dagbag.py:545} INFO - Filling up the DagBag from /opt/airflow/dags/minio_to_snowflake.py
[2026-06-04T00:48:10.569+0000] {processor.py:840} INFO - DAG(s) 'minio_to_snowflake' retrieved from /opt/airflow/dags/minio_to_snowflake.py
[2026-06-04T00:48:10.601+0000] {logging_mixin.py:188} INFO - [2026-06-04T00:48:10.601+0000] {dag.py:3089} INFO - Sync 1 DAGs
[2026-06-04T00:48:10.635+0000] {logging_mixin.py:188} INFO - [2026-06-04T00:48:10.634+0000] {dag.py:3947} INFO - Setting next_dagrun for minio_to_snowflake to 2026-06-04 00:47:00+00:00, run_after=2026-06-04 00:48:00+00:00
[2026-06-04T00:48:10.654+0000] {processor.py:183} INFO - Processing /opt/airflow/dags/minio_to_snowflake.py took 1.090 seconds
[2026-06-04T00:48:40.839+0000] {processor.py:161} INFO - Started process (PID=9888) to work on /opt/airflow/dags/minio_to_snowflake.py
[2026-06-04T00:48:40.841+0000] {processor.py:830} INFO - Processing file /opt/airflow/dags/minio_to_snowflake.py for tasks to queue
[2026-06-04T00:48:40.843+0000] {logging_mixin.py:188} INFO - [2026-06-04T00:48:40.843+0000] {dagbag.py:545} INFO - Filling up the DagBag from /opt/airflow/dags/minio_to_snowflake.py
[2026-06-04T00:48:41.787+0000] {processor.py:840} INFO - DAG(s) 'minio_to_snowflake' retrieved from /opt/airflow/dags/minio_to_snowflake.py
[2026-06-04T00:48:41.824+0000] {logging_mixin.py:188} INFO - [2026-06-04T00:48:41.823+0000] {dag.py:3089} INFO - Sync 1 DAGs
[2026-06-04T00:48:41.850+0000] {logging_mixin.py:188} INFO - [2026-06-04T00:48:41.850+0000] {dag.py:3947} INFO - Setting next_dagrun for minio_to_snowflake to 2026-06-04 00:47:00+00:00, run_after=2026-06-04 00:48:00+00:00
[2026-06-04T00:48:41.875+0000] {processor.py:183} INFO - Processing /opt/airflow/dags/minio_to_snowflake.py took 1.046 seconds
[2026-06-04T00:49:12.134+0000] {processor.py:161} INFO - Started process (PID=9977) to work on /opt/airflow/dags/minio_to_snowflake.py
[2026-06-04T00:49:12.136+0000] {processor.py:830} INFO - Processing file /opt/airflow/dags/minio_to_snowflake.py for tasks to queue
[2026-06-04T00:49:12.139+0000] {logging_mixin.py:188} INFO - [2026-06-04T00:49:12.138+0000] {dagbag.py:545} INFO - Filling up the DagBag from /opt/airflow/dags/minio_to_snowflake.py
[2026-06-04T00:49:13.112+0000] {processor.py:840} INFO - DAG(s) 'minio_to_snowflake' retrieved from /opt/airflow/dags/minio_to_snowflake.py
[2026-06-04T00:49:13.146+0000] {logging_mixin.py:188} INFO - [2026-06-04T00:49:13.145+0000] {dag.py:3089} INFO - Sync 1 DAGs
[2026-06-04T00:49:13.174+0000] {logging_mixin.py:188} INFO - [2026-06-04T00:49:13.173+0000] {dag.py:3947} INFO - Setting next_dagrun for minio_to_snowflake to 2026-06-04 00:48:00+00:00, run_after=2026-06-04 00:49:00+00:00
[2026-06-04T00:49:13.196+0000] {processor.py:183} INFO - Processing /opt/airflow/dags/minio_to_snowflake.py took 1.068 seconds
[2026-06-04T00:49:43.454+0000] {processor.py:161} INFO - Started process (PID=10075) to work on /opt/airflow/dags/minio_to_snowflake.py
[2026-06-04T00:49:43.455+0000] {processor.py:830} INFO - Processing file /opt/airflow/dags/minio_to_snowflake.py for tasks to queue
[2026-06-04T00:49:43.458+0000] {logging_mixin.py:188} INFO - [2026-06-04T00:49:43.457+0000] {dagbag.py:545} INFO - Filling up the DagBag from /opt/airflow/dags/minio_to_snowflake.py
[2026-06-04T00:49:44.464+0000] {processor.py:840} INFO - DAG(s) 'minio_to_snowflake' retrieved from /opt/airflow/dags/minio_to_snowflake.py
[2026-06-04T00:49:44.498+0000] {logging_mixin.py:188} INFO - [2026-06-04T00:49:44.495+0000] {dag.py:3089} INFO - Sync 1 DAGs
[2026-06-04T00:49:44.526+0000] {logging_mixin.py:188} INFO - [2026-06-04T00:49:44.526+0000] {dag.py:3947} INFO - Setting next_dagrun for minio_to_snowflake to 2026-06-04 00:48:00+00:00, run_after=2026-06-04 00:49:00+00:00
[2026-06-04T00:49:44.547+0000] {processor.py:183} INFO - Processing /opt/airflow/dags/minio_to_snowflake.py took 1.101 seconds
[2026-06-04T00:50:14.713+0000] {processor.py:161} INFO - Started process (PID=10173) to work on /opt/airflow/dags/minio_to_snowflake.py
[2026-06-04T00:50:14.717+0000] {processor.py:830} INFO - Processing file /opt/airflow/dags/minio_to_snowflake.py for tasks to queue
[2026-06-04T00:50:14.725+0000] {logging_mixin.py:188} INFO - [2026-06-04T00:50:14.723+0000] {dagbag.py:545} INFO - Filling up the DagBag from /opt/airflow/dags/minio_to_snowflake.py
[2026-06-04T00:50:15.735+0000] {processor.py:840} INFO - DAG(s) 'minio_to_snowflake' retrieved from /opt/airflow/dags/minio_to_snowflake.py
[2026-06-04T00:50:15.771+0000] {logging_mixin.py:188} INFO - [2026-06-04T00:50:15.770+0000] {dag.py:3089} INFO - Sync 1 DAGs
[2026-06-04T00:50:15.795+0000] {logging_mixin.py:188} INFO - [2026-06-04T00:50:15.795+0000] {dag.py:3947} INFO - Setting next_dagrun for minio_to_snowflake to 2026-06-04 00:49:00+00:00, run_after=2026-06-04 00:50:00+00:00
[2026-06-04T00:50:15.820+0000] {processor.py:183} INFO - Processing /opt/airflow/dags/minio_to_snowflake.py took 1.133 seconds
[2026-06-04T00:50:45.999+0000] {processor.py:161} INFO - Started process (PID=10261) to work on /opt/airflow/dags/minio_to_snowflake.py
[2026-06-04T00:50:46.000+0000] {processor.py:830} INFO - Processing file /opt/airflow/dags/minio_to_snowflake.py for tasks to queue
[2026-06-04T00:50:46.003+0000] {logging_mixin.py:188} INFO - [2026-06-04T00:50:46.002+0000] {dagbag.py:545} INFO - Filling up the DagBag from /opt/airflow/dags/minio_to_snowflake.py
[2026-06-04T00:50:46.973+0000] {processor.py:840} INFO - DAG(s) 'minio_to_snowflake' retrieved from /opt/airflow/dags/minio_to_snowflake.py
[2026-06-04T00:50:47.020+0000] {logging_mixin.py:188} INFO - [2026-06-04T00:50:47.020+0000] {dag.py:3089} INFO - Sync 1 DAGs
[2026-06-04T00:50:47.051+0000] {logging_mixin.py:188} INFO - [2026-06-04T00:50:47.051+0000] {dag.py:3947} INFO - Setting next_dagrun for minio_to_snowflake to 2026-06-04 00:49:00+00:00, run_after=2026-06-04 00:50:00+00:00
[2026-06-04T00:50:47.073+0000] {processor.py:183} INFO - Processing /opt/airflow/dags/minio_to_snowflake.py took 1.082 seconds
[2026-06-04T00:51:17.257+0000] {processor.py:161} INFO - Started process (PID=11427) to work on /opt/airflow/dags/minio_to_snowflake.py
[2026-06-04T00:51:17.260+0000] {processor.py:830} INFO - Processing file /opt/airflow/dags/minio_to_snowflake.py for tasks to queue
[2026-06-04T00:51:17.264+0000] {logging_mixin.py:188} INFO - [2026-06-04T00:51:17.264+0000] {dagbag.py:545} INFO - Filling up the DagBag from /opt/airflow/dags/minio_to_snowflake.py
[2026-06-04T00:51:18.287+0000] {processor.py:840} INFO - DAG(s) 'minio_to_snowflake' retrieved from /opt/airflow/dags/minio_to_snowflake.py
[2026-06-04T00:51:18.358+0000] {logging_mixin.py:188} INFO - [2026-06-04T00:51:18.356+0000] {dag.py:3089} INFO - Sync 1 DAGs
[2026-06-04T00:51:18.394+0000] {logging_mixin.py:188} INFO - [2026-06-04T00:51:18.393+0000] {dag.py:3947} INFO - Setting next_dagrun for minio_to_snowflake to 2026-06-04 00:50:00+00:00, run_after=2026-06-04 00:51:00+00:00
[2026-06-04T00:51:18.417+0000] {processor.py:183} INFO - Processing /opt/airflow/dags/minio_to_snowflake.py took 1.170 seconds
[2026-06-04T00:51:48.575+0000] {processor.py:161} INFO - Started process (PID=11530) to work on /opt/airflow/dags/minio_to_snowflake.py
[2026-06-04T00:51:48.577+0000] {processor.py:830} INFO - Processing file /opt/airflow/dags/minio_to_snowflake.py for tasks to queue
[2026-06-04T00:51:48.580+0000] {logging_mixin.py:188} INFO - [2026-06-04T00:51:48.579+0000] {dagbag.py:545} INFO - Filling up the DagBag from /opt/airflow/dags/minio_to_snowflake.py
[2026-06-04T00:51:49.613+0000] {processor.py:840} INFO - DAG(s) 'minio_to_snowflake' retrieved from /opt/airflow/dags/minio_to_snowflake.py
[2026-06-04T00:51:49.654+0000] {logging_mixin.py:188} INFO - [2026-06-04T00:51:49.653+0000] {dag.py:3089} INFO - Sync 1 DAGs
[2026-06-04T00:51:49.690+0000] {logging_mixin.py:188} INFO - [2026-06-04T00:51:49.689+0000] {dag.py:3947} INFO - Setting next_dagrun for minio_to_snowflake to 2026-06-04 00:50:00+00:00, run_after=2026-06-04 00:51:00+00:00
[2026-06-04T00:51:49.709+0000] {processor.py:183} INFO - Processing /opt/airflow/dags/minio_to_snowflake.py took 1.146 seconds
[2026-06-04T00:52:20.013+0000] {processor.py:161} INFO - Started process (PID=11622) to work on /opt/airflow/dags/minio_to_snowflake.py
[2026-06-04T00:52:20.015+0000] {processor.py:830} INFO - Processing file /opt/airflow/dags/minio_to_snowflake.py for tasks to queue
[2026-06-04T00:52:20.018+0000] {logging_mixin.py:188} INFO - [2026-06-04T00:52:20.018+0000] {dagbag.py:545} INFO - Filling up the DagBag from /opt/airflow/dags/minio_to_snowflake.py
[2026-06-04T00:52:21.030+0000] {processor.py:840} INFO - DAG(s) 'minio_to_snowflake' retrieved from /opt/airflow/dags/minio_to_snowflake.py
[2026-06-04T00:52:21.064+0000] {logging_mixin.py:188} INFO - [2026-06-04T00:52:21.064+0000] {dag.py:3089} INFO - Sync 1 DAGs
[2026-06-04T00:52:21.093+0000] {logging_mixin.py:188} INFO - [2026-06-04T00:52:21.093+0000] {dag.py:3947} INFO - Setting next_dagrun for minio_to_snowflake to 2026-06-04 00:51:00+00:00, run_after=2026-06-04 00:52:00+00:00
[2026-06-04T00:52:21.116+0000] {processor.py:183} INFO - Processing /opt/airflow/dags/minio_to_snowflake.py took 1.112 seconds
[2026-06-04T00:52:51.268+0000] {processor.py:161} INFO - Started process (PID=11726) to work on /opt/airflow/dags/minio_to_snowflake.py
[2026-06-04T00:52:51.270+0000] {processor.py:830} INFO - Processing file /opt/airflow/dags/minio_to_snowflake.py for tasks to queue
[2026-06-04T00:52:51.273+0000] {logging_mixin.py:188} INFO - [2026-06-04T00:52:51.273+0000] {dagbag.py:545} INFO - Filling up the DagBag from /opt/airflow/dags/minio_to_snowflake.py
[2026-06-04T00:52:52.309+0000] {processor.py:840} INFO - DAG(s) 'minio_to_snowflake' retrieved from /opt/airflow/dags/minio_to_snowflake.py
[2026-06-04T00:52:52.358+0000] {logging_mixin.py:188} INFO - [2026-06-04T00:52:52.357+0000] {dag.py:3089} INFO - Sync 1 DAGs
[2026-06-04T00:52:52.387+0000] {logging_mixin.py:188} INFO - [2026-06-04T00:52:52.387+0000] {dag.py:3947} INFO - Setting next_dagrun for minio_to_snowflake to 2026-06-04 00:51:00+00:00, run_after=2026-06-04 00:52:00+00:00
[2026-06-04T00:52:52.408+0000] {processor.py:183} INFO - Processing /opt/airflow/dags/minio_to_snowflake.py took 1.149 seconds
[2026-06-04T00:53:22.579+0000] {processor.py:161} INFO - Started process (PID=11829) to work on /opt/airflow/dags/minio_to_snowflake.py
[2026-06-04T00:53:22.580+0000] {processor.py:830} INFO - Processing file /opt/airflow/dags/minio_to_snowflake.py for tasks to queue
[2026-06-04T00:53:22.582+0000] {logging_mixin.py:188} INFO - [2026-06-04T00:53:22.582+0000] {dagbag.py:545} INFO - Filling up the DagBag from /opt/airflow/dags/minio_to_snowflake.py
[2026-06-04T00:53:23.542+0000] {processor.py:840} INFO - DAG(s) 'minio_to_snowflake' retrieved from /opt/airflow/dags/minio_to_snowflake.py
[2026-06-04T00:53:23.576+0000] {logging_mixin.py:188} INFO - [2026-06-04T00:53:23.575+0000] {dag.py:3089} INFO - Sync 1 DAGs
[2026-06-04T00:53:23.600+0000] {logging_mixin.py:188} INFO - [2026-06-04T00:53:23.600+0000] {dag.py:3947} INFO - Setting next_dagrun for minio_to_snowflake to 2026-06-04 00:52:00+00:00, run_after=2026-06-04 00:53:00+00:00
[2026-06-04T00:53:23.621+0000] {processor.py:183} INFO - Processing /opt/airflow/dags/minio_to_snowflake.py took 1.049 seconds
[2026-06-04T00:53:53.888+0000] {processor.py:161} INFO - Started process (PID=11931) to work on /opt/airflow/dags/minio_to_snowflake.py
[2026-06-04T00:53:53.889+0000] {processor.py:830} INFO - Processing file /opt/airflow/dags/minio_to_snowflake.py for tasks to queue
[2026-06-04T00:53:53.891+0000] {logging_mixin.py:188} INFO - [2026-06-04T00:53:53.891+0000] {dagbag.py:545} INFO - Filling up the DagBag from /opt/airflow/dags/minio_to_snowflake.py
[2026-06-04T00:53:54.868+0000] {processor.py:840} INFO - DAG(s) 'minio_to_snowflake' retrieved from /opt/airflow/dags/minio_to_snowflake.py
[2026-06-04T00:53:54.905+0000] {logging_mixin.py:188} INFO - [2026-06-04T00:53:54.904+0000] {dag.py:3089} INFO - Sync 1 DAGs
[2026-06-04T00:53:54.938+0000] {logging_mixin.py:188} INFO - [2026-06-04T00:53:54.937+0000] {dag.py:3947} INFO - Setting next_dagrun for minio_to_snowflake to 2026-06-04 00:52:00+00:00, run_after=2026-06-04 00:53:00+00:00
[2026-06-04T00:53:54.961+0000] {processor.py:183} INFO - Processing /opt/airflow/dags/minio_to_snowflake.py took 1.080 seconds
[2026-06-04T00:54:25.131+0000] {processor.py:161} INFO - Started process (PID=12858) to work on /opt/airflow/dags/minio_to_snowflake.py
[2026-06-04T00:54:25.132+0000] {processor.py:830} INFO - Processing file /opt/airflow/dags/minio_to_snowflake.py for tasks to queue
[2026-06-04T00:54:25.135+0000] {logging_mixin.py:188} INFO - [2026-06-04T00:54:25.134+0000] {dagbag.py:545} INFO - Filling up the DagBag from /opt/airflow/dags/minio_to_snowflake.py
[2026-06-04T00:54:26.188+0000] {processor.py:840} INFO - DAG(s) 'minio_to_snowflake' retrieved from /opt/airflow/dags/minio_to_snowflake.py
[2026-06-04T00:54:26.223+0000] {logging_mixin.py:188} INFO - [2026-06-04T00:54:26.223+0000] {dag.py:3089} INFO - Sync 1 DAGs
[2026-06-04T00:54:26.252+0000] {logging_mixin.py:188} INFO - [2026-06-04T00:54:26.252+0000] {dag.py:3947} INFO - Setting next_dagrun for minio_to_snowflake to 2026-06-04 00:53:00+00:00, run_after=2026-06-04 00:54:00+00:00
[2026-06-04T00:54:26.276+0000] {processor.py:183} INFO - Processing /opt/airflow/dags/minio_to_snowflake.py took 1.153 seconds
[2026-06-04T00:54:56.450+0000] {processor.py:161} INFO - Started process (PID=13197) to work on /opt/airflow/dags/minio_to_snowflake.py
[2026-06-04T00:54:56.452+0000] {processor.py:830} INFO - Processing file /opt/airflow/dags/minio_to_snowflake.py for tasks to queue
[2026-06-04T00:54:56.455+0000] {logging_mixin.py:188} INFO - [2026-06-04T00:54:56.455+0000] {dagbag.py:545} INFO - Filling up the DagBag from /opt/airflow/dags/minio_to_snowflake.py
[2026-06-04T00:54:57.453+0000] {processor.py:840} INFO - DAG(s) 'minio_to_snowflake' retrieved from /opt/airflow/dags/minio_to_snowflake.py
[2026-06-04T00:54:57.484+0000] {logging_mixin.py:188} INFO - [2026-06-04T00:54:57.484+0000] {dag.py:3089} INFO - Sync 1 DAGs
[2026-06-04T00:54:57.514+0000] {logging_mixin.py:188} INFO - [2026-06-04T00:54:57.514+0000] {dag.py:3947} INFO - Setting next_dagrun for minio_to_snowflake to 2026-06-04 00:53:00+00:00, run_after=2026-06-04 00:54:00+00:00
[2026-06-04T00:54:57.536+0000] {processor.py:183} INFO - Processing /opt/airflow/dags/minio_to_snowflake.py took 1.095 seconds
[2026-06-04T00:55:27.738+0000] {processor.py:161} INFO - Started process (PID=13305) to work on /opt/airflow/dags/minio_to_snowflake.py
[2026-06-04T00:55:27.739+0000] {processor.py:830} INFO - Processing file /opt/airflow/dags/minio_to_snowflake.py for tasks to queue
[2026-06-04T00:55:27.741+0000] {logging_mixin.py:188} INFO - [2026-06-04T00:55:27.741+0000] {dagbag.py:545} INFO - Filling up the DagBag from /opt/airflow/dags/minio_to_snowflake.py
[2026-06-04T00:55:28.904+0000] {processor.py:840} INFO - DAG(s) 'minio_to_snowflake' retrieved from /opt/airflow/dags/minio_to_snowflake.py
[2026-06-04T00:55:28.939+0000] {logging_mixin.py:188} INFO - [2026-06-04T00:55:28.937+0000] {dag.py:3089} INFO - Sync 1 DAGs
[2026-06-04T00:55:28.967+0000] {logging_mixin.py:188} INFO - [2026-06-04T00:55:28.967+0000] {dag.py:3947} INFO - Setting next_dagrun for minio_to_snowflake to 2026-06-04 00:54:00+00:00, run_after=2026-06-04 00:55:00+00:00
[2026-06-04T00:55:28.988+0000] {processor.py:183} INFO - Processing /opt/airflow/dags/minio_to_snowflake.py took 1.257 seconds
[2026-06-04T00:55:59.228+0000] {processor.py:161} INFO - Started process (PID=13415) to work on /opt/airflow/dags/minio_to_snowflake.py
[2026-06-04T00:55:59.229+0000] {processor.py:830} INFO - Processing file /opt/airflow/dags/minio_to_snowflake.py for tasks to queue
[2026-06-04T00:55:59.232+0000] {logging_mixin.py:188} INFO - [2026-06-04T00:55:59.232+0000] {dagbag.py:545} INFO - Filling up the DagBag from /opt/airflow/dags/minio_to_snowflake.py
[2026-06-04T00:56:00.388+0000] {processor.py:840} INFO - DAG(s) 'minio_to_snowflake' retrieved from /opt/airflow/dags/minio_to_snowflake.py
[2026-06-04T00:56:00.428+0000] {logging_mixin.py:188} INFO - [2026-06-04T00:56:00.427+0000] {dag.py:3089} INFO - Sync 1 DAGs
[2026-06-04T00:56:00.456+0000] {logging_mixin.py:188} INFO - [2026-06-04T00:56:00.456+0000] {dag.py:3947} INFO - Setting next_dagrun for minio_to_snowflake to 2026-06-04 00:55:00+00:00, run_after=2026-06-04 00:56:00+00:00
[2026-06-04T00:56:00.478+0000] {processor.py:183} INFO - Processing /opt/airflow/dags/minio_to_snowflake.py took 1.257 seconds
[2026-06-04T00:56:30.587+0000] {processor.py:161} INFO - Started process (PID=13528) to work on /opt/airflow/dags/minio_to_snowflake.py
[2026-06-04T00:56:30.600+0000] {processor.py:830} INFO - Processing file /opt/airflow/dags/minio_to_snowflake.py for tasks to queue
[2026-06-04T00:56:30.612+0000] {logging_mixin.py:188} INFO - [2026-06-04T00:56:30.611+0000] {dagbag.py:545} INFO - Filling up the DagBag from /opt/airflow/dags/minio_to_snowflake.py
[2026-06-04T00:56:31.813+0000] {processor.py:840} INFO - DAG(s) 'minio_to_snowflake' retrieved from /opt/airflow/dags/minio_to_snowflake.py
[2026-06-04T00:56:31.854+0000] {logging_mixin.py:188} INFO - [2026-06-04T00:56:31.850+0000] {dag.py:3089} INFO - Sync 1 DAGs
[2026-06-04T00:56:31.889+0000] {logging_mixin.py:188} INFO - [2026-06-04T00:56:31.889+0000] {dag.py:3947} INFO - Setting next_dagrun for minio_to_snowflake to 2026-06-04 00:55:00+00:00, run_after=2026-06-04 00:56:00+00:00
[2026-06-04T00:56:31.915+0000] {processor.py:183} INFO - Processing /opt/airflow/dags/minio_to_snowflake.py took 1.343 seconds
[2026-06-04T00:57:02.155+0000] {processor.py:161} INFO - Started process (PID=13638) to work on /opt/airflow/dags/minio_to_snowflake.py
[2026-06-04T00:57:02.156+0000] {processor.py:830} INFO - Processing file /opt/airflow/dags/minio_to_snowflake.py for tasks to queue
[2026-06-04T00:57:02.159+0000] {logging_mixin.py:188} INFO - [2026-06-04T00:57:02.158+0000] {dagbag.py:545} INFO - Filling up the DagBag from /opt/airflow/dags/minio_to_snowflake.py
[2026-06-04T00:57:03.321+0000] {processor.py:840} INFO - DAG(s) 'minio_to_snowflake' retrieved from /opt/airflow/dags/minio_to_snowflake.py
[2026-06-04T00:57:03.358+0000] {logging_mixin.py:188} INFO - [2026-06-04T00:57:03.357+0000] {dag.py:3089} INFO - Sync 1 DAGs
[2026-06-04T00:57:03.395+0000] {logging_mixin.py:188} INFO - [2026-06-04T00:57:03.395+0000] {dag.py:3947} INFO - Setting next_dagrun for minio_to_snowflake to 2026-06-04 00:56:00+00:00, run_after=2026-06-04 00:57:00+00:00
[2026-06-04T00:57:03.425+0000] {processor.py:183} INFO - Processing /opt/airflow/dags/minio_to_snowflake.py took 1.279 seconds
[2026-06-04T00:57:33.726+0000] {processor.py:161} INFO - Started process (PID=14821) to work on /opt/airflow/dags/minio_to_snowflake.py
[2026-06-04T00:57:33.728+0000] {processor.py:830} INFO - Processing file /opt/airflow/dags/minio_to_snowflake.py for tasks to queue
[2026-06-04T00:57:33.730+0000] {logging_mixin.py:188} INFO - [2026-06-04T00:57:33.730+0000] {dagbag.py:545} INFO - Filling up the DagBag from /opt/airflow/dags/minio_to_snowflake.py
[2026-06-04T00:57:34.671+0000] {processor.py:840} INFO - DAG(s) 'minio_to_snowflake' retrieved from /opt/airflow/dags/minio_to_snowflake.py
[2026-06-04T00:57:34.705+0000] {logging_mixin.py:188} INFO - [2026-06-04T00:57:34.705+0000] {dag.py:3089} INFO - Sync 1 DAGs
[2026-06-04T00:57:34.735+0000] {logging_mixin.py:188} INFO - [2026-06-04T00:57:34.735+0000] {dag.py:3947} INFO - Setting next_dagrun for minio_to_snowflake to 2026-06-04 00:57:00+00:00, run_after=2026-06-04 00:58:00+00:00
[2026-06-04T00:57:34.766+0000] {processor.py:183} INFO - Processing /opt/airflow/dags/minio_to_snowflake.py took 1.048 seconds
[2026-06-04T00:58:04.982+0000] {processor.py:161} INFO - Started process (PID=14919) to work on /opt/airflow/dags/minio_to_snowflake.py
[2026-06-04T00:58:04.984+0000] {processor.py:830} INFO - Processing file /opt/airflow/dags/minio_to_snowflake.py for tasks to queue
[2026-06-04T00:58:04.986+0000] {logging_mixin.py:188} INFO - [2026-06-04T00:58:04.986+0000] {dagbag.py:545} INFO - Filling up the DagBag from /opt/airflow/dags/minio_to_snowflake.py
[2026-06-04T00:58:05.998+0000] {processor.py:840} INFO - DAG(s) 'minio_to_snowflake' retrieved from /opt/airflow/dags/minio_to_snowflake.py
[2026-06-04T00:58:06.030+0000] {logging_mixin.py:188} INFO - [2026-06-04T00:58:06.030+0000] {dag.py:3089} INFO - Sync 1 DAGs
[2026-06-04T00:58:06.060+0000] {logging_mixin.py:188} INFO - [2026-06-04T00:58:06.059+0000] {dag.py:3947} INFO - Setting next_dagrun for minio_to_snowflake to 2026-06-04 00:57:00+00:00, run_after=2026-06-04 00:58:00+00:00
[2026-06-04T00:58:06.081+0000] {processor.py:183} INFO - Processing /opt/airflow/dags/minio_to_snowflake.py took 1.105 seconds
[2026-06-04T00:58:36.210+0000] {processor.py:161} INFO - Started process (PID=15030) to work on /opt/airflow/dags/minio_to_snowflake.py
[2026-06-04T00:58:36.211+0000] {processor.py:830} INFO - Processing file /opt/airflow/dags/minio_to_snowflake.py for tasks to queue
[2026-06-04T00:58:36.214+0000] {logging_mixin.py:188} INFO - [2026-06-04T00:58:36.213+0000] {dagbag.py:545} INFO - Filling up the DagBag from /opt/airflow/dags/minio_to_snowflake.py
[2026-06-04T00:58:37.255+0000] {processor.py:840} INFO - DAG(s) 'minio_to_snowflake' retrieved from /opt/airflow/dags/minio_to_snowflake.py
[2026-06-04T00:58:37.288+0000] {logging_mixin.py:188} INFO - [2026-06-04T00:58:37.288+0000] {dag.py:3089} INFO - Sync 1 DAGs
[2026-06-04T00:58:37.319+0000] {logging_mixin.py:188} INFO - [2026-06-04T00:58:37.318+0000] {dag.py:3947} INFO - Setting next_dagrun for minio_to_snowflake to 2026-06-04 00:57:00+00:00, run_after=2026-06-04 00:58:00+00:00
[2026-06-04T00:58:37.342+0000] {processor.py:183} INFO - Processing /opt/airflow/dags/minio_to_snowflake.py took 1.141 seconds
[2026-06-04T00:59:07.602+0000] {processor.py:161} INFO - Started process (PID=15141) to work on /opt/airflow/dags/minio_to_snowflake.py
[2026-06-04T00:59:07.603+0000] {processor.py:830} INFO - Processing file /opt/airflow/dags/minio_to_snowflake.py for tasks to queue
[2026-06-04T00:59:07.605+0000] {logging_mixin.py:188} INFO - [2026-06-04T00:59:07.605+0000] {dagbag.py:545} INFO - Filling up the DagBag from /opt/airflow/dags/minio_to_snowflake.py
[2026-06-04T00:59:08.624+0000] {processor.py:840} INFO - DAG(s) 'minio_to_snowflake' retrieved from /opt/airflow/dags/minio_to_snowflake.py
[2026-06-04T00:59:08.659+0000] {logging_mixin.py:188} INFO - [2026-06-04T00:59:08.658+0000] {dag.py:3089} INFO - Sync 1 DAGs
[2026-06-04T00:59:08.709+0000] {logging_mixin.py:188} INFO - [2026-06-04T00:59:08.709+0000] {dag.py:3947} INFO - Setting next_dagrun for minio_to_snowflake to 2026-06-04 00:58:00+00:00, run_after=2026-06-04 00:59:00+00:00
[2026-06-04T00:59:08.742+0000] {processor.py:183} INFO - Processing /opt/airflow/dags/minio_to_snowflake.py took 1.147 seconds
[2026-06-04T00:59:38.845+0000] {processor.py:161} INFO - Started process (PID=15252) to work on /opt/airflow/dags/minio_to_snowflake.py
[2026-06-04T00:59:38.848+0000] {processor.py:830} INFO - Processing file /opt/airflow/dags/minio_to_snowflake.py for tasks to queue
[2026-06-04T00:59:38.851+0000] {logging_mixin.py:188} INFO - [2026-06-04T00:59:38.851+0000] {dagbag.py:545} INFO - Filling up the DagBag from /opt/airflow/dags/minio_to_snowflake.py
[2026-06-04T00:59:39.821+0000] {processor.py:840} INFO - DAG(s) 'minio_to_snowflake' retrieved from /opt/airflow/dags/minio_to_snowflake.py
[2026-06-04T00:59:39.853+0000] {logging_mixin.py:188} INFO - [2026-06-04T00:59:39.853+0000] {dag.py:3089} INFO - Sync 1 DAGs
[2026-06-04T00:59:39.879+0000] {logging_mixin.py:188} INFO - [2026-06-04T00:59:39.878+0000] {dag.py:3947} INFO - Setting next_dagrun for minio_to_snowflake to 2026-06-04 00:58:00+00:00, run_after=2026-06-04 00:59:00+00:00
[2026-06-04T00:59:39.898+0000] {processor.py:183} INFO - Processing /opt/airflow/dags/minio_to_snowflake.py took 1.061 seconds
[2026-06-04T01:00:10.097+0000] {processor.py:161} INFO - Started process (PID=15360) to work on /opt/airflow/dags/minio_to_snowflake.py
[2026-06-04T01:00:10.099+0000] {processor.py:830} INFO - Processing file /opt/airflow/dags/minio_to_snowflake.py for tasks to queue
[2026-06-04T01:00:10.101+0000] {logging_mixin.py:188} INFO - [2026-06-04T01:00:10.101+0000] {dagbag.py:545} INFO - Filling up the DagBag from /opt/airflow/dags/minio_to_snowflake.py
[2026-06-04T01:00:11.067+0000] {processor.py:840} INFO - DAG(s) 'minio_to_snowflake' retrieved from /opt/airflow/dags/minio_to_snowflake.py
[2026-06-04T01:00:11.106+0000] {logging_mixin.py:188} INFO - [2026-06-04T01:00:11.106+0000] {dag.py:3089} INFO - Sync 1 DAGs
[2026-06-04T01:00:11.134+0000] {logging_mixin.py:188} INFO - [2026-06-04T01:00:11.134+0000] {dag.py:3947} INFO - Setting next_dagrun for minio_to_snowflake to 2026-06-04 00:59:00+00:00, run_after=2026-06-04 01:00:00+00:00
[2026-06-04T01:00:11.173+0000] {processor.py:183} INFO - Processing /opt/airflow/dags/minio_to_snowflake.py took 1.083 seconds
[2026-06-04T01:00:41.300+0000] {processor.py:161} INFO - Started process (PID=16533) to work on /opt/airflow/dags/minio_to_snowflake.py
[2026-06-04T01:00:41.302+0000] {processor.py:830} INFO - Processing file /opt/airflow/dags/minio_to_snowflake.py for tasks to queue
[2026-06-04T01:00:41.304+0000] {logging_mixin.py:188} INFO - [2026-06-04T01:00:41.304+0000] {dagbag.py:545} INFO - Filling up the DagBag from /opt/airflow/dags/minio_to_snowflake.py
[2026-06-04T01:00:42.235+0000] {processor.py:840} INFO - DAG(s) 'minio_to_snowflake' retrieved from /opt/airflow/dags/minio_to_snowflake.py
[2026-06-04T01:00:42.267+0000] {logging_mixin.py:188} INFO - [2026-06-04T01:00:42.267+0000] {dag.py:3089} INFO - Sync 1 DAGs
[2026-06-04T01:00:42.296+0000] {logging_mixin.py:188} INFO - [2026-06-04T01:00:42.296+0000] {dag.py:3947} INFO - Setting next_dagrun for minio_to_snowflake to 2026-06-04 01:00:00+00:00, run_after=2026-06-04 01:01:00+00:00
[2026-06-04T01:00:42.322+0000] {processor.py:183} INFO - Processing /opt/airflow/dags/minio_to_snowflake.py took 1.029 seconds
[2026-06-04T01:01:12.593+0000] {processor.py:161} INFO - Started process (PID=16636) to work on /opt/airflow/dags/minio_to_snowflake.py
[2026-06-04T01:01:12.594+0000] {processor.py:830} INFO - Processing file /opt/airflow/dags/minio_to_snowflake.py for tasks to queue
[2026-06-04T01:01:12.596+0000] {logging_mixin.py:188} INFO - [2026-06-04T01:01:12.596+0000] {dagbag.py:545} INFO - Filling up the DagBag from /opt/airflow/dags/minio_to_snowflake.py
[2026-06-04T01:01:13.572+0000] {processor.py:840} INFO - DAG(s) 'minio_to_snowflake' retrieved from /opt/airflow/dags/minio_to_snowflake.py
[2026-06-04T01:01:13.609+0000] {logging_mixin.py:188} INFO - [2026-06-04T01:01:13.606+0000] {dag.py:3089} INFO - Sync 1 DAGs
[2026-06-04T01:01:13.641+0000] {logging_mixin.py:188} INFO - [2026-06-04T01:01:13.640+0000] {dag.py:3947} INFO - Setting next_dagrun for minio_to_snowflake to 2026-06-04 01:00:00+00:00, run_after=2026-06-04 01:01:00+00:00
[2026-06-04T01:01:13.662+0000] {processor.py:183} INFO - Processing /opt/airflow/dags/minio_to_snowflake.py took 1.076 seconds
[2026-06-04T01:01:43.899+0000] {processor.py:161} INFO - Started process (PID=16740) to work on /opt/airflow/dags/minio_to_snowflake.py
[2026-06-04T01:01:43.901+0000] {processor.py:830} INFO - Processing file /opt/airflow/dags/minio_to_snowflake.py for tasks to queue
[2026-06-04T01:01:43.903+0000] {logging_mixin.py:188} INFO - [2026-06-04T01:01:43.903+0000] {dagbag.py:545} INFO - Filling up the DagBag from /opt/airflow/dags/minio_to_snowflake.py
[2026-06-04T01:01:45.117+0000] {processor.py:840} INFO - DAG(s) 'minio_to_snowflake' retrieved from /opt/airflow/dags/minio_to_snowflake.py
[2026-06-04T01:01:45.155+0000] {logging_mixin.py:188} INFO - [2026-06-04T01:01:45.152+0000] {dag.py:3089} INFO - Sync 1 DAGs
[2026-06-04T01:01:45.188+0000] {logging_mixin.py:188} INFO - [2026-06-04T01:01:45.187+0000] {dag.py:3947} INFO - Setting next_dagrun for minio_to_snowflake to 2026-06-04 01:00:00+00:00, run_after=2026-06-04 01:01:00+00:00
[2026-06-04T01:01:45.211+0000] {processor.py:183} INFO - Processing /opt/airflow/dags/minio_to_snowflake.py took 1.321 seconds
[2026-06-04T01:02:15.506+0000] {processor.py:161} INFO - Started process (PID=16848) to work on /opt/airflow/dags/minio_to_snowflake.py
[2026-06-04T01:02:15.508+0000] {processor.py:830} INFO - Processing file /opt/airflow/dags/minio_to_snowflake.py for tasks to queue
[2026-06-04T01:02:15.510+0000] {logging_mixin.py:188} INFO - [2026-06-04T01:02:15.510+0000] {dagbag.py:545} INFO - Filling up the DagBag from /opt/airflow/dags/minio_to_snowflake.py
[2026-06-04T01:02:16.486+0000] {processor.py:840} INFO - DAG(s) 'minio_to_snowflake' retrieved from /opt/airflow/dags/minio_to_snowflake.py
[2026-06-04T01:02:16.517+0000] {logging_mixin.py:188} INFO - [2026-06-04T01:02:16.517+0000] {dag.py:3089} INFO - Sync 1 DAGs
[2026-06-04T01:02:16.545+0000] {logging_mixin.py:188} INFO - [2026-06-04T01:02:16.545+0000] {dag.py:3947} INFO - Setting next_dagrun for minio_to_snowflake to 2026-06-04 01:01:00+00:00, run_after=2026-06-04 01:02:00+00:00
[2026-06-04T01:02:16.567+0000] {processor.py:183} INFO - Processing /opt/airflow/dags/minio_to_snowflake.py took 1.071 seconds
[2026-06-04T01:02:46.737+0000] {processor.py:161} INFO - Started process (PID=16923) to work on /opt/airflow/dags/minio_to_snowflake.py
[2026-06-04T01:02:46.738+0000] {processor.py:830} INFO - Processing file /opt/airflow/dags/minio_to_snowflake.py for tasks to queue
[2026-06-04T01:02:46.741+0000] {logging_mixin.py:188} INFO - [2026-06-04T01:02:46.740+0000] {dagbag.py:545} INFO - Filling up the DagBag from /opt/airflow/dags/minio_to_snowflake.py
[2026-06-04T01:02:47.704+0000] {processor.py:840} INFO - DAG(s) 'minio_to_snowflake' retrieved from /opt/airflow/dags/minio_to_snowflake.py
[2026-06-04T01:02:47.739+0000] {logging_mixin.py:188} INFO - [2026-06-04T01:02:47.739+0000] {dag.py:3089} INFO - Sync 1 DAGs
[2026-06-04T01:02:47.766+0000] {logging_mixin.py:188} INFO - [2026-06-04T01:02:47.766+0000] {dag.py:3947} INFO - Setting next_dagrun for minio_to_snowflake to 2026-06-04 01:01:00+00:00, run_after=2026-06-04 01:02:00+00:00
[2026-06-04T01:02:47.788+0000] {processor.py:183} INFO - Processing /opt/airflow/dags/minio_to_snowflake.py took 1.060 seconds
[2026-06-04T01:03:18.059+0000] {processor.py:161} INFO - Started process (PID=16988) to work on /opt/airflow/dags/minio_to_snowflake.py
[2026-06-04T01:03:18.060+0000] {processor.py:830} INFO - Processing file /opt/airflow/dags/minio_to_snowflake.py for tasks to queue
[2026-06-04T01:03:18.063+0000] {logging_mixin.py:188} INFO - [2026-06-04T01:03:18.062+0000] {dagbag.py:545} INFO - Filling up the DagBag from /opt/airflow/dags/minio_to_snowflake.py
[2026-06-04T01:03:19.089+0000] {processor.py:840} INFO - DAG(s) 'minio_to_snowflake' retrieved from /opt/airflow/dags/minio_to_snowflake.py
[2026-06-04T01:03:19.123+0000] {logging_mixin.py:188} INFO - [2026-06-04T01:03:19.122+0000] {dag.py:3089} INFO - Sync 1 DAGs
[2026-06-04T01:03:19.152+0000] {logging_mixin.py:188} INFO - [2026-06-04T01:03:19.151+0000] {dag.py:3947} INFO - Setting next_dagrun for minio_to_snowflake to 2026-06-04 01:02:00+00:00, run_after=2026-06-04 01:03:00+00:00
[2026-06-04T01:03:19.176+0000] {processor.py:183} INFO - Processing /opt/airflow/dags/minio_to_snowflake.py took 1.124 seconds
[2026-06-04T01:03:49.311+0000] {processor.py:161} INFO - Started process (PID=17049) to work on /opt/airflow/dags/minio_to_snowflake.py
[2026-06-04T01:03:49.313+0000] {processor.py:830} INFO - Processing file /opt/airflow/dags/minio_to_snowflake.py for tasks to queue
[2026-06-04T01:03:49.315+0000] {logging_mixin.py:188} INFO - [2026-06-04T01:03:49.315+0000] {dagbag.py:545} INFO - Filling up the DagBag from /opt/airflow/dags/minio_to_snowflake.py
[2026-06-04T01:03:50.262+0000] {processor.py:840} INFO - DAG(s) 'minio_to_snowflake' retrieved from /opt/airflow/dags/minio_to_snowflake.py
[2026-06-04T01:03:50.293+0000] {logging_mixin.py:188} INFO - [2026-06-04T01:03:50.292+0000] {dag.py:3089} INFO - Sync 1 DAGs
[2026-06-04T01:03:50.324+0000] {logging_mixin.py:188} INFO - [2026-06-04T01:03:50.323+0000] {dag.py:3947} INFO - Setting next_dagrun for minio_to_snowflake to 2026-06-04 01:02:00+00:00, run_after=2026-06-04 01:03:00+00:00
[2026-06-04T01:03:50.346+0000] {processor.py:183} INFO - Processing /opt/airflow/dags/minio_to_snowflake.py took 1.046 seconds
[2026-06-04T01:04:20.581+0000] {processor.py:161} INFO - Started process (PID=17106) to work on /opt/airflow/dags/minio_to_snowflake.py
[2026-06-04T01:04:20.582+0000] {processor.py:830} INFO - Processing file /opt/airflow/dags/minio_to_snowflake.py for tasks to queue
[2026-06-04T01:04:20.585+0000] {logging_mixin.py:188} INFO - [2026-06-04T01:04:20.584+0000] {dagbag.py:545} INFO - Filling up the DagBag from /opt/airflow/dags/minio_to_snowflake.py
[2026-06-04T01:04:21.589+0000] {processor.py:840} INFO - DAG(s) 'minio_to_snowflake' retrieved from /opt/airflow/dags/minio_to_snowflake.py
[2026-06-04T01:04:21.622+0000] {logging_mixin.py:188} INFO - [2026-06-04T01:04:21.621+0000] {dag.py:3089} INFO - Sync 1 DAGs
[2026-06-04T01:04:21.649+0000] {logging_mixin.py:188} INFO - [2026-06-04T01:04:21.648+0000] {dag.py:3947} INFO - Setting next_dagrun for minio_to_snowflake to 2026-06-04 01:03:00+00:00, run_after=2026-06-04 01:04:00+00:00
[2026-06-04T01:04:21.671+0000] {processor.py:183} INFO - Processing /opt/airflow/dags/minio_to_snowflake.py took 1.101 seconds
[2026-06-04T01:34:18.578+0000] {processor.py:161} INFO - Started process (PID=18265) to work on /opt/airflow/dags/minio_to_snowflake.py
[2026-06-04T01:34:24.228+0000] {processor.py:830} INFO - Processing file /opt/airflow/dags/minio_to_snowflake.py for tasks to queue
[2026-06-04T01:34:24.309+0000] {logging_mixin.py:188} INFO - [2026-06-04T01:34:24.309+0000] {dagbag.py:545} INFO - Filling up the DagBag from /opt/airflow/dags/minio_to_snowflake.py
[2026-06-04T01:34:31.637+0000] {processor.py:840} INFO - DAG(s) 'minio_to_snowflake' retrieved from /opt/airflow/dags/minio_to_snowflake.py
[2026-06-04T01:34:31.737+0000] {logging_mixin.py:188} INFO - [2026-06-04T01:34:31.737+0000] {dag.py:3089} INFO - Sync 1 DAGs
[2026-06-04T01:34:31.818+0000] {logging_mixin.py:188} INFO - [2026-06-04T01:34:31.817+0000] {dag.py:3947} INFO - Setting next_dagrun for minio_to_snowflake to 2026-06-04 01:33:00+00:00, run_after=2026-06-04 01:34:00+00:00
[2026-06-04T01:34:32.020+0000] {processor.py:183} INFO - Processing /opt/airflow/dags/minio_to_snowflake.py took 13.446 seconds
[2026-06-04T01:35:02.273+0000] {processor.py:161} INFO - Started process (PID=19390) to work on /opt/airflow/dags/minio_to_snowflake.py
[2026-06-04T01:35:02.275+0000] {processor.py:830} INFO - Processing file /opt/airflow/dags/minio_to_snowflake.py for tasks to queue
[2026-06-04T01:35:02.287+0000] {logging_mixin.py:188} INFO - [2026-06-04T01:35:02.287+0000] {dagbag.py:545} INFO - Filling up the DagBag from /opt/airflow/dags/minio_to_snowflake.py
[2026-06-04T01:35:05.342+0000] {processor.py:840} INFO - DAG(s) 'minio_to_snowflake' retrieved from /opt/airflow/dags/minio_to_snowflake.py
[2026-06-04T01:35:05.480+0000] {logging_mixin.py:188} INFO - [2026-06-04T01:35:05.480+0000] {dag.py:3089} INFO - Sync 1 DAGs
[2026-06-04T01:35:05.572+0000] {logging_mixin.py:188} INFO - [2026-06-04T01:35:05.572+0000] {dag.py:3947} INFO - Setting next_dagrun for minio_to_snowflake to 2026-06-04 01:34:00+00:00, run_after=2026-06-04 01:35:00+00:00
[2026-06-04T01:35:05.630+0000] {processor.py:183} INFO - Processing /opt/airflow/dags/minio_to_snowflake.py took 3.378 seconds
[2026-06-04T01:35:35.991+0000] {processor.py:161} INFO - Started process (PID=19425) to work on /opt/airflow/dags/minio_to_snowflake.py
[2026-06-04T01:35:35.993+0000] {processor.py:830} INFO - Processing file /opt/airflow/dags/minio_to_snowflake.py for tasks to queue
[2026-06-04T01:35:35.995+0000] {logging_mixin.py:188} INFO - [2026-06-04T01:35:35.995+0000] {dagbag.py:545} INFO - Filling up the DagBag from /opt/airflow/dags/minio_to_snowflake.py
[2026-06-04T01:35:37.177+0000] {processor.py:840} INFO - DAG(s) 'minio_to_snowflake' retrieved from /opt/airflow/dags/minio_to_snowflake.py
[2026-06-04T01:35:37.214+0000] {logging_mixin.py:188} INFO - [2026-06-04T01:35:37.213+0000] {dag.py:3089} INFO - Sync 1 DAGs
[2026-06-04T01:35:37.241+0000] {logging_mixin.py:188} INFO - [2026-06-04T01:35:37.241+0000] {dag.py:3947} INFO - Setting next_dagrun for minio_to_snowflake to 2026-06-04 01:34:00+00:00, run_after=2026-06-04 01:35:00+00:00
[2026-06-04T01:35:37.264+0000] {processor.py:183} INFO - Processing /opt/airflow/dags/minio_to_snowflake.py took 1.284 seconds
[2026-06-04T01:36:07.589+0000] {processor.py:161} INFO - Started process (PID=19467) to work on /opt/airflow/dags/minio_to_snowflake.py
[2026-06-04T01:36:07.590+0000] {processor.py:830} INFO - Processing file /opt/airflow/dags/minio_to_snowflake.py for tasks to queue
[2026-06-04T01:36:07.593+0000] {logging_mixin.py:188} INFO - [2026-06-04T01:36:07.593+0000] {dagbag.py:545} INFO - Filling up the DagBag from /opt/airflow/dags/minio_to_snowflake.py
[2026-06-04T01:36:08.616+0000] {processor.py:840} INFO - DAG(s) 'minio_to_snowflake' retrieved from /opt/airflow/dags/minio_to_snowflake.py
[2026-06-04T01:36:08.648+0000] {logging_mixin.py:188} INFO - [2026-06-04T01:36:08.647+0000] {dag.py:3089} INFO - Sync 1 DAGs
[2026-06-04T01:36:08.674+0000] {logging_mixin.py:188} INFO - [2026-06-04T01:36:08.674+0000] {dag.py:3947} INFO - Setting next_dagrun for minio_to_snowflake to 2026-06-04 01:35:00+00:00, run_after=2026-06-04 01:36:00+00:00
[2026-06-04T01:36:08.697+0000] {processor.py:183} INFO - Processing /opt/airflow/dags/minio_to_snowflake.py took 1.120 seconds
[2026-06-04T01:36:38.828+0000] {processor.py:161} INFO - Started process (PID=19532) to work on /opt/airflow/dags/minio_to_snowflake.py
[2026-06-04T01:36:38.830+0000] {processor.py:830} INFO - Processing file /opt/airflow/dags/minio_to_snowflake.py for tasks to queue
[2026-06-04T01:36:38.832+0000] {logging_mixin.py:188} INFO - [2026-06-04T01:36:38.832+0000] {dagbag.py:545} INFO - Filling up the DagBag from /opt/airflow/dags/minio_to_snowflake.py
[2026-06-04T01:36:39.894+0000] {processor.py:840} INFO - DAG(s) 'minio_to_snowflake' retrieved from /opt/airflow/dags/minio_to_snowflake.py
[2026-06-04T01:36:39.929+0000] {logging_mixin.py:188} INFO - [2026-06-04T01:36:39.928+0000] {dag.py:3089} INFO - Sync 1 DAGs
[2026-06-04T01:36:39.957+0000] {logging_mixin.py:188} INFO - [2026-06-04T01:36:39.957+0000] {dag.py:3947} INFO - Setting next_dagrun for minio_to_snowflake to 2026-06-04 01:35:00+00:00, run_after=2026-06-04 01:36:00+00:00
[2026-06-04T01:36:39.979+0000] {processor.py:183} INFO - Processing /opt/airflow/dags/minio_to_snowflake.py took 1.160 seconds
[2026-06-04T01:37:10.172+0000] {processor.py:161} INFO - Started process (PID=19611) to work on /opt/airflow/dags/minio_to_snowflake.py
[2026-06-04T01:37:10.173+0000] {processor.py:830} INFO - Processing file /opt/airflow/dags/minio_to_snowflake.py for tasks to queue
[2026-06-04T01:37:10.176+0000] {logging_mixin.py:188} INFO - [2026-06-04T01:37:10.176+0000] {dagbag.py:545} INFO - Filling up the DagBag from /opt/airflow/dags/minio_to_snowflake.py
[2026-06-04T01:37:11.237+0000] {processor.py:840} INFO - DAG(s) 'minio_to_snowflake' retrieved from /opt/airflow/dags/minio_to_snowflake.py
[2026-06-04T01:37:11.275+0000] {logging_mixin.py:188} INFO - [2026-06-04T01:37:11.275+0000] {dag.py:3089} INFO - Sync 1 DAGs
[2026-06-04T01:37:11.313+0000] {logging_mixin.py:188} INFO - [2026-06-04T01:37:11.313+0000] {dag.py:3947} INFO - Setting next_dagrun for minio_to_snowflake to 2026-06-04 01:36:00+00:00, run_after=2026-06-04 01:37:00+00:00
[2026-06-04T01:37:11.339+0000] {processor.py:183} INFO - Processing /opt/airflow/dags/minio_to_snowflake.py took 1.174 seconds
[2026-06-04T01:37:41.440+0000] {processor.py:161} INFO - Started process (PID=19698) to work on /opt/airflow/dags/minio_to_snowflake.py
[2026-06-04T01:37:41.441+0000] {processor.py:830} INFO - Processing file /opt/airflow/dags/minio_to_snowflake.py for tasks to queue
[2026-06-04T01:37:41.443+0000] {logging_mixin.py:188} INFO - [2026-06-04T01:37:41.443+0000] {dagbag.py:545} INFO - Filling up the DagBag from /opt/airflow/dags/minio_to_snowflake.py
[2026-06-04T01:37:42.386+0000] {processor.py:840} INFO - DAG(s) 'minio_to_snowflake' retrieved from /opt/airflow/dags/minio_to_snowflake.py
[2026-06-04T01:37:42.417+0000] {logging_mixin.py:188} INFO - [2026-06-04T01:37:42.416+0000] {dag.py:3089} INFO - Sync 1 DAGs
[2026-06-04T01:37:42.447+0000] {logging_mixin.py:188} INFO - [2026-06-04T01:37:42.446+0000] {dag.py:3947} INFO - Setting next_dagrun for minio_to_snowflake to 2026-06-04 01:36:00+00:00, run_after=2026-06-04 01:37:00+00:00
[2026-06-04T01:37:42.468+0000] {processor.py:183} INFO - Processing /opt/airflow/dags/minio_to_snowflake.py took 1.037 seconds
[2026-06-04T01:38:12.728+0000] {processor.py:161} INFO - Started process (PID=19765) to work on /opt/airflow/dags/minio_to_snowflake.py
[2026-06-04T01:38:12.729+0000] {processor.py:830} INFO - Processing file /opt/airflow/dags/minio_to_snowflake.py for tasks to queue
[2026-06-04T01:38:12.733+0000] {logging_mixin.py:188} INFO - [2026-06-04T01:38:12.733+0000] {dagbag.py:545} INFO - Filling up the DagBag from /opt/airflow/dags/minio_to_snowflake.py
[2026-06-04T01:38:13.753+0000] {processor.py:840} INFO - DAG(s) 'minio_to_snowflake' retrieved from /opt/airflow/dags/minio_to_snowflake.py
[2026-06-04T01:38:13.783+0000] {logging_mixin.py:188} INFO - [2026-06-04T01:38:13.783+0000] {dag.py:3089} INFO - Sync 1 DAGs
[2026-06-04T01:38:13.808+0000] {logging_mixin.py:188} INFO - [2026-06-04T01:38:13.808+0000] {dag.py:3947} INFO - Setting next_dagrun for minio_to_snowflake to 2026-06-04 01:37:00+00:00, run_after=2026-06-04 01:38:00+00:00
[2026-06-04T01:38:13.837+0000] {processor.py:183} INFO - Processing /opt/airflow/dags/minio_to_snowflake.py took 1.118 seconds
[2026-06-04T01:38:43.959+0000] {processor.py:161} INFO - Started process (PID=19831) to work on /opt/airflow/dags/minio_to_snowflake.py
[2026-06-04T01:38:43.960+0000] {processor.py:830} INFO - Processing file /opt/airflow/dags/minio_to_snowflake.py for tasks to queue
[2026-06-04T01:38:43.963+0000] {logging_mixin.py:188} INFO - [2026-06-04T01:38:43.962+0000] {dagbag.py:545} INFO - Filling up the DagBag from /opt/airflow/dags/minio_to_snowflake.py
[2026-06-04T01:38:44.983+0000] {processor.py:840} INFO - DAG(s) 'minio_to_snowflake' retrieved from /opt/airflow/dags/minio_to_snowflake.py
[2026-06-04T01:38:45.013+0000] {logging_mixin.py:188} INFO - [2026-06-04T01:38:45.013+0000] {dag.py:3089} INFO - Sync 1 DAGs
[2026-06-04T01:38:45.041+0000] {logging_mixin.py:188} INFO - [2026-06-04T01:38:45.041+0000] {dag.py:3947} INFO - Setting next_dagrun for minio_to_snowflake to 2026-06-04 01:37:00+00:00, run_after=2026-06-04 01:38:00+00:00
[2026-06-04T01:38:45.061+0000] {processor.py:183} INFO - Processing /opt/airflow/dags/minio_to_snowflake.py took 1.110 seconds
[2026-06-04T01:39:15.260+0000] {processor.py:161} INFO - Started process (PID=19897) to work on /opt/airflow/dags/minio_to_snowflake.py
[2026-06-04T01:39:15.262+0000] {processor.py:830} INFO - Processing file /opt/airflow/dags/minio_to_snowflake.py for tasks to queue
[2026-06-04T01:39:15.265+0000] {logging_mixin.py:188} INFO - [2026-06-04T01:39:15.265+0000] {dagbag.py:545} INFO - Filling up the DagBag from /opt/airflow/dags/minio_to_snowflake.py
[2026-06-04T01:39:16.221+0000] {processor.py:840} INFO - DAG(s) 'minio_to_snowflake' retrieved from /opt/airflow/dags/minio_to_snowflake.py
[2026-06-04T01:39:16.265+0000] {logging_mixin.py:188} INFO - [2026-06-04T01:39:16.264+0000] {dag.py:3089} INFO - Sync 1 DAGs
[2026-06-04T01:39:16.310+0000] {logging_mixin.py:188} INFO - [2026-06-04T01:39:16.310+0000] {dag.py:3947} INFO - Setting next_dagrun for minio_to_snowflake to 2026-06-04 01:38:00+00:00, run_after=2026-06-04 01:39:00+00:00
[2026-06-04T01:39:16.338+0000] {processor.py:183} INFO - Processing /opt/airflow/dags/minio_to_snowflake.py took 1.085 seconds
[2026-06-04T01:39:46.610+0000] {processor.py:161} INFO - Started process (PID=19965) to work on /opt/airflow/dags/minio_to_snowflake.py
[2026-06-04T01:39:46.611+0000] {processor.py:830} INFO - Processing file /opt/airflow/dags/minio_to_snowflake.py for tasks to queue
[2026-06-04T01:39:46.613+0000] {logging_mixin.py:188} INFO - [2026-06-04T01:39:46.613+0000] {dagbag.py:545} INFO - Filling up the DagBag from /opt/airflow/dags/minio_to_snowflake.py
[2026-06-04T01:39:47.576+0000] {processor.py:840} INFO - DAG(s) 'minio_to_snowflake' retrieved from /opt/airflow/dags/minio_to_snowflake.py
[2026-06-04T01:39:47.618+0000] {logging_mixin.py:188} INFO - [2026-06-04T01:39:47.617+0000] {dag.py:3089} INFO - Sync 1 DAGs
[2026-06-04T01:39:47.648+0000] {logging_mixin.py:188} INFO - [2026-06-04T01:39:47.648+0000] {dag.py:3947} INFO - Setting next_dagrun for minio_to_snowflake to 2026-06-04 01:38:00+00:00, run_after=2026-06-04 01:39:00+00:00
[2026-06-04T01:39:47.669+0000] {processor.py:183} INFO - Processing /opt/airflow/dags/minio_to_snowflake.py took 1.066 seconds
[2026-06-04T01:40:17.929+0000] {processor.py:161} INFO - Started process (PID=21269) to work on /opt/airflow/dags/minio_to_snowflake.py
[2026-06-04T01:40:17.933+0000] {processor.py:830} INFO - Processing file /opt/airflow/dags/minio_to_snowflake.py for tasks to queue
[2026-06-04T01:40:17.940+0000] {logging_mixin.py:188} INFO - [2026-06-04T01:40:17.939+0000] {dagbag.py:545} INFO - Filling up the DagBag from /opt/airflow/dags/minio_to_snowflake.py
[2026-06-04T01:40:19.564+0000] {processor.py:840} INFO - DAG(s) 'minio_to_snowflake' retrieved from /opt/airflow/dags/minio_to_snowflake.py
[2026-06-04T01:40:19.615+0000] {logging_mixin.py:188} INFO - [2026-06-04T01:40:19.614+0000] {dag.py:3089} INFO - Sync 1 DAGs
[2026-06-04T01:40:19.667+0000] {logging_mixin.py:188} INFO - [2026-06-04T01:40:19.667+0000] {dag.py:3947} INFO - Setting next_dagrun for minio_to_snowflake to 2026-06-04 01:39:00+00:00, run_after=2026-06-04 01:40:00+00:00
[2026-06-04T01:40:19.698+0000] {processor.py:183} INFO - Processing /opt/airflow/dags/minio_to_snowflake.py took 1.785 seconds
[2026-06-04T01:40:49.999+0000] {processor.py:161} INFO - Started process (PID=22265) to work on /opt/airflow/dags/minio_to_snowflake.py
[2026-06-04T01:40:50.001+0000] {processor.py:830} INFO - Processing file /opt/airflow/dags/minio_to_snowflake.py for tasks to queue
[2026-06-04T01:40:50.007+0000] {logging_mixin.py:188} INFO - [2026-06-04T01:40:50.006+0000] {dagbag.py:545} INFO - Filling up the DagBag from /opt/airflow/dags/minio_to_snowflake.py
[2026-06-04T01:40:51.130+0000] {processor.py:840} INFO - DAG(s) 'minio_to_snowflake' retrieved from /opt/airflow/dags/minio_to_snowflake.py
[2026-06-04T01:40:51.167+0000] {logging_mixin.py:188} INFO - [2026-06-04T01:40:51.166+0000] {dag.py:3089} INFO - Sync 1 DAGs
[2026-06-04T01:40:51.192+0000] {logging_mixin.py:188} INFO - [2026-06-04T01:40:51.192+0000] {dag.py:3947} INFO - Setting next_dagrun for minio_to_snowflake to 2026-06-04 01:39:00+00:00, run_after=2026-06-04 01:40:00+00:00
[2026-06-04T01:40:51.213+0000] {processor.py:183} INFO - Processing /opt/airflow/dags/minio_to_snowflake.py took 1.222 seconds
[2026-06-04T01:41:21.460+0000] {processor.py:161} INFO - Started process (PID=22331) to work on /opt/airflow/dags/minio_to_snowflake.py
[2026-06-04T01:41:21.462+0000] {processor.py:830} INFO - Processing file /opt/airflow/dags/minio_to_snowflake.py for tasks to queue
[2026-06-04T01:41:21.465+0000] {logging_mixin.py:188} INFO - [2026-06-04T01:41:21.465+0000] {dagbag.py:545} INFO - Filling up the DagBag from /opt/airflow/dags/minio_to_snowflake.py
[2026-06-04T01:41:22.520+0000] {processor.py:840} INFO - DAG(s) 'minio_to_snowflake' retrieved from /opt/airflow/dags/minio_to_snowflake.py
[2026-06-04T01:41:22.555+0000] {logging_mixin.py:188} INFO - [2026-06-04T01:41:22.554+0000] {dag.py:3089} INFO - Sync 1 DAGs
[2026-06-04T01:41:22.584+0000] {logging_mixin.py:188} INFO - [2026-06-04T01:41:22.584+0000] {dag.py:3947} INFO - Setting next_dagrun for minio_to_snowflake to 2026-06-04 01:40:00+00:00, run_after=2026-06-04 01:41:00+00:00
[2026-06-04T01:41:22.606+0000] {processor.py:183} INFO - Processing /opt/airflow/dags/minio_to_snowflake.py took 1.154 seconds
[2026-06-04T01:41:52.722+0000] {processor.py:161} INFO - Started process (PID=22400) to work on /opt/airflow/dags/minio_to_snowflake.py
[2026-06-04T01:41:52.724+0000] {processor.py:830} INFO - Processing file /opt/airflow/dags/minio_to_snowflake.py for tasks to queue
[2026-06-04T01:41:52.726+0000] {logging_mixin.py:188} INFO - [2026-06-04T01:41:52.726+0000] {dagbag.py:545} INFO - Filling up the DagBag from /opt/airflow/dags/minio_to_snowflake.py
[2026-06-04T01:41:53.693+0000] {processor.py:840} INFO - DAG(s) 'minio_to_snowflake' retrieved from /opt/airflow/dags/minio_to_snowflake.py
[2026-06-04T01:41:53.722+0000] {logging_mixin.py:188} INFO - [2026-06-04T01:41:53.722+0000] {dag.py:3089} INFO - Sync 1 DAGs
[2026-06-04T01:41:53.752+0000] {logging_mixin.py:188} INFO - [2026-06-04T01:41:53.752+0000] {dag.py:3947} INFO - Setting next_dagrun for minio_to_snowflake to 2026-06-04 01:40:00+00:00, run_after=2026-06-04 01:41:00+00:00
[2026-06-04T01:41:53.774+0000] {processor.py:183} INFO - Processing /opt/airflow/dags/minio_to_snowflake.py took 1.061 seconds
[2026-06-04T01:42:24.079+0000] {processor.py:161} INFO - Started process (PID=22468) to work on /opt/airflow/dags/minio_to_snowflake.py
[2026-06-04T01:42:24.081+0000] {processor.py:830} INFO - Processing file /opt/airflow/dags/minio_to_snowflake.py for tasks to queue
[2026-06-04T01:42:24.084+0000] {logging_mixin.py:188} INFO - [2026-06-04T01:42:24.084+0000] {dagbag.py:545} INFO - Filling up the DagBag from /opt/airflow/dags/minio_to_snowflake.py
[2026-06-04T01:42:25.284+0000] {processor.py:840} INFO - DAG(s) 'minio_to_snowflake' retrieved from /opt/airflow/dags/minio_to_snowflake.py
[2026-06-04T01:42:25.322+0000] {logging_mixin.py:188} INFO - [2026-06-04T01:42:25.320+0000] {dag.py:3089} INFO - Sync 1 DAGs
[2026-06-04T01:42:25.359+0000] {logging_mixin.py:188} INFO - [2026-06-04T01:42:25.359+0000] {dag.py:3947} INFO - Setting next_dagrun for minio_to_snowflake to 2026-06-04 01:41:00+00:00, run_after=2026-06-04 01:42:00+00:00
[2026-06-04T01:42:25.384+0000] {processor.py:183} INFO - Processing /opt/airflow/dags/minio_to_snowflake.py took 1.312 seconds
[2026-06-04T01:42:55.691+0000] {processor.py:161} INFO - Started process (PID=22551) to work on /opt/airflow/dags/minio_to_snowflake.py
[2026-06-04T01:42:55.692+0000] {processor.py:830} INFO - Processing file /opt/airflow/dags/minio_to_snowflake.py for tasks to queue
[2026-06-04T01:42:55.697+0000] {logging_mixin.py:188} INFO - [2026-06-04T01:42:55.696+0000] {dagbag.py:545} INFO - Filling up the DagBag from /opt/airflow/dags/minio_to_snowflake.py
[2026-06-04T01:42:56.761+0000] {processor.py:840} INFO - DAG(s) 'minio_to_snowflake' retrieved from /opt/airflow/dags/minio_to_snowflake.py
[2026-06-04T01:42:56.793+0000] {logging_mixin.py:188} INFO - [2026-06-04T01:42:56.792+0000] {dag.py:3089} INFO - Sync 1 DAGs
[2026-06-04T01:42:56.822+0000] {logging_mixin.py:188} INFO - [2026-06-04T01:42:56.822+0000] {dag.py:3947} INFO - Setting next_dagrun for minio_to_snowflake to 2026-06-04 01:41:00+00:00, run_after=2026-06-04 01:42:00+00:00
[2026-06-04T01:42:56.884+0000] {processor.py:183} INFO - Processing /opt/airflow/dags/minio_to_snowflake.py took 1.205 seconds
[2026-06-04T01:43:27.063+0000] {processor.py:161} INFO - Started process (PID=22620) to work on /opt/airflow/dags/minio_to_snowflake.py
[2026-06-04T01:43:27.066+0000] {processor.py:830} INFO - Processing file /opt/airflow/dags/minio_to_snowflake.py for tasks to queue
[2026-06-04T01:43:27.068+0000] {logging_mixin.py:188} INFO - [2026-06-04T01:43:27.068+0000] {dagbag.py:545} INFO - Filling up the DagBag from /opt/airflow/dags/minio_to_snowflake.py
[2026-06-04T01:43:28.035+0000] {processor.py:840} INFO - DAG(s) 'minio_to_snowflake' retrieved from /opt/airflow/dags/minio_to_snowflake.py
[2026-06-04T01:43:28.070+0000] {logging_mixin.py:188} INFO - [2026-06-04T01:43:28.069+0000] {dag.py:3089} INFO - Sync 1 DAGs
[2026-06-04T01:43:28.098+0000] {logging_mixin.py:188} INFO - [2026-06-04T01:43:28.098+0000] {dag.py:3947} INFO - Setting next_dagrun for minio_to_snowflake to 2026-06-04 01:42:00+00:00, run_after=2026-06-04 01:43:00+00:00
[2026-06-04T01:43:28.119+0000] {processor.py:183} INFO - Processing /opt/airflow/dags/minio_to_snowflake.py took 1.065 seconds
[2026-06-04T01:43:58.501+0000] {processor.py:161} INFO - Started process (PID=22692) to work on /opt/airflow/dags/minio_to_snowflake.py
[2026-06-04T01:43:58.502+0000] {processor.py:830} INFO - Processing file /opt/airflow/dags/minio_to_snowflake.py for tasks to queue
[2026-06-04T01:43:58.508+0000] {logging_mixin.py:188} INFO - [2026-06-04T01:43:58.508+0000] {dagbag.py:545} INFO - Filling up the DagBag from /opt/airflow/dags/minio_to_snowflake.py
[2026-06-04T01:43:59.498+0000] {processor.py:840} INFO - DAG(s) 'minio_to_snowflake' retrieved from /opt/airflow/dags/minio_to_snowflake.py
[2026-06-04T01:43:59.540+0000] {logging_mixin.py:188} INFO - [2026-06-04T01:43:59.539+0000] {dag.py:3089} INFO - Sync 1 DAGs
[2026-06-04T01:43:59.584+0000] {logging_mixin.py:188} INFO - [2026-06-04T01:43:59.584+0000] {dag.py:3947} INFO - Setting next_dagrun for minio_to_snowflake to 2026-06-04 01:42:00+00:00, run_after=2026-06-04 01:43:00+00:00
[2026-06-04T01:43:59.613+0000] {processor.py:183} INFO - Processing /opt/airflow/dags/minio_to_snowflake.py took 1.119 seconds
[2026-06-04T01:44:29.788+0000] {processor.py:161} INFO - Started process (PID=22769) to work on /opt/airflow/dags/minio_to_snowflake.py
[2026-06-04T01:44:29.789+0000] {processor.py:830} INFO - Processing file /opt/airflow/dags/minio_to_snowflake.py for tasks to queue
[2026-06-04T01:44:29.792+0000] {logging_mixin.py:188} INFO - [2026-06-04T01:44:29.792+0000] {dagbag.py:545} INFO - Filling up the DagBag from /opt/airflow/dags/minio_to_snowflake.py
[2026-06-04T01:44:30.754+0000] {processor.py:840} INFO - DAG(s) 'minio_to_snowflake' retrieved from /opt/airflow/dags/minio_to_snowflake.py
[2026-06-04T01:44:30.784+0000] {logging_mixin.py:188} INFO - [2026-06-04T01:44:30.783+0000] {dag.py:3089} INFO - Sync 1 DAGs
[2026-06-04T01:44:30.829+0000] {logging_mixin.py:188} INFO - [2026-06-04T01:44:30.828+0000] {dag.py:3947} INFO - Setting next_dagrun for minio_to_snowflake to 2026-06-04 01:43:00+00:00, run_after=2026-06-04 01:44:00+00:00
[2026-06-04T01:44:30.858+0000] {processor.py:183} INFO - Processing /opt/airflow/dags/minio_to_snowflake.py took 1.079 seconds
[2026-06-04T01:45:01.098+0000] {processor.py:161} INFO - Started process (PID=22834) to work on /opt/airflow/dags/minio_to_snowflake.py
[2026-06-04T01:45:01.100+0000] {processor.py:830} INFO - Processing file /opt/airflow/dags/minio_to_snowflake.py for tasks to queue
[2026-06-04T01:45:01.102+0000] {logging_mixin.py:188} INFO - [2026-06-04T01:45:01.102+0000] {dagbag.py:545} INFO - Filling up the DagBag from /opt/airflow/dags/minio_to_snowflake.py
[2026-06-04T01:45:02.120+0000] {processor.py:840} INFO - DAG(s) 'minio_to_snowflake' retrieved from /opt/airflow/dags/minio_to_snowflake.py
[2026-06-04T01:45:02.154+0000] {logging_mixin.py:188} INFO - [2026-06-04T01:45:02.153+0000] {dag.py:3089} INFO - Sync 1 DAGs
[2026-06-04T01:45:02.188+0000] {logging_mixin.py:188} INFO - [2026-06-04T01:45:02.188+0000] {dag.py:3947} INFO - Setting next_dagrun for minio_to_snowflake to 2026-06-04 01:44:00+00:00, run_after=2026-06-04 01:45:00+00:00
[2026-06-04T01:45:02.214+0000] {processor.py:183} INFO - Processing /opt/airflow/dags/minio_to_snowflake.py took 1.131 seconds
[2026-06-04T01:45:32.891+0000] {processor.py:161} INFO - Started process (PID=22916) to work on /opt/airflow/dags/minio_to_snowflake.py
[2026-06-04T01:45:32.892+0000] {processor.py:830} INFO - Processing file /opt/airflow/dags/minio_to_snowflake.py for tasks to queue
[2026-06-04T01:45:32.895+0000] {logging_mixin.py:188} INFO - [2026-06-04T01:45:32.894+0000] {dagbag.py:545} INFO - Filling up the DagBag from /opt/airflow/dags/minio_to_snowflake.py
[2026-06-04T01:45:33.767+0000] {processor.py:840} INFO - DAG(s) 'minio_to_snowflake' retrieved from /opt/airflow/dags/minio_to_snowflake.py
[2026-06-04T01:45:33.801+0000] {logging_mixin.py:188} INFO - [2026-06-04T01:45:33.800+0000] {dag.py:3089} INFO - Sync 1 DAGs
[2026-06-04T01:45:33.830+0000] {logging_mixin.py:188} INFO - [2026-06-04T01:45:33.830+0000] {dag.py:3947} INFO - Setting next_dagrun for minio_to_snowflake to 2026-06-04 01:44:00+00:00, run_after=2026-06-04 01:45:00+00:00
[2026-06-04T01:45:33.855+0000] {processor.py:183} INFO - Processing /opt/airflow/dags/minio_to_snowflake.py took 0.972 seconds
[2026-06-04T01:46:04.123+0000] {processor.py:161} INFO - Started process (PID=22986) to work on /opt/airflow/dags/minio_to_snowflake.py
[2026-06-04T01:46:04.125+0000] {processor.py:830} INFO - Processing file /opt/airflow/dags/minio_to_snowflake.py for tasks to queue
[2026-06-04T01:46:04.129+0000] {logging_mixin.py:188} INFO - [2026-06-04T01:46:04.128+0000] {dagbag.py:545} INFO - Filling up the DagBag from /opt/airflow/dags/minio_to_snowflake.py
[2026-06-04T01:46:05.610+0000] {processor.py:840} INFO - DAG(s) 'minio_to_snowflake' retrieved from /opt/airflow/dags/minio_to_snowflake.py
[2026-06-04T01:46:05.650+0000] {logging_mixin.py:188} INFO - [2026-06-04T01:46:05.649+0000] {dag.py:3089} INFO - Sync 1 DAGs
[2026-06-04T01:46:05.683+0000] {logging_mixin.py:188} INFO - [2026-06-04T01:46:05.683+0000] {dag.py:3947} INFO - Setting next_dagrun for minio_to_snowflake to 2026-06-04 01:45:00+00:00, run_after=2026-06-04 01:46:00+00:00
[2026-06-04T01:46:05.711+0000] {processor.py:183} INFO - Processing /opt/airflow/dags/minio_to_snowflake.py took 1.595 seconds
[2026-06-04T01:46:36.031+0000] {processor.py:161} INFO - Started process (PID=23065) to work on /opt/airflow/dags/minio_to_snowflake.py
[2026-06-04T01:46:36.033+0000] {processor.py:830} INFO - Processing file /opt/airflow/dags/minio_to_snowflake.py for tasks to queue
[2026-06-04T01:46:36.035+0000] {logging_mixin.py:188} INFO - [2026-06-04T01:46:36.035+0000] {dagbag.py:545} INFO - Filling up the DagBag from /opt/airflow/dags/minio_to_snowflake.py
[2026-06-04T01:46:36.923+0000] {processor.py:840} INFO - DAG(s) 'minio_to_snowflake' retrieved from /opt/airflow/dags/minio_to_snowflake.py
[2026-06-04T01:46:36.960+0000] {logging_mixin.py:188} INFO - [2026-06-04T01:46:36.959+0000] {dag.py:3089} INFO - Sync 1 DAGs
[2026-06-04T01:46:37.001+0000] {logging_mixin.py:188} INFO - [2026-06-04T01:46:37.000+0000] {dag.py:3947} INFO - Setting next_dagrun for minio_to_snowflake to 2026-06-04 01:45:00+00:00, run_after=2026-06-04 01:46:00+00:00
[2026-06-04T01:46:37.045+0000] {processor.py:183} INFO - Processing /opt/airflow/dags/minio_to_snowflake.py took 1.021 seconds
[2026-06-04T01:47:07.299+0000] {processor.py:161} INFO - Started process (PID=23137) to work on /opt/airflow/dags/minio_to_snowflake.py
[2026-06-04T01:47:07.300+0000] {processor.py:830} INFO - Processing file /opt/airflow/dags/minio_to_snowflake.py for tasks to queue
[2026-06-04T01:47:07.304+0000] {logging_mixin.py:188} INFO - [2026-06-04T01:47:07.303+0000] {dagbag.py:545} INFO - Filling up the DagBag from /opt/airflow/dags/minio_to_snowflake.py
[2026-06-04T01:47:09.004+0000] {processor.py:840} INFO - DAG(s) 'minio_to_snowflake' retrieved from /opt/airflow/dags/minio_to_snowflake.py
[2026-06-04T01:47:09.078+0000] {logging_mixin.py:188} INFO - [2026-06-04T01:47:09.077+0000] {dag.py:3089} INFO - Sync 1 DAGs
[2026-06-04T01:47:09.149+0000] {logging_mixin.py:188} INFO - [2026-06-04T01:47:09.149+0000] {dag.py:3947} INFO - Setting next_dagrun for minio_to_snowflake to 2026-06-04 01:46:00+00:00, run_after=2026-06-04 01:47:00+00:00
[2026-06-04T01:47:09.173+0000] {processor.py:183} INFO - Processing /opt/airflow/dags/minio_to_snowflake.py took 1.881 seconds
[2026-06-04T01:47:39.449+0000] {processor.py:161} INFO - Started process (PID=23222) to work on /opt/airflow/dags/minio_to_snowflake.py
[2026-06-04T01:47:39.451+0000] {processor.py:830} INFO - Processing file /opt/airflow/dags/minio_to_snowflake.py for tasks to queue
[2026-06-04T01:47:39.454+0000] {logging_mixin.py:188} INFO - [2026-06-04T01:47:39.454+0000] {dagbag.py:545} INFO - Filling up the DagBag from /opt/airflow/dags/minio_to_snowflake.py
[2026-06-04T01:47:40.356+0000] {processor.py:840} INFO - DAG(s) 'minio_to_snowflake' retrieved from /opt/airflow/dags/minio_to_snowflake.py
[2026-06-04T01:47:40.388+0000] {logging_mixin.py:188} INFO - [2026-06-04T01:47:40.388+0000] {dag.py:3089} INFO - Sync 1 DAGs
[2026-06-04T01:47:40.415+0000] {logging_mixin.py:188} INFO - [2026-06-04T01:47:40.415+0000] {dag.py:3947} INFO - Setting next_dagrun for minio_to_snowflake to 2026-06-04 01:46:00+00:00, run_after=2026-06-04 01:47:00+00:00
[2026-06-04T01:47:40.437+0000] {processor.py:183} INFO - Processing /opt/airflow/dags/minio_to_snowflake.py took 0.997 seconds
[2026-06-04T01:48:10.742+0000] {processor.py:161} INFO - Started process (PID=23294) to work on /opt/airflow/dags/minio_to_snowflake.py
[2026-06-04T01:48:10.743+0000] {processor.py:830} INFO - Processing file /opt/airflow/dags/minio_to_snowflake.py for tasks to queue
[2026-06-04T01:48:10.746+0000] {logging_mixin.py:188} INFO - [2026-06-04T01:48:10.745+0000] {dagbag.py:545} INFO - Filling up the DagBag from /opt/airflow/dags/minio_to_snowflake.py
[2026-06-04T01:48:11.654+0000] {processor.py:840} INFO - DAG(s) 'minio_to_snowflake' retrieved from /opt/airflow/dags/minio_to_snowflake.py
[2026-06-04T01:48:11.692+0000] {logging_mixin.py:188} INFO - [2026-06-04T01:48:11.689+0000] {dag.py:3089} INFO - Sync 1 DAGs
[2026-06-04T01:48:11.719+0000] {logging_mixin.py:188} INFO - [2026-06-04T01:48:11.719+0000] {dag.py:3947} INFO - Setting next_dagrun for minio_to_snowflake to 2026-06-04 01:47:00+00:00, run_after=2026-06-04 01:48:00+00:00
[2026-06-04T01:48:11.740+0000] {processor.py:183} INFO - Processing /opt/airflow/dags/minio_to_snowflake.py took 1.010 seconds
[2026-06-04T01:48:42.039+0000] {processor.py:161} INFO - Started process (PID=23372) to work on /opt/airflow/dags/minio_to_snowflake.py
[2026-06-04T01:48:42.049+0000] {processor.py:830} INFO - Processing file /opt/airflow/dags/minio_to_snowflake.py for tasks to queue
[2026-06-04T01:48:42.055+0000] {logging_mixin.py:188} INFO - [2026-06-04T01:48:42.055+0000] {dagbag.py:545} INFO - Filling up the DagBag from /opt/airflow/dags/minio_to_snowflake.py
[2026-06-04T01:48:43.079+0000] {processor.py:840} INFO - DAG(s) 'minio_to_snowflake' retrieved from /opt/airflow/dags/minio_to_snowflake.py
[2026-06-04T01:48:43.113+0000] {logging_mixin.py:188} INFO - [2026-06-04T01:48:43.113+0000] {dag.py:3089} INFO - Sync 1 DAGs
[2026-06-04T01:48:43.138+0000] {logging_mixin.py:188} INFO - [2026-06-04T01:48:43.138+0000] {dag.py:3947} INFO - Setting next_dagrun for minio_to_snowflake to 2026-06-04 01:47:00+00:00, run_after=2026-06-04 01:48:00+00:00
[2026-06-04T01:48:43.158+0000] {processor.py:183} INFO - Processing /opt/airflow/dags/minio_to_snowflake.py took 1.129 seconds
[2026-06-04T01:49:13.260+0000] {processor.py:161} INFO - Started process (PID=24530) to work on /opt/airflow/dags/minio_to_snowflake.py
[2026-06-04T01:49:13.262+0000] {processor.py:830} INFO - Processing file /opt/airflow/dags/minio_to_snowflake.py for tasks to queue
[2026-06-04T01:49:13.264+0000] {logging_mixin.py:188} INFO - [2026-06-04T01:49:13.263+0000] {dagbag.py:545} INFO - Filling up the DagBag from /opt/airflow/dags/minio_to_snowflake.py
[2026-06-04T01:49:14.599+0000] {processor.py:840} INFO - DAG(s) 'minio_to_snowflake' retrieved from /opt/airflow/dags/minio_to_snowflake.py
[2026-06-04T01:49:14.630+0000] {logging_mixin.py:188} INFO - [2026-06-04T01:49:14.629+0000] {dag.py:3089} INFO - Sync 1 DAGs
[2026-06-04T01:49:14.666+0000] {logging_mixin.py:188} INFO - [2026-06-04T01:49:14.666+0000] {dag.py:3947} INFO - Setting next_dagrun for minio_to_snowflake to 2026-06-04 01:48:00+00:00, run_after=2026-06-04 01:49:00+00:00
[2026-06-04T01:49:14.697+0000] {processor.py:183} INFO - Processing /opt/airflow/dags/minio_to_snowflake.py took 1.444 seconds
[2026-06-04T01:49:45.061+0000] {processor.py:161} INFO - Started process (PID=24603) to work on /opt/airflow/dags/minio_to_snowflake.py
[2026-06-04T01:49:45.063+0000] {processor.py:830} INFO - Processing file /opt/airflow/dags/minio_to_snowflake.py for tasks to queue
[2026-06-04T01:49:45.065+0000] {logging_mixin.py:188} INFO - [2026-06-04T01:49:45.065+0000] {dagbag.py:545} INFO - Filling up the DagBag from /opt/airflow/dags/minio_to_snowflake.py
[2026-06-04T01:49:46.097+0000] {processor.py:840} INFO - DAG(s) 'minio_to_snowflake' retrieved from /opt/airflow/dags/minio_to_snowflake.py
[2026-06-04T01:49:46.133+0000] {logging_mixin.py:188} INFO - [2026-06-04T01:49:46.132+0000] {dag.py:3089} INFO - Sync 1 DAGs
[2026-06-04T01:49:46.161+0000] {logging_mixin.py:188} INFO - [2026-06-04T01:49:46.161+0000] {dag.py:3947} INFO - Setting next_dagrun for minio_to_snowflake to 2026-06-04 01:48:00+00:00, run_after=2026-06-04 01:49:00+00:00
[2026-06-04T01:49:46.183+0000] {processor.py:183} INFO - Processing /opt/airflow/dags/minio_to_snowflake.py took 1.131 seconds
[2026-06-04T01:50:16.270+0000] {processor.py:161} INFO - Started process (PID=24673) to work on /opt/airflow/dags/minio_to_snowflake.py
[2026-06-04T01:50:16.272+0000] {processor.py:830} INFO - Processing file /opt/airflow/dags/minio_to_snowflake.py for tasks to queue
[2026-06-04T01:50:16.274+0000] {logging_mixin.py:188} INFO - [2026-06-04T01:50:16.274+0000] {dagbag.py:545} INFO - Filling up the DagBag from /opt/airflow/dags/minio_to_snowflake.py
[2026-06-04T01:50:17.558+0000] {processor.py:840} INFO - DAG(s) 'minio_to_snowflake' retrieved from /opt/airflow/dags/minio_to_snowflake.py
[2026-06-04T01:50:17.600+0000] {logging_mixin.py:188} INFO - [2026-06-04T01:50:17.590+0000] {dag.py:3089} INFO - Sync 1 DAGs
[2026-06-04T01:50:17.656+0000] {logging_mixin.py:188} INFO - [2026-06-04T01:50:17.656+0000] {dag.py:3947} INFO - Setting next_dagrun for minio_to_snowflake to 2026-06-04 01:49:00+00:00, run_after=2026-06-04 01:50:00+00:00
[2026-06-04T01:50:17.689+0000] {processor.py:183} INFO - Processing /opt/airflow/dags/minio_to_snowflake.py took 1.427 seconds
[2026-06-04T01:50:47.944+0000] {processor.py:161} INFO - Started process (PID=24774) to work on /opt/airflow/dags/minio_to_snowflake.py
[2026-06-04T01:50:47.946+0000] {processor.py:830} INFO - Processing file /opt/airflow/dags/minio_to_snowflake.py for tasks to queue
[2026-06-04T01:50:47.948+0000] {logging_mixin.py:188} INFO - [2026-06-04T01:50:47.948+0000] {dagbag.py:545} INFO - Filling up the DagBag from /opt/airflow/dags/minio_to_snowflake.py
[2026-06-04T01:50:48.890+0000] {processor.py:840} INFO - DAG(s) 'minio_to_snowflake' retrieved from /opt/airflow/dags/minio_to_snowflake.py
[2026-06-04T01:50:48.926+0000] {logging_mixin.py:188} INFO - [2026-06-04T01:50:48.923+0000] {dag.py:3089} INFO - Sync 1 DAGs
[2026-06-04T01:50:48.953+0000] {logging_mixin.py:188} INFO - [2026-06-04T01:50:48.953+0000] {dag.py:3947} INFO - Setting next_dagrun for minio_to_snowflake to 2026-06-04 01:49:00+00:00, run_after=2026-06-04 01:50:00+00:00
[2026-06-04T01:50:48.973+0000] {processor.py:183} INFO - Processing /opt/airflow/dags/minio_to_snowflake.py took 1.042 seconds
[2026-06-04T01:51:19.184+0000] {processor.py:161} INFO - Started process (PID=24847) to work on /opt/airflow/dags/minio_to_snowflake.py
[2026-06-04T01:51:19.185+0000] {processor.py:830} INFO - Processing file /opt/airflow/dags/minio_to_snowflake.py for tasks to queue
[2026-06-04T01:51:19.188+0000] {logging_mixin.py:188} INFO - [2026-06-04T01:51:19.187+0000] {dagbag.py:545} INFO - Filling up the DagBag from /opt/airflow/dags/minio_to_snowflake.py
[2026-06-04T01:51:20.381+0000] {processor.py:840} INFO - DAG(s) 'minio_to_snowflake' retrieved from /opt/airflow/dags/minio_to_snowflake.py
[2026-06-04T01:51:20.436+0000] {logging_mixin.py:188} INFO - [2026-06-04T01:51:20.435+0000] {dag.py:3089} INFO - Sync 1 DAGs
[2026-06-04T01:51:20.482+0000] {logging_mixin.py:188} INFO - [2026-06-04T01:51:20.482+0000] {dag.py:3947} INFO - Setting next_dagrun for minio_to_snowflake to 2026-06-04 01:50:00+00:00, run_after=2026-06-04 01:51:00+00:00
[2026-06-04T01:51:20.517+0000] {processor.py:183} INFO - Processing /opt/airflow/dags/minio_to_snowflake.py took 1.341 seconds
[2026-06-04T01:51:50.811+0000] {processor.py:161} INFO - Started process (PID=24906) to work on /opt/airflow/dags/minio_to_snowflake.py
[2026-06-04T01:51:50.813+0000] {processor.py:830} INFO - Processing file /opt/airflow/dags/minio_to_snowflake.py for tasks to queue
[2026-06-04T01:51:50.818+0000] {logging_mixin.py:188} INFO - [2026-06-04T01:51:50.816+0000] {dagbag.py:545} INFO - Filling up the DagBag from /opt/airflow/dags/minio_to_snowflake.py
[2026-06-04T01:51:51.762+0000] {processor.py:840} INFO - DAG(s) 'minio_to_snowflake' retrieved from /opt/airflow/dags/minio_to_snowflake.py
[2026-06-04T01:51:51.796+0000] {logging_mixin.py:188} INFO - [2026-06-04T01:51:51.795+0000] {dag.py:3089} INFO - Sync 1 DAGs
[2026-06-04T01:51:51.824+0000] {logging_mixin.py:188} INFO - [2026-06-04T01:51:51.824+0000] {dag.py:3947} INFO - Setting next_dagrun for minio_to_snowflake to 2026-06-04 01:50:00+00:00, run_after=2026-06-04 01:51:00+00:00
[2026-06-04T01:51:51.848+0000] {processor.py:183} INFO - Processing /opt/airflow/dags/minio_to_snowflake.py took 1.046 seconds
[2026-06-04T01:52:22.062+0000] {processor.py:161} INFO - Started process (PID=24971) to work on /opt/airflow/dags/minio_to_snowflake.py
[2026-06-04T01:52:22.064+0000] {processor.py:830} INFO - Processing file /opt/airflow/dags/minio_to_snowflake.py for tasks to queue
[2026-06-04T01:52:22.067+0000] {logging_mixin.py:188} INFO - [2026-06-04T01:52:22.067+0000] {dagbag.py:545} INFO - Filling up the DagBag from /opt/airflow/dags/minio_to_snowflake.py
[2026-06-04T01:52:22.959+0000] {processor.py:840} INFO - DAG(s) 'minio_to_snowflake' retrieved from /opt/airflow/dags/minio_to_snowflake.py
[2026-06-04T01:52:22.992+0000] {logging_mixin.py:188} INFO - [2026-06-04T01:52:22.991+0000] {dag.py:3089} INFO - Sync 1 DAGs
[2026-06-04T01:52:23.020+0000] {logging_mixin.py:188} INFO - [2026-06-04T01:52:23.020+0000] {dag.py:3947} INFO - Setting next_dagrun for minio_to_snowflake to 2026-06-04 01:51:00+00:00, run_after=2026-06-04 01:52:00+00:00
[2026-06-04T01:52:23.044+0000] {processor.py:183} INFO - Processing /opt/airflow/dags/minio_to_snowflake.py took 0.990 seconds
[2026-06-04T01:52:53.357+0000] {processor.py:161} INFO - Started process (PID=25033) to work on /opt/airflow/dags/minio_to_snowflake.py
[2026-06-04T01:52:53.359+0000] {processor.py:830} INFO - Processing file /opt/airflow/dags/minio_to_snowflake.py for tasks to queue
[2026-06-04T01:52:53.363+0000] {logging_mixin.py:188} INFO - [2026-06-04T01:52:53.362+0000] {dagbag.py:545} INFO - Filling up the DagBag from /opt/airflow/dags/minio_to_snowflake.py
[2026-06-04T01:52:54.311+0000] {processor.py:840} INFO - DAG(s) 'minio_to_snowflake' retrieved from /opt/airflow/dags/minio_to_snowflake.py
[2026-06-04T01:52:54.348+0000] {logging_mixin.py:188} INFO - [2026-06-04T01:52:54.348+0000] {dag.py:3089} INFO - Sync 1 DAGs
[2026-06-04T01:52:54.379+0000] {logging_mixin.py:188} INFO - [2026-06-04T01:52:54.378+0000] {dag.py:3947} INFO - Setting next_dagrun for minio_to_snowflake to 2026-06-04 01:51:00+00:00, run_after=2026-06-04 01:52:00+00:00
[2026-06-04T01:52:54.399+0000] {processor.py:183} INFO - Processing /opt/airflow/dags/minio_to_snowflake.py took 1.051 seconds
[2026-06-04T01:53:24.643+0000] {processor.py:161} INFO - Started process (PID=25099) to work on /opt/airflow/dags/minio_to_snowflake.py
[2026-06-04T01:53:24.645+0000] {processor.py:830} INFO - Processing file /opt/airflow/dags/minio_to_snowflake.py for tasks to queue
[2026-06-04T01:53:24.649+0000] {logging_mixin.py:188} INFO - [2026-06-04T01:53:24.649+0000] {dagbag.py:545} INFO - Filling up the DagBag from /opt/airflow/dags/minio_to_snowflake.py
[2026-06-04T01:53:25.764+0000] {processor.py:840} INFO - DAG(s) 'minio_to_snowflake' retrieved from /opt/airflow/dags/minio_to_snowflake.py
[2026-06-04T01:53:25.796+0000] {logging_mixin.py:188} INFO - [2026-06-04T01:53:25.795+0000] {dag.py:3089} INFO - Sync 1 DAGs
[2026-06-04T01:53:25.826+0000] {logging_mixin.py:188} INFO - [2026-06-04T01:53:25.826+0000] {dag.py:3947} INFO - Setting next_dagrun for minio_to_snowflake to 2026-06-04 01:52:00+00:00, run_after=2026-06-04 01:53:00+00:00
[2026-06-04T01:53:25.851+0000] {processor.py:183} INFO - Processing /opt/airflow/dags/minio_to_snowflake.py took 1.215 seconds
[2026-06-04T01:53:56.117+0000] {processor.py:161} INFO - Started process (PID=25163) to work on /opt/airflow/dags/minio_to_snowflake.py
[2026-06-04T01:53:56.119+0000] {processor.py:830} INFO - Processing file /opt/airflow/dags/minio_to_snowflake.py for tasks to queue
[2026-06-04T01:53:56.121+0000] {logging_mixin.py:188} INFO - [2026-06-04T01:53:56.120+0000] {dagbag.py:545} INFO - Filling up the DagBag from /opt/airflow/dags/minio_to_snowflake.py
[2026-06-04T01:53:57.049+0000] {processor.py:840} INFO - DAG(s) 'minio_to_snowflake' retrieved from /opt/airflow/dags/minio_to_snowflake.py
[2026-06-04T01:53:57.080+0000] {logging_mixin.py:188} INFO - [2026-06-04T01:53:57.079+0000] {dag.py:3089} INFO - Sync 1 DAGs
[2026-06-04T01:53:57.106+0000] {logging_mixin.py:188} INFO - [2026-06-04T01:53:57.106+0000] {dag.py:3947} INFO - Setting next_dagrun for minio_to_snowflake to 2026-06-04 01:52:00+00:00, run_after=2026-06-04 01:53:00+00:00
[2026-06-04T01:53:57.128+0000] {processor.py:183} INFO - Processing /opt/airflow/dags/minio_to_snowflake.py took 1.018 seconds
[2026-06-04T01:54:27.453+0000] {processor.py:161} INFO - Started process (PID=25227) to work on /opt/airflow/dags/minio_to_snowflake.py
[2026-06-04T01:54:27.454+0000] {processor.py:830} INFO - Processing file /opt/airflow/dags/minio_to_snowflake.py for tasks to queue
[2026-06-04T01:54:27.457+0000] {logging_mixin.py:188} INFO - [2026-06-04T01:54:27.457+0000] {dagbag.py:545} INFO - Filling up the DagBag from /opt/airflow/dags/minio_to_snowflake.py
[2026-06-04T01:54:28.448+0000] {processor.py:840} INFO - DAG(s) 'minio_to_snowflake' retrieved from /opt/airflow/dags/minio_to_snowflake.py
[2026-06-04T01:54:28.481+0000] {logging_mixin.py:188} INFO - [2026-06-04T01:54:28.480+0000] {dag.py:3089} INFO - Sync 1 DAGs
[2026-06-04T01:54:28.509+0000] {logging_mixin.py:188} INFO - [2026-06-04T01:54:28.509+0000] {dag.py:3947} INFO - Setting next_dagrun for minio_to_snowflake to 2026-06-04 01:53:00+00:00, run_after=2026-06-04 01:54:00+00:00
[2026-06-04T01:54:28.531+0000] {processor.py:183} INFO - Processing /opt/airflow/dags/minio_to_snowflake.py took 1.086 seconds
[2026-06-04T01:54:58.697+0000] {processor.py:161} INFO - Started process (PID=25330) to work on /opt/airflow/dags/minio_to_snowflake.py
[2026-06-04T01:54:58.698+0000] {processor.py:830} INFO - Processing file /opt/airflow/dags/minio_to_snowflake.py for tasks to queue
[2026-06-04T01:54:58.701+0000] {logging_mixin.py:188} INFO - [2026-06-04T01:54:58.700+0000] {dagbag.py:545} INFO - Filling up the DagBag from /opt/airflow/dags/minio_to_snowflake.py
[2026-06-04T01:54:59.694+0000] {processor.py:840} INFO - DAG(s) 'minio_to_snowflake' retrieved from /opt/airflow/dags/minio_to_snowflake.py
[2026-06-04T01:54:59.723+0000] {logging_mixin.py:188} INFO - [2026-06-04T01:54:59.723+0000] {dag.py:3089} INFO - Sync 1 DAGs
[2026-06-04T01:54:59.749+0000] {logging_mixin.py:188} INFO - [2026-06-04T01:54:59.749+0000] {dag.py:3947} INFO - Setting next_dagrun for minio_to_snowflake to 2026-06-04 01:53:00+00:00, run_after=2026-06-04 01:54:00+00:00
[2026-06-04T01:54:59.769+0000] {processor.py:183} INFO - Processing /opt/airflow/dags/minio_to_snowflake.py took 1.080 seconds
[2026-06-04T01:55:30.017+0000] {processor.py:161} INFO - Started process (PID=25420) to work on /opt/airflow/dags/minio_to_snowflake.py
[2026-06-04T01:55:30.019+0000] {processor.py:830} INFO - Processing file /opt/airflow/dags/minio_to_snowflake.py for tasks to queue
[2026-06-04T01:55:30.021+0000] {logging_mixin.py:188} INFO - [2026-06-04T01:55:30.021+0000] {dagbag.py:545} INFO - Filling up the DagBag from /opt/airflow/dags/minio_to_snowflake.py
[2026-06-04T01:55:30.903+0000] {processor.py:840} INFO - DAG(s) 'minio_to_snowflake' retrieved from /opt/airflow/dags/minio_to_snowflake.py
[2026-06-04T01:55:30.933+0000] {logging_mixin.py:188} INFO - [2026-06-04T01:55:30.933+0000] {dag.py:3089} INFO - Sync 1 DAGs
[2026-06-04T01:55:30.957+0000] {logging_mixin.py:188} INFO - [2026-06-04T01:55:30.956+0000] {dag.py:3947} INFO - Setting next_dagrun for minio_to_snowflake to 2026-06-04 01:54:00+00:00, run_after=2026-06-04 01:55:00+00:00
[2026-06-04T01:55:30.978+0000] {processor.py:183} INFO - Processing /opt/airflow/dags/minio_to_snowflake.py took 0.968 seconds
[2026-06-04T01:56:01.306+0000] {processor.py:161} INFO - Started process (PID=25481) to work on /opt/airflow/dags/minio_to_snowflake.py
[2026-06-04T01:56:01.308+0000] {processor.py:830} INFO - Processing file /opt/airflow/dags/minio_to_snowflake.py for tasks to queue
[2026-06-04T01:56:01.311+0000] {logging_mixin.py:188} INFO - [2026-06-04T01:56:01.310+0000] {dagbag.py:545} INFO - Filling up the DagBag from /opt/airflow/dags/minio_to_snowflake.py
[2026-06-04T01:56:02.233+0000] {processor.py:840} INFO - DAG(s) 'minio_to_snowflake' retrieved from /opt/airflow/dags/minio_to_snowflake.py
[2026-06-04T01:56:02.268+0000] {logging_mixin.py:188} INFO - [2026-06-04T01:56:02.267+0000] {dag.py:3089} INFO - Sync 1 DAGs
[2026-06-04T01:56:02.310+0000] {logging_mixin.py:188} INFO - [2026-06-04T01:56:02.309+0000] {dag.py:3947} INFO - Setting next_dagrun for minio_to_snowflake to 2026-06-04 01:55:00+00:00, run_after=2026-06-04 01:56:00+00:00
[2026-06-04T01:56:02.331+0000] {processor.py:183} INFO - Processing /opt/airflow/dags/minio_to_snowflake.py took 1.033 seconds
[2026-06-04T01:56:32.572+0000] {processor.py:161} INFO - Started process (PID=25552) to work on /opt/airflow/dags/minio_to_snowflake.py
[2026-06-04T01:56:32.573+0000] {processor.py:830} INFO - Processing file /opt/airflow/dags/minio_to_snowflake.py for tasks to queue
[2026-06-04T01:56:32.576+0000] {logging_mixin.py:188} INFO - [2026-06-04T01:56:32.576+0000] {dagbag.py:545} INFO - Filling up the DagBag from /opt/airflow/dags/minio_to_snowflake.py
[2026-06-04T01:56:33.496+0000] {processor.py:840} INFO - DAG(s) 'minio_to_snowflake' retrieved from /opt/airflow/dags/minio_to_snowflake.py
[2026-06-04T01:56:33.530+0000] {logging_mixin.py:188} INFO - [2026-06-04T01:56:33.528+0000] {dag.py:3089} INFO - Sync 1 DAGs
[2026-06-04T01:56:33.555+0000] {logging_mixin.py:188} INFO - [2026-06-04T01:56:33.554+0000] {dag.py:3947} INFO - Setting next_dagrun for minio_to_snowflake to 2026-06-04 01:55:00+00:00, run_after=2026-06-04 01:56:00+00:00
[2026-06-04T01:56:33.578+0000] {processor.py:183} INFO - Processing /opt/airflow/dags/minio_to_snowflake.py took 1.014 seconds
[2026-06-04T01:57:03.829+0000] {processor.py:161} INFO - Started process (PID=25626) to work on /opt/airflow/dags/minio_to_snowflake.py
[2026-06-04T01:57:03.830+0000] {processor.py:830} INFO - Processing file /opt/airflow/dags/minio_to_snowflake.py for tasks to queue
[2026-06-04T01:57:03.833+0000] {logging_mixin.py:188} INFO - [2026-06-04T01:57:03.832+0000] {dagbag.py:545} INFO - Filling up the DagBag from /opt/airflow/dags/minio_to_snowflake.py
[2026-06-04T01:57:04.717+0000] {processor.py:840} INFO - DAG(s) 'minio_to_snowflake' retrieved from /opt/airflow/dags/minio_to_snowflake.py
[2026-06-04T01:57:04.750+0000] {logging_mixin.py:188} INFO - [2026-06-04T01:57:04.750+0000] {dag.py:3089} INFO - Sync 1 DAGs
[2026-06-04T01:57:04.774+0000] {logging_mixin.py:188} INFO - [2026-06-04T01:57:04.774+0000] {dag.py:3947} INFO - Setting next_dagrun for minio_to_snowflake to 2026-06-04 01:56:00+00:00, run_after=2026-06-04 01:57:00+00:00
[2026-06-04T01:57:04.795+0000] {processor.py:183} INFO - Processing /opt/airflow/dags/minio_to_snowflake.py took 0.973 seconds
[2026-06-04T01:57:35.053+0000] {processor.py:161} INFO - Started process (PID=25693) to work on /opt/airflow/dags/minio_to_snowflake.py
[2026-06-04T01:57:35.055+0000] {processor.py:830} INFO - Processing file /opt/airflow/dags/minio_to_snowflake.py for tasks to queue
[2026-06-04T01:57:35.057+0000] {logging_mixin.py:188} INFO - [2026-06-04T01:57:35.057+0000] {dagbag.py:545} INFO - Filling up the DagBag from /opt/airflow/dags/minio_to_snowflake.py
[2026-06-04T01:57:36.293+0000] {processor.py:840} INFO - DAG(s) 'minio_to_snowflake' retrieved from /opt/airflow/dags/minio_to_snowflake.py
[2026-06-04T01:57:36.334+0000] {logging_mixin.py:188} INFO - [2026-06-04T01:57:36.333+0000] {dag.py:3089} INFO - Sync 1 DAGs
[2026-06-04T01:57:36.368+0000] {logging_mixin.py:188} INFO - [2026-06-04T01:57:36.368+0000] {dag.py:3947} INFO - Setting next_dagrun for minio_to_snowflake to 2026-06-04 01:56:00+00:00, run_after=2026-06-04 01:57:00+00:00
[2026-06-04T01:57:36.393+0000] {processor.py:183} INFO - Processing /opt/airflow/dags/minio_to_snowflake.py took 1.348 seconds
[2026-06-04T01:58:06.732+0000] {processor.py:161} INFO - Started process (PID=26855) to work on /opt/airflow/dags/minio_to_snowflake.py
[2026-06-04T01:58:06.734+0000] {processor.py:830} INFO - Processing file /opt/airflow/dags/minio_to_snowflake.py for tasks to queue
[2026-06-04T01:58:06.736+0000] {logging_mixin.py:188} INFO - [2026-06-04T01:58:06.736+0000] {dagbag.py:545} INFO - Filling up the DagBag from /opt/airflow/dags/minio_to_snowflake.py
[2026-06-04T01:58:07.776+0000] {processor.py:840} INFO - DAG(s) 'minio_to_snowflake' retrieved from /opt/airflow/dags/minio_to_snowflake.py
[2026-06-04T01:58:07.820+0000] {logging_mixin.py:188} INFO - [2026-06-04T01:58:07.820+0000] {dag.py:3089} INFO - Sync 1 DAGs
[2026-06-04T01:58:07.854+0000] {logging_mixin.py:188} INFO - [2026-06-04T01:58:07.854+0000] {dag.py:3947} INFO - Setting next_dagrun for minio_to_snowflake to 2026-06-04 01:57:00+00:00, run_after=2026-06-04 01:58:00+00:00
[2026-06-04T01:58:07.878+0000] {processor.py:183} INFO - Processing /opt/airflow/dags/minio_to_snowflake.py took 1.155 seconds
[2026-06-04T01:58:37.966+0000] {processor.py:161} INFO - Started process (PID=26931) to work on /opt/airflow/dags/minio_to_snowflake.py
[2026-06-04T01:58:37.967+0000] {processor.py:830} INFO - Processing file /opt/airflow/dags/minio_to_snowflake.py for tasks to queue
[2026-06-04T01:58:37.969+0000] {logging_mixin.py:188} INFO - [2026-06-04T01:58:37.969+0000] {dagbag.py:545} INFO - Filling up the DagBag from /opt/airflow/dags/minio_to_snowflake.py
[2026-06-04T01:58:38.954+0000] {processor.py:840} INFO - DAG(s) 'minio_to_snowflake' retrieved from /opt/airflow/dags/minio_to_snowflake.py
[2026-06-04T01:58:38.988+0000] {logging_mixin.py:188} INFO - [2026-06-04T01:58:38.987+0000] {dag.py:3089} INFO - Sync 1 DAGs
[2026-06-04T01:58:39.016+0000] {logging_mixin.py:188} INFO - [2026-06-04T01:58:39.016+0000] {dag.py:3947} INFO - Setting next_dagrun for minio_to_snowflake to 2026-06-04 01:57:00+00:00, run_after=2026-06-04 01:58:00+00:00
[2026-06-04T01:58:39.038+0000] {processor.py:183} INFO - Processing /opt/airflow/dags/minio_to_snowflake.py took 1.080 seconds
[2026-06-04T01:59:09.195+0000] {processor.py:161} INFO - Started process (PID=27009) to work on /opt/airflow/dags/minio_to_snowflake.py
[2026-06-04T01:59:09.197+0000] {processor.py:830} INFO - Processing file /opt/airflow/dags/minio_to_snowflake.py for tasks to queue
[2026-06-04T01:59:09.200+0000] {logging_mixin.py:188} INFO - [2026-06-04T01:59:09.200+0000] {dagbag.py:545} INFO - Filling up the DagBag from /opt/airflow/dags/minio_to_snowflake.py
[2026-06-04T01:59:10.372+0000] {processor.py:840} INFO - DAG(s) 'minio_to_snowflake' retrieved from /opt/airflow/dags/minio_to_snowflake.py
[2026-06-04T01:59:10.406+0000] {logging_mixin.py:188} INFO - [2026-06-04T01:59:10.405+0000] {dag.py:3089} INFO - Sync 1 DAGs
[2026-06-04T01:59:10.437+0000] {logging_mixin.py:188} INFO - [2026-06-04T01:59:10.436+0000] {dag.py:3947} INFO - Setting next_dagrun for minio_to_snowflake to 2026-06-04 01:58:00+00:00, run_after=2026-06-04 01:59:00+00:00
[2026-06-04T01:59:10.462+0000] {processor.py:183} INFO - Processing /opt/airflow/dags/minio_to_snowflake.py took 1.274 seconds
[2026-06-04T01:59:40.585+0000] {processor.py:161} INFO - Started process (PID=27093) to work on /opt/airflow/dags/minio_to_snowflake.py
[2026-06-04T01:59:40.587+0000] {processor.py:830} INFO - Processing file /opt/airflow/dags/minio_to_snowflake.py for tasks to queue
[2026-06-04T01:59:40.590+0000] {logging_mixin.py:188} INFO - [2026-06-04T01:59:40.589+0000] {dagbag.py:545} INFO - Filling up the DagBag from /opt/airflow/dags/minio_to_snowflake.py
[2026-06-04T01:59:41.554+0000] {processor.py:840} INFO - DAG(s) 'minio_to_snowflake' retrieved from /opt/airflow/dags/minio_to_snowflake.py
[2026-06-04T01:59:41.590+0000] {logging_mixin.py:188} INFO - [2026-06-04T01:59:41.589+0000] {dag.py:3089} INFO - Sync 1 DAGs
[2026-06-04T01:59:41.620+0000] {logging_mixin.py:188} INFO - [2026-06-04T01:59:41.620+0000] {dag.py:3947} INFO - Setting next_dagrun for minio_to_snowflake to 2026-06-04 01:58:00+00:00, run_after=2026-06-04 01:59:00+00:00
[2026-06-04T01:59:41.644+0000] {processor.py:183} INFO - Processing /opt/airflow/dags/minio_to_snowflake.py took 1.069 seconds
[2026-06-04T02:00:11.833+0000] {processor.py:161} INFO - Started process (PID=27175) to work on /opt/airflow/dags/minio_to_snowflake.py
[2026-06-04T02:00:11.834+0000] {processor.py:830} INFO - Processing file /opt/airflow/dags/minio_to_snowflake.py for tasks to queue
[2026-06-04T02:00:11.837+0000] {logging_mixin.py:188} INFO - [2026-06-04T02:00:11.837+0000] {dagbag.py:545} INFO - Filling up the DagBag from /opt/airflow/dags/minio_to_snowflake.py
[2026-06-04T02:00:12.818+0000] {processor.py:840} INFO - DAG(s) 'minio_to_snowflake' retrieved from /opt/airflow/dags/minio_to_snowflake.py
[2026-06-04T02:00:12.853+0000] {logging_mixin.py:188} INFO - [2026-06-04T02:00:12.852+0000] {dag.py:3089} INFO - Sync 1 DAGs
[2026-06-04T02:00:12.910+0000] {logging_mixin.py:188} INFO - [2026-06-04T02:00:12.909+0000] {dag.py:3947} INFO - Setting next_dagrun for minio_to_snowflake to 2026-06-04 01:59:00+00:00, run_after=2026-06-04 02:00:00+00:00
[2026-06-04T02:00:12.974+0000] {processor.py:183} INFO - Processing /opt/airflow/dags/minio_to_snowflake.py took 1.155 seconds
[2026-06-04T02:00:43.089+0000] {processor.py:161} INFO - Started process (PID=27250) to work on /opt/airflow/dags/minio_to_snowflake.py
[2026-06-04T02:00:43.090+0000] {processor.py:830} INFO - Processing file /opt/airflow/dags/minio_to_snowflake.py for tasks to queue
[2026-06-04T02:00:43.096+0000] {logging_mixin.py:188} INFO - [2026-06-04T02:00:43.095+0000] {dagbag.py:545} INFO - Filling up the DagBag from /opt/airflow/dags/minio_to_snowflake.py
[2026-06-04T02:00:44.011+0000] {processor.py:840} INFO - DAG(s) 'minio_to_snowflake' retrieved from /opt/airflow/dags/minio_to_snowflake.py
[2026-06-04T02:00:44.042+0000] {logging_mixin.py:188} INFO - [2026-06-04T02:00:44.041+0000] {dag.py:3089} INFO - Sync 1 DAGs
[2026-06-04T02:00:44.069+0000] {logging_mixin.py:188} INFO - [2026-06-04T02:00:44.069+0000] {dag.py:3947} INFO - Setting next_dagrun for minio_to_snowflake to 2026-06-04 01:59:00+00:00, run_after=2026-06-04 02:00:00+00:00
[2026-06-04T02:00:44.090+0000] {processor.py:183} INFO - Processing /opt/airflow/dags/minio_to_snowflake.py took 1.010 seconds
[2026-06-04T02:01:14.307+0000] {processor.py:161} INFO - Started process (PID=27319) to work on /opt/airflow/dags/minio_to_snowflake.py
[2026-06-04T02:01:14.308+0000] {processor.py:830} INFO - Processing file /opt/airflow/dags/minio_to_snowflake.py for tasks to queue
[2026-06-04T02:01:14.310+0000] {logging_mixin.py:188} INFO - [2026-06-04T02:01:14.310+0000] {dagbag.py:545} INFO - Filling up the DagBag from /opt/airflow/dags/minio_to_snowflake.py
[2026-06-04T02:01:15.246+0000] {processor.py:840} INFO - DAG(s) 'minio_to_snowflake' retrieved from /opt/airflow/dags/minio_to_snowflake.py
[2026-06-04T02:01:15.275+0000] {logging_mixin.py:188} INFO - [2026-06-04T02:01:15.274+0000] {dag.py:3089} INFO - Sync 1 DAGs
[2026-06-04T02:01:15.305+0000] {logging_mixin.py:188} INFO - [2026-06-04T02:01:15.304+0000] {dag.py:3947} INFO - Setting next_dagrun for minio_to_snowflake to 2026-06-04 02:00:00+00:00, run_after=2026-06-04 02:01:00+00:00
[2026-06-04T02:01:15.334+0000] {processor.py:183} INFO - Processing /opt/airflow/dags/minio_to_snowflake.py took 1.036 seconds
[2026-06-04T02:01:45.635+0000] {processor.py:161} INFO - Started process (PID=27390) to work on /opt/airflow/dags/minio_to_snowflake.py
[2026-06-04T02:01:45.639+0000] {processor.py:830} INFO - Processing file /opt/airflow/dags/minio_to_snowflake.py for tasks to queue
[2026-06-04T02:01:45.645+0000] {logging_mixin.py:188} INFO - [2026-06-04T02:01:45.644+0000] {dagbag.py:545} INFO - Filling up the DagBag from /opt/airflow/dags/minio_to_snowflake.py
[2026-06-04T02:01:46.684+0000] {processor.py:840} INFO - DAG(s) 'minio_to_snowflake' retrieved from /opt/airflow/dags/minio_to_snowflake.py
[2026-06-04T02:01:46.717+0000] {logging_mixin.py:188} INFO - [2026-06-04T02:01:46.717+0000] {dag.py:3089} INFO - Sync 1 DAGs
[2026-06-04T02:01:46.746+0000] {logging_mixin.py:188} INFO - [2026-06-04T02:01:46.745+0000] {dag.py:3947} INFO - Setting next_dagrun for minio_to_snowflake to 2026-06-04 02:00:00+00:00, run_after=2026-06-04 02:01:00+00:00
[2026-06-04T02:01:46.766+0000] {processor.py:183} INFO - Processing /opt/airflow/dags/minio_to_snowflake.py took 1.142 seconds
[2026-06-04T02:02:16.869+0000] {processor.py:161} INFO - Started process (PID=28545) to work on /opt/airflow/dags/minio_to_snowflake.py
[2026-06-04T02:02:16.874+0000] {processor.py:830} INFO - Processing file /opt/airflow/dags/minio_to_snowflake.py for tasks to queue
[2026-06-04T02:02:16.876+0000] {logging_mixin.py:188} INFO - [2026-06-04T02:02:16.876+0000] {dagbag.py:545} INFO - Filling up the DagBag from /opt/airflow/dags/minio_to_snowflake.py
[2026-06-04T02:02:17.894+0000] {processor.py:840} INFO - DAG(s) 'minio_to_snowflake' retrieved from /opt/airflow/dags/minio_to_snowflake.py
[2026-06-04T02:02:17.930+0000] {logging_mixin.py:188} INFO - [2026-06-04T02:02:17.928+0000] {dag.py:3089} INFO - Sync 1 DAGs
[2026-06-04T02:02:17.959+0000] {logging_mixin.py:188} INFO - [2026-06-04T02:02:17.958+0000] {dag.py:3947} INFO - Setting next_dagrun for minio_to_snowflake to 2026-06-04 02:01:00+00:00, run_after=2026-06-04 02:02:00+00:00
[2026-06-04T02:02:17.981+0000] {processor.py:183} INFO - Processing /opt/airflow/dags/minio_to_snowflake.py took 1.120 seconds
[2026-06-04T02:02:48.274+0000] {processor.py:161} INFO - Started process (PID=28618) to work on /opt/airflow/dags/minio_to_snowflake.py
[2026-06-04T02:02:48.275+0000] {processor.py:830} INFO - Processing file /opt/airflow/dags/minio_to_snowflake.py for tasks to queue
[2026-06-04T02:02:48.278+0000] {logging_mixin.py:188} INFO - [2026-06-04T02:02:48.277+0000] {dagbag.py:545} INFO - Filling up the DagBag from /opt/airflow/dags/minio_to_snowflake.py
[2026-06-04T02:02:49.247+0000] {processor.py:840} INFO - DAG(s) 'minio_to_snowflake' retrieved from /opt/airflow/dags/minio_to_snowflake.py
[2026-06-04T02:02:49.280+0000] {logging_mixin.py:188} INFO - [2026-06-04T02:02:49.280+0000] {dag.py:3089} INFO - Sync 1 DAGs
[2026-06-04T02:02:49.305+0000] {logging_mixin.py:188} INFO - [2026-06-04T02:02:49.305+0000] {dag.py:3947} INFO - Setting next_dagrun for minio_to_snowflake to 2026-06-04 02:01:00+00:00, run_after=2026-06-04 02:02:00+00:00
[2026-06-04T02:02:49.330+0000] {processor.py:183} INFO - Processing /opt/airflow/dags/minio_to_snowflake.py took 1.065 seconds
[2026-06-04T02:03:19.520+0000] {processor.py:161} INFO - Started process (PID=28694) to work on /opt/airflow/dags/minio_to_snowflake.py
[2026-06-04T02:03:19.521+0000] {processor.py:830} INFO - Processing file /opt/airflow/dags/minio_to_snowflake.py for tasks to queue
[2026-06-04T02:03:19.523+0000] {logging_mixin.py:188} INFO - [2026-06-04T02:03:19.523+0000] {dagbag.py:545} INFO - Filling up the DagBag from /opt/airflow/dags/minio_to_snowflake.py
[2026-06-04T02:03:20.530+0000] {processor.py:840} INFO - DAG(s) 'minio_to_snowflake' retrieved from /opt/airflow/dags/minio_to_snowflake.py
[2026-06-04T02:03:20.562+0000] {logging_mixin.py:188} INFO - [2026-06-04T02:03:20.562+0000] {dag.py:3089} INFO - Sync 1 DAGs
[2026-06-04T02:03:20.589+0000] {logging_mixin.py:188} INFO - [2026-06-04T02:03:20.589+0000] {dag.py:3947} INFO - Setting next_dagrun for minio_to_snowflake to 2026-06-04 02:02:00+00:00, run_after=2026-06-04 02:03:00+00:00
[2026-06-04T02:03:20.609+0000] {processor.py:183} INFO - Processing /opt/airflow/dags/minio_to_snowflake.py took 1.096 seconds
[2026-06-04T02:03:50.794+0000] {processor.py:161} INFO - Started process (PID=28777) to work on /opt/airflow/dags/minio_to_snowflake.py
[2026-06-04T02:03:50.796+0000] {processor.py:830} INFO - Processing file /opt/airflow/dags/minio_to_snowflake.py for tasks to queue
[2026-06-04T02:03:50.800+0000] {logging_mixin.py:188} INFO - [2026-06-04T02:03:50.800+0000] {dagbag.py:545} INFO - Filling up the DagBag from /opt/airflow/dags/minio_to_snowflake.py
[2026-06-04T02:03:51.760+0000] {processor.py:840} INFO - DAG(s) 'minio_to_snowflake' retrieved from /opt/airflow/dags/minio_to_snowflake.py
[2026-06-04T02:03:51.791+0000] {logging_mixin.py:188} INFO - [2026-06-04T02:03:51.791+0000] {dag.py:3089} INFO - Sync 1 DAGs
[2026-06-04T02:03:51.822+0000] {logging_mixin.py:188} INFO - [2026-06-04T02:03:51.822+0000] {dag.py:3947} INFO - Setting next_dagrun for minio_to_snowflake to 2026-06-04 02:02:00+00:00, run_after=2026-06-04 02:03:00+00:00
[2026-06-04T02:03:51.847+0000] {processor.py:183} INFO - Processing /opt/airflow/dags/minio_to_snowflake.py took 1.062 seconds
[2026-06-04T02:04:22.125+0000] {processor.py:161} INFO - Started process (PID=28852) to work on /opt/airflow/dags/minio_to_snowflake.py
[2026-06-04T02:04:22.127+0000] {processor.py:830} INFO - Processing file /opt/airflow/dags/minio_to_snowflake.py for tasks to queue
[2026-06-04T02:04:22.129+0000] {logging_mixin.py:188} INFO - [2026-06-04T02:04:22.129+0000] {dagbag.py:545} INFO - Filling up the DagBag from /opt/airflow/dags/minio_to_snowflake.py
[2026-06-04T02:04:23.102+0000] {processor.py:840} INFO - DAG(s) 'minio_to_snowflake' retrieved from /opt/airflow/dags/minio_to_snowflake.py
[2026-06-04T02:04:23.135+0000] {logging_mixin.py:188} INFO - [2026-06-04T02:04:23.134+0000] {dag.py:3089} INFO - Sync 1 DAGs
[2026-06-04T02:04:23.163+0000] {logging_mixin.py:188} INFO - [2026-06-04T02:04:23.163+0000] {dag.py:3947} INFO - Setting next_dagrun for minio_to_snowflake to 2026-06-04 02:03:00+00:00, run_after=2026-06-04 02:04:00+00:00
[2026-06-04T02:04:23.182+0000] {processor.py:183} INFO - Processing /opt/airflow/dags/minio_to_snowflake.py took 1.065 seconds
[2026-06-04T02:04:53.409+0000] {processor.py:161} INFO - Started process (PID=28928) to work on /opt/airflow/dags/minio_to_snowflake.py
[2026-06-04T02:04:53.411+0000] {processor.py:830} INFO - Processing file /opt/airflow/dags/minio_to_snowflake.py for tasks to queue
[2026-06-04T02:04:53.413+0000] {logging_mixin.py:188} INFO - [2026-06-04T02:04:53.413+0000] {dagbag.py:545} INFO - Filling up the DagBag from /opt/airflow/dags/minio_to_snowflake.py
[2026-06-04T02:04:54.486+0000] {processor.py:840} INFO - DAG(s) 'minio_to_snowflake' retrieved from /opt/airflow/dags/minio_to_snowflake.py
[2026-06-04T02:04:54.544+0000] {logging_mixin.py:188} INFO - [2026-06-04T02:04:54.543+0000] {dag.py:3089} INFO - Sync 1 DAGs
[2026-06-04T02:04:54.582+0000] {logging_mixin.py:188} INFO - [2026-06-04T02:04:54.582+0000] {dag.py:3947} INFO - Setting next_dagrun for minio_to_snowflake to 2026-06-04 02:03:00+00:00, run_after=2026-06-04 02:04:00+00:00
[2026-06-04T02:04:54.608+0000] {processor.py:183} INFO - Processing /opt/airflow/dags/minio_to_snowflake.py took 1.206 seconds
[2026-06-04T02:05:24.880+0000] {processor.py:161} INFO - Started process (PID=29002) to work on /opt/airflow/dags/minio_to_snowflake.py
[2026-06-04T02:05:24.883+0000] {processor.py:830} INFO - Processing file /opt/airflow/dags/minio_to_snowflake.py for tasks to queue
[2026-06-04T02:05:24.887+0000] {logging_mixin.py:188} INFO - [2026-06-04T02:05:24.886+0000] {dagbag.py:545} INFO - Filling up the DagBag from /opt/airflow/dags/minio_to_snowflake.py
[2026-06-04T02:05:26.120+0000] {processor.py:840} INFO - DAG(s) 'minio_to_snowflake' retrieved from /opt/airflow/dags/minio_to_snowflake.py
[2026-06-04T02:05:26.158+0000] {logging_mixin.py:188} INFO - [2026-06-04T02:05:26.157+0000] {dag.py:3089} INFO - Sync 1 DAGs
[2026-06-04T02:05:26.197+0000] {logging_mixin.py:188} INFO - [2026-06-04T02:05:26.197+0000] {dag.py:3947} INFO - Setting next_dagrun for minio_to_snowflake to 2026-06-04 02:04:00+00:00, run_after=2026-06-04 02:05:00+00:00
[2026-06-04T02:05:26.226+0000] {processor.py:183} INFO - Processing /opt/airflow/dags/minio_to_snowflake.py took 1.355 seconds
[2026-06-04T02:05:56.504+0000] {processor.py:161} INFO - Started process (PID=29082) to work on /opt/airflow/dags/minio_to_snowflake.py
[2026-06-04T02:05:56.505+0000] {processor.py:830} INFO - Processing file /opt/airflow/dags/minio_to_snowflake.py for tasks to queue
[2026-06-04T02:05:56.509+0000] {logging_mixin.py:188} INFO - [2026-06-04T02:05:56.508+0000] {dagbag.py:545} INFO - Filling up the DagBag from /opt/airflow/dags/minio_to_snowflake.py
[2026-06-04T02:05:57.614+0000] {processor.py:840} INFO - DAG(s) 'minio_to_snowflake' retrieved from /opt/airflow/dags/minio_to_snowflake.py
[2026-06-04T02:05:57.645+0000] {logging_mixin.py:188} INFO - [2026-06-04T02:05:57.644+0000] {dag.py:3089} INFO - Sync 1 DAGs
[2026-06-04T02:05:57.674+0000] {logging_mixin.py:188} INFO - [2026-06-04T02:05:57.674+0000] {dag.py:3947} INFO - Setting next_dagrun for minio_to_snowflake to 2026-06-04 02:04:00+00:00, run_after=2026-06-04 02:05:00+00:00
[2026-06-04T02:05:57.707+0000] {processor.py:183} INFO - Processing /opt/airflow/dags/minio_to_snowflake.py took 1.212 seconds
[2026-06-04T02:06:28.071+0000] {processor.py:161} INFO - Started process (PID=30244) to work on /opt/airflow/dags/minio_to_snowflake.py
[2026-06-04T02:06:28.074+0000] {processor.py:830} INFO - Processing file /opt/airflow/dags/minio_to_snowflake.py for tasks to queue
[2026-06-04T02:06:28.082+0000] {logging_mixin.py:188} INFO - [2026-06-04T02:06:28.079+0000] {dagbag.py:545} INFO - Filling up the DagBag from /opt/airflow/dags/minio_to_snowflake.py
[2026-06-04T02:06:29.293+0000] {processor.py:840} INFO - DAG(s) 'minio_to_snowflake' retrieved from /opt/airflow/dags/minio_to_snowflake.py
[2026-06-04T02:06:29.331+0000] {logging_mixin.py:188} INFO - [2026-06-04T02:06:29.330+0000] {dag.py:3089} INFO - Sync 1 DAGs
[2026-06-04T02:06:29.360+0000] {logging_mixin.py:188} INFO - [2026-06-04T02:06:29.360+0000] {dag.py:3947} INFO - Setting next_dagrun for minio_to_snowflake to 2026-06-04 02:05:00+00:00, run_after=2026-06-04 02:06:00+00:00
[2026-06-04T02:06:29.384+0000] {processor.py:183} INFO - Processing /opt/airflow/dags/minio_to_snowflake.py took 1.329 seconds
[2026-06-04T02:06:59.689+0000] {processor.py:161} INFO - Started process (PID=30321) to work on /opt/airflow/dags/minio_to_snowflake.py
[2026-06-04T02:06:59.691+0000] {processor.py:830} INFO - Processing file /opt/airflow/dags/minio_to_snowflake.py for tasks to queue
[2026-06-04T02:06:59.694+0000] {logging_mixin.py:188} INFO - [2026-06-04T02:06:59.694+0000] {dagbag.py:545} INFO - Filling up the DagBag from /opt/airflow/dags/minio_to_snowflake.py
[2026-06-04T02:07:00.735+0000] {processor.py:840} INFO - DAG(s) 'minio_to_snowflake' retrieved from /opt/airflow/dags/minio_to_snowflake.py
[2026-06-04T02:07:00.768+0000] {logging_mixin.py:188} INFO - [2026-06-04T02:07:00.768+0000] {dag.py:3089} INFO - Sync 1 DAGs
[2026-06-04T02:07:00.797+0000] {logging_mixin.py:188} INFO - [2026-06-04T02:07:00.797+0000] {dag.py:3947} INFO - Setting next_dagrun for minio_to_snowflake to 2026-06-04 02:06:00+00:00, run_after=2026-06-04 02:07:00+00:00
[2026-06-04T02:07:00.826+0000] {processor.py:183} INFO - Processing /opt/airflow/dags/minio_to_snowflake.py took 1.146 seconds
[2026-06-04T02:07:30.925+0000] {processor.py:161} INFO - Started process (PID=30406) to work on /opt/airflow/dags/minio_to_snowflake.py
[2026-06-04T02:07:30.927+0000] {processor.py:830} INFO - Processing file /opt/airflow/dags/minio_to_snowflake.py for tasks to queue
[2026-06-04T02:07:30.929+0000] {logging_mixin.py:188} INFO - [2026-06-04T02:07:30.929+0000] {dagbag.py:545} INFO - Filling up the DagBag from /opt/airflow/dags/minio_to_snowflake.py
[2026-06-04T02:07:31.903+0000] {processor.py:840} INFO - DAG(s) 'minio_to_snowflake' retrieved from /opt/airflow/dags/minio_to_snowflake.py
[2026-06-04T02:07:31.937+0000] {logging_mixin.py:188} INFO - [2026-06-04T02:07:31.936+0000] {dag.py:3089} INFO - Sync 1 DAGs
[2026-06-04T02:07:31.964+0000] {logging_mixin.py:188} INFO - [2026-06-04T02:07:31.964+0000] {dag.py:3947} INFO - Setting next_dagrun for minio_to_snowflake to 2026-06-04 02:06:00+00:00, run_after=2026-06-04 02:07:00+00:00
[2026-06-04T02:07:31.986+0000] {processor.py:183} INFO - Processing /opt/airflow/dags/minio_to_snowflake.py took 1.069 seconds
[2026-06-04T02:08:02.159+0000] {processor.py:161} INFO - Started process (PID=30486) to work on /opt/airflow/dags/minio_to_snowflake.py
[2026-06-04T02:08:02.161+0000] {processor.py:830} INFO - Processing file /opt/airflow/dags/minio_to_snowflake.py for tasks to queue
[2026-06-04T02:08:02.163+0000] {logging_mixin.py:188} INFO - [2026-06-04T02:08:02.163+0000] {dagbag.py:545} INFO - Filling up the DagBag from /opt/airflow/dags/minio_to_snowflake.py
[2026-06-04T02:08:03.254+0000] {processor.py:840} INFO - DAG(s) 'minio_to_snowflake' retrieved from /opt/airflow/dags/minio_to_snowflake.py
[2026-06-04T02:08:03.288+0000] {logging_mixin.py:188} INFO - [2026-06-04T02:08:03.286+0000] {dag.py:3089} INFO - Sync 1 DAGs
[2026-06-04T02:08:03.317+0000] {logging_mixin.py:188} INFO - [2026-06-04T02:08:03.316+0000] {dag.py:3947} INFO - Setting next_dagrun for minio_to_snowflake to 2026-06-04 02:07:00+00:00, run_after=2026-06-04 02:08:00+00:00
[2026-06-04T02:08:03.340+0000] {processor.py:183} INFO - Processing /opt/airflow/dags/minio_to_snowflake.py took 1.189 seconds
[2026-06-04T02:08:33.437+0000] {processor.py:161} INFO - Started process (PID=30568) to work on /opt/airflow/dags/minio_to_snowflake.py
[2026-06-04T02:08:33.439+0000] {processor.py:830} INFO - Processing file /opt/airflow/dags/minio_to_snowflake.py for tasks to queue
[2026-06-04T02:08:33.443+0000] {logging_mixin.py:188} INFO - [2026-06-04T02:08:33.442+0000] {dagbag.py:545} INFO - Filling up the DagBag from /opt/airflow/dags/minio_to_snowflake.py
[2026-06-04T02:08:34.491+0000] {processor.py:840} INFO - DAG(s) 'minio_to_snowflake' retrieved from /opt/airflow/dags/minio_to_snowflake.py
[2026-06-04T02:08:34.524+0000] {logging_mixin.py:188} INFO - [2026-06-04T02:08:34.523+0000] {dag.py:3089} INFO - Sync 1 DAGs
[2026-06-04T02:08:34.551+0000] {logging_mixin.py:188} INFO - [2026-06-04T02:08:34.550+0000] {dag.py:3947} INFO - Setting next_dagrun for minio_to_snowflake to 2026-06-04 02:07:00+00:00, run_after=2026-06-04 02:08:00+00:00
[2026-06-04T02:08:34.570+0000] {processor.py:183} INFO - Processing /opt/airflow/dags/minio_to_snowflake.py took 1.151 seconds
[2026-06-04T02:09:04.843+0000] {processor.py:161} INFO - Started process (PID=30646) to work on /opt/airflow/dags/minio_to_snowflake.py
[2026-06-04T02:09:04.844+0000] {processor.py:830} INFO - Processing file /opt/airflow/dags/minio_to_snowflake.py for tasks to queue
[2026-06-04T02:09:04.847+0000] {logging_mixin.py:188} INFO - [2026-06-04T02:09:04.847+0000] {dagbag.py:545} INFO - Filling up the DagBag from /opt/airflow/dags/minio_to_snowflake.py
[2026-06-04T02:09:06.006+0000] {processor.py:840} INFO - DAG(s) 'minio_to_snowflake' retrieved from /opt/airflow/dags/minio_to_snowflake.py
[2026-06-04T02:09:06.056+0000] {logging_mixin.py:188} INFO - [2026-06-04T02:09:06.055+0000] {dag.py:3089} INFO - Sync 1 DAGs
[2026-06-04T02:09:06.106+0000] {logging_mixin.py:188} INFO - [2026-06-04T02:09:06.106+0000] {dag.py:3947} INFO - Setting next_dagrun for minio_to_snowflake to 2026-06-04 02:08:00+00:00, run_after=2026-06-04 02:09:00+00:00
[2026-06-04T02:09:06.150+0000] {processor.py:183} INFO - Processing /opt/airflow/dags/minio_to_snowflake.py took 1.315 seconds
[2026-06-04T02:09:36.469+0000] {processor.py:161} INFO - Started process (PID=30728) to work on /opt/airflow/dags/minio_to_snowflake.py
[2026-06-04T02:09:36.470+0000] {processor.py:830} INFO - Processing file /opt/airflow/dags/minio_to_snowflake.py for tasks to queue
[2026-06-04T02:09:36.476+0000] {logging_mixin.py:188} INFO - [2026-06-04T02:09:36.476+0000] {dagbag.py:545} INFO - Filling up the DagBag from /opt/airflow/dags/minio_to_snowflake.py
[2026-06-04T02:09:37.679+0000] {processor.py:840} INFO - DAG(s) 'minio_to_snowflake' retrieved from /opt/airflow/dags/minio_to_snowflake.py
[2026-06-04T02:09:37.719+0000] {logging_mixin.py:188} INFO - [2026-06-04T02:09:37.718+0000] {dag.py:3089} INFO - Sync 1 DAGs
[2026-06-04T02:09:37.751+0000] {logging_mixin.py:188} INFO - [2026-06-04T02:09:37.750+0000] {dag.py:3947} INFO - Setting next_dagrun for minio_to_snowflake to 2026-06-04 02:08:00+00:00, run_after=2026-06-04 02:09:00+00:00
[2026-06-04T02:09:37.779+0000] {processor.py:183} INFO - Processing /opt/airflow/dags/minio_to_snowflake.py took 1.319 seconds
[2026-06-04T02:10:07.978+0000] {processor.py:161} INFO - Started process (PID=30799) to work on /opt/airflow/dags/minio_to_snowflake.py
[2026-06-04T02:10:07.980+0000] {processor.py:830} INFO - Processing file /opt/airflow/dags/minio_to_snowflake.py for tasks to queue
[2026-06-04T02:10:07.994+0000] {logging_mixin.py:188} INFO - [2026-06-04T02:10:07.993+0000] {dagbag.py:545} INFO - Filling up the DagBag from /opt/airflow/dags/minio_to_snowflake.py
[2026-06-04T02:10:09.174+0000] {processor.py:840} INFO - DAG(s) 'minio_to_snowflake' retrieved from /opt/airflow/dags/minio_to_snowflake.py
[2026-06-04T02:10:09.212+0000] {logging_mixin.py:188} INFO - [2026-06-04T02:10:09.211+0000] {dag.py:3089} INFO - Sync 1 DAGs
[2026-06-04T02:10:09.245+0000] {logging_mixin.py:188} INFO - [2026-06-04T02:10:09.244+0000] {dag.py:3947} INFO - Setting next_dagrun for minio_to_snowflake to 2026-06-04 02:09:00+00:00, run_after=2026-06-04 02:10:00+00:00
[2026-06-04T02:10:09.273+0000] {processor.py:183} INFO - Processing /opt/airflow/dags/minio_to_snowflake.py took 1.306 seconds
[2026-06-04T02:10:39.976+0000] {processor.py:161} INFO - Started process (PID=31953) to work on /opt/airflow/dags/minio_to_snowflake.py
[2026-06-04T02:10:40.024+0000] {processor.py:830} INFO - Processing file /opt/airflow/dags/minio_to_snowflake.py for tasks to queue
[2026-06-04T02:10:40.073+0000] {logging_mixin.py:188} INFO - [2026-06-04T02:10:40.073+0000] {dagbag.py:545} INFO - Filling up the DagBag from /opt/airflow/dags/minio_to_snowflake.py
[2026-06-04T02:10:41.805+0000] {processor.py:840} INFO - DAG(s) 'minio_to_snowflake' retrieved from /opt/airflow/dags/minio_to_snowflake.py
[2026-06-04T02:10:41.849+0000] {logging_mixin.py:188} INFO - [2026-06-04T02:10:41.846+0000] {dag.py:3089} INFO - Sync 1 DAGs
[2026-06-04T02:10:41.909+0000] {logging_mixin.py:188} INFO - [2026-06-04T02:10:41.909+0000] {dag.py:3947} INFO - Setting next_dagrun for minio_to_snowflake to 2026-06-04 02:10:00+00:00, run_after=2026-06-04 02:11:00+00:00
[2026-06-04T02:10:41.958+0000] {processor.py:183} INFO - Processing /opt/airflow/dags/minio_to_snowflake.py took 2.002 seconds
[2026-06-04T02:11:12.311+0000] {processor.py:161} INFO - Started process (PID=32016) to work on /opt/airflow/dags/minio_to_snowflake.py
[2026-06-04T02:11:12.312+0000] {processor.py:830} INFO - Processing file /opt/airflow/dags/minio_to_snowflake.py for tasks to queue
[2026-06-04T02:11:12.319+0000] {logging_mixin.py:188} INFO - [2026-06-04T02:11:12.315+0000] {dagbag.py:545} INFO - Filling up the DagBag from /opt/airflow/dags/minio_to_snowflake.py
[2026-06-04T02:11:13.514+0000] {processor.py:840} INFO - DAG(s) 'minio_to_snowflake' retrieved from /opt/airflow/dags/minio_to_snowflake.py
[2026-06-04T02:11:13.548+0000] {logging_mixin.py:188} INFO - [2026-06-04T02:11:13.548+0000] {dag.py:3089} INFO - Sync 1 DAGs
[2026-06-04T02:11:13.578+0000] {logging_mixin.py:188} INFO - [2026-06-04T02:11:13.578+0000] {dag.py:3947} INFO - Setting next_dagrun for minio_to_snowflake to 2026-06-04 02:10:00+00:00, run_after=2026-06-04 02:11:00+00:00
[2026-06-04T02:11:13.603+0000] {processor.py:183} INFO - Processing /opt/airflow/dags/minio_to_snowflake.py took 1.304 seconds
[2026-06-04T02:11:43.921+0000] {processor.py:161} INFO - Started process (PID=32106) to work on /opt/airflow/dags/minio_to_snowflake.py
[2026-06-04T02:11:43.922+0000] {processor.py:830} INFO - Processing file /opt/airflow/dags/minio_to_snowflake.py for tasks to queue
[2026-06-04T02:11:43.924+0000] {logging_mixin.py:188} INFO - [2026-06-04T02:11:43.924+0000] {dagbag.py:545} INFO - Filling up the DagBag from /opt/airflow/dags/minio_to_snowflake.py
[2026-06-04T02:11:44.859+0000] {processor.py:840} INFO - DAG(s) 'minio_to_snowflake' retrieved from /opt/airflow/dags/minio_to_snowflake.py
[2026-06-04T02:11:44.890+0000] {logging_mixin.py:188} INFO - [2026-06-04T02:11:44.889+0000] {dag.py:3089} INFO - Sync 1 DAGs
[2026-06-04T02:11:44.918+0000] {logging_mixin.py:188} INFO - [2026-06-04T02:11:44.918+0000] {dag.py:3947} INFO - Setting next_dagrun for minio_to_snowflake to 2026-06-04 02:10:00+00:00, run_after=2026-06-04 02:11:00+00:00
[2026-06-04T02:11:44.940+0000] {processor.py:183} INFO - Processing /opt/airflow/dags/minio_to_snowflake.py took 1.026 seconds
[2026-06-04T02:12:15.194+0000] {processor.py:161} INFO - Started process (PID=32209) to work on /opt/airflow/dags/minio_to_snowflake.py
[2026-06-04T02:12:15.197+0000] {processor.py:830} INFO - Processing file /opt/airflow/dags/minio_to_snowflake.py for tasks to queue
[2026-06-04T02:12:15.200+0000] {logging_mixin.py:188} INFO - [2026-06-04T02:12:15.200+0000] {dagbag.py:545} INFO - Filling up the DagBag from /opt/airflow/dags/minio_to_snowflake.py
[2026-06-04T02:12:16.340+0000] {processor.py:840} INFO - DAG(s) 'minio_to_snowflake' retrieved from /opt/airflow/dags/minio_to_snowflake.py
[2026-06-04T02:12:16.371+0000] {logging_mixin.py:188} INFO - [2026-06-04T02:12:16.371+0000] {dag.py:3089} INFO - Sync 1 DAGs
[2026-06-04T02:12:16.402+0000] {logging_mixin.py:188} INFO - [2026-06-04T02:12:16.401+0000] {dag.py:3947} INFO - Setting next_dagrun for minio_to_snowflake to 2026-06-04 02:11:00+00:00, run_after=2026-06-04 02:12:00+00:00
[2026-06-04T02:12:16.427+0000] {processor.py:183} INFO - Processing /opt/airflow/dags/minio_to_snowflake.py took 1.242 seconds
[2026-06-04T02:12:46.666+0000] {processor.py:161} INFO - Started process (PID=32310) to work on /opt/airflow/dags/minio_to_snowflake.py
[2026-06-04T02:12:46.668+0000] {processor.py:830} INFO - Processing file /opt/airflow/dags/minio_to_snowflake.py for tasks to queue
[2026-06-04T02:12:46.670+0000] {logging_mixin.py:188} INFO - [2026-06-04T02:12:46.670+0000] {dagbag.py:545} INFO - Filling up the DagBag from /opt/airflow/dags/minio_to_snowflake.py
[2026-06-04T02:12:47.707+0000] {processor.py:840} INFO - DAG(s) 'minio_to_snowflake' retrieved from /opt/airflow/dags/minio_to_snowflake.py
[2026-06-04T02:12:47.741+0000] {logging_mixin.py:188} INFO - [2026-06-04T02:12:47.740+0000] {dag.py:3089} INFO - Sync 1 DAGs
[2026-06-04T02:12:47.768+0000] {logging_mixin.py:188} INFO - [2026-06-04T02:12:47.768+0000] {dag.py:3947} INFO - Setting next_dagrun for minio_to_snowflake to 2026-06-04 02:11:00+00:00, run_after=2026-06-04 02:12:00+00:00
[2026-06-04T02:12:47.790+0000] {processor.py:183} INFO - Processing /opt/airflow/dags/minio_to_snowflake.py took 1.132 seconds
[2026-06-04T02:13:18.452+0000] {processor.py:161} INFO - Started process (PID=32392) to work on /opt/airflow/dags/minio_to_snowflake.py
[2026-06-04T02:13:18.454+0000] {processor.py:830} INFO - Processing file /opt/airflow/dags/minio_to_snowflake.py for tasks to queue
[2026-06-04T02:13:18.465+0000] {logging_mixin.py:188} INFO - [2026-06-04T02:13:18.465+0000] {dagbag.py:545} INFO - Filling up the DagBag from /opt/airflow/dags/minio_to_snowflake.py
[2026-06-04T02:13:19.905+0000] {processor.py:840} INFO - DAG(s) 'minio_to_snowflake' retrieved from /opt/airflow/dags/minio_to_snowflake.py
[2026-06-04T02:13:19.944+0000] {logging_mixin.py:188} INFO - [2026-06-04T02:13:19.944+0000] {dag.py:3089} INFO - Sync 1 DAGs
[2026-06-04T02:13:19.980+0000] {logging_mixin.py:188} INFO - [2026-06-04T02:13:19.979+0000] {dag.py:3947} INFO - Setting next_dagrun for minio_to_snowflake to 2026-06-04 02:12:00+00:00, run_after=2026-06-04 02:13:00+00:00
[2026-06-04T02:13:20.003+0000] {processor.py:183} INFO - Processing /opt/airflow/dags/minio_to_snowflake.py took 1.569 seconds
[2026-06-04T02:13:50.294+0000] {processor.py:161} INFO - Started process (PID=32450) to work on /opt/airflow/dags/minio_to_snowflake.py
[2026-06-04T02:13:50.300+0000] {processor.py:830} INFO - Processing file /opt/airflow/dags/minio_to_snowflake.py for tasks to queue
[2026-06-04T02:13:50.305+0000] {logging_mixin.py:188} INFO - [2026-06-04T02:13:50.304+0000] {dagbag.py:545} INFO - Filling up the DagBag from /opt/airflow/dags/minio_to_snowflake.py
[2026-06-04T02:13:53.034+0000] {processor.py:840} INFO - DAG(s) 'minio_to_snowflake' retrieved from /opt/airflow/dags/minio_to_snowflake.py
[2026-06-04T02:13:53.283+0000] {logging_mixin.py:188} INFO - [2026-06-04T02:13:53.282+0000] {dag.py:3089} INFO - Sync 1 DAGs
[2026-06-04T02:13:53.630+0000] {logging_mixin.py:188} INFO - [2026-06-04T02:13:53.629+0000] {dag.py:3947} INFO - Setting next_dagrun for minio_to_snowflake to 2026-06-04 02:12:00+00:00, run_after=2026-06-04 02:13:00+00:00
[2026-06-04T02:13:53.675+0000] {processor.py:183} INFO - Processing /opt/airflow/dags/minio_to_snowflake.py took 3.398 seconds
[2026-06-04T02:14:24.269+0000] {processor.py:161} INFO - Started process (PID=32519) to work on /opt/airflow/dags/minio_to_snowflake.py
[2026-06-04T02:14:24.270+0000] {processor.py:830} INFO - Processing file /opt/airflow/dags/minio_to_snowflake.py for tasks to queue
[2026-06-04T02:14:24.273+0000] {logging_mixin.py:188} INFO - [2026-06-04T02:14:24.273+0000] {dagbag.py:545} INFO - Filling up the DagBag from /opt/airflow/dags/minio_to_snowflake.py
[2026-06-04T02:14:25.542+0000] {processor.py:840} INFO - DAG(s) 'minio_to_snowflake' retrieved from /opt/airflow/dags/minio_to_snowflake.py
[2026-06-04T02:14:25.573+0000] {logging_mixin.py:188} INFO - [2026-06-04T02:14:25.573+0000] {dag.py:3089} INFO - Sync 1 DAGs
[2026-06-04T02:14:25.601+0000] {logging_mixin.py:188} INFO - [2026-06-04T02:14:25.601+0000] {dag.py:3947} INFO - Setting next_dagrun for minio_to_snowflake to 2026-06-04 02:13:00+00:00, run_after=2026-06-04 02:14:00+00:00
[2026-06-04T02:14:25.623+0000] {processor.py:183} INFO - Processing /opt/airflow/dags/minio_to_snowflake.py took 1.366 seconds
[2026-06-04T02:14:55.685+0000] {processor.py:161} INFO - Started process (PID=33668) to work on /opt/airflow/dags/minio_to_snowflake.py
[2026-06-04T02:14:55.686+0000] {processor.py:830} INFO - Processing file /opt/airflow/dags/minio_to_snowflake.py for tasks to queue
[2026-06-04T02:14:55.689+0000] {logging_mixin.py:188} INFO - [2026-06-04T02:14:55.689+0000] {dagbag.py:545} INFO - Filling up the DagBag from /opt/airflow/dags/minio_to_snowflake.py
[2026-06-04T02:14:57.199+0000] {processor.py:840} INFO - DAG(s) 'minio_to_snowflake' retrieved from /opt/airflow/dags/minio_to_snowflake.py
[2026-06-04T02:14:57.231+0000] {logging_mixin.py:188} INFO - [2026-06-04T02:14:57.230+0000] {dag.py:3089} INFO - Sync 1 DAGs
[2026-06-04T02:14:57.264+0000] {logging_mixin.py:188} INFO - [2026-06-04T02:14:57.263+0000] {dag.py:3947} INFO - Setting next_dagrun for minio_to_snowflake to 2026-06-04 02:14:00+00:00, run_after=2026-06-04 02:15:00+00:00
[2026-06-04T02:14:57.295+0000] {processor.py:183} INFO - Processing /opt/airflow/dags/minio_to_snowflake.py took 1.618 seconds
[2026-06-04T02:15:27.577+0000] {processor.py:161} INFO - Started process (PID=33732) to work on /opt/airflow/dags/minio_to_snowflake.py
[2026-06-04T02:15:27.582+0000] {processor.py:830} INFO - Processing file /opt/airflow/dags/minio_to_snowflake.py for tasks to queue
[2026-06-04T02:15:27.586+0000] {logging_mixin.py:188} INFO - [2026-06-04T02:15:27.586+0000] {dagbag.py:545} INFO - Filling up the DagBag from /opt/airflow/dags/minio_to_snowflake.py
[2026-06-04T02:15:28.702+0000] {processor.py:840} INFO - DAG(s) 'minio_to_snowflake' retrieved from /opt/airflow/dags/minio_to_snowflake.py
[2026-06-04T02:15:28.736+0000] {logging_mixin.py:188} INFO - [2026-06-04T02:15:28.735+0000] {dag.py:3089} INFO - Sync 1 DAGs
[2026-06-04T02:15:28.767+0000] {logging_mixin.py:188} INFO - [2026-06-04T02:15:28.767+0000] {dag.py:3947} INFO - Setting next_dagrun for minio_to_snowflake to 2026-06-04 02:14:00+00:00, run_after=2026-06-04 02:15:00+00:00
[2026-06-04T02:15:28.790+0000] {processor.py:183} INFO - Processing /opt/airflow/dags/minio_to_snowflake.py took 1.237 seconds
[2026-06-04T02:15:59.047+0000] {processor.py:161} INFO - Started process (PID=33814) to work on /opt/airflow/dags/minio_to_snowflake.py
[2026-06-04T02:15:59.049+0000] {processor.py:830} INFO - Processing file /opt/airflow/dags/minio_to_snowflake.py for tasks to queue
[2026-06-04T02:15:59.052+0000] {logging_mixin.py:188} INFO - [2026-06-04T02:15:59.051+0000] {dagbag.py:545} INFO - Filling up the DagBag from /opt/airflow/dags/minio_to_snowflake.py
[2026-06-04T02:16:00.180+0000] {processor.py:840} INFO - DAG(s) 'minio_to_snowflake' retrieved from /opt/airflow/dags/minio_to_snowflake.py
[2026-06-04T02:16:00.212+0000] {logging_mixin.py:188} INFO - [2026-06-04T02:16:00.212+0000] {dag.py:3089} INFO - Sync 1 DAGs
[2026-06-04T02:16:00.241+0000] {logging_mixin.py:188} INFO - [2026-06-04T02:16:00.241+0000] {dag.py:3947} INFO - Setting next_dagrun for minio_to_snowflake to 2026-06-04 02:15:00+00:00, run_after=2026-06-04 02:16:00+00:00
[2026-06-04T02:16:00.266+0000] {processor.py:183} INFO - Processing /opt/airflow/dags/minio_to_snowflake.py took 1.228 seconds
[2026-06-04T02:16:30.545+0000] {processor.py:161} INFO - Started process (PID=33881) to work on /opt/airflow/dags/minio_to_snowflake.py
[2026-06-04T02:16:30.547+0000] {processor.py:830} INFO - Processing file /opt/airflow/dags/minio_to_snowflake.py for tasks to queue
[2026-06-04T02:16:30.549+0000] {logging_mixin.py:188} INFO - [2026-06-04T02:16:30.549+0000] {dagbag.py:545} INFO - Filling up the DagBag from /opt/airflow/dags/minio_to_snowflake.py
[2026-06-04T02:16:31.790+0000] {processor.py:840} INFO - DAG(s) 'minio_to_snowflake' retrieved from /opt/airflow/dags/minio_to_snowflake.py
[2026-06-04T02:16:31.828+0000] {logging_mixin.py:188} INFO - [2026-06-04T02:16:31.826+0000] {dag.py:3089} INFO - Sync 1 DAGs
[2026-06-04T02:16:31.863+0000] {logging_mixin.py:188} INFO - [2026-06-04T02:16:31.863+0000] {dag.py:3947} INFO - Setting next_dagrun for minio_to_snowflake to 2026-06-04 02:15:00+00:00, run_after=2026-06-04 02:16:00+00:00
[2026-06-04T02:16:31.894+0000] {processor.py:183} INFO - Processing /opt/airflow/dags/minio_to_snowflake.py took 1.357 seconds
[2026-06-04T02:17:02.157+0000] {processor.py:161} INFO - Started process (PID=33956) to work on /opt/airflow/dags/minio_to_snowflake.py
[2026-06-04T02:17:02.158+0000] {processor.py:830} INFO - Processing file /opt/airflow/dags/minio_to_snowflake.py for tasks to queue
[2026-06-04T02:17:02.161+0000] {logging_mixin.py:188} INFO - [2026-06-04T02:17:02.160+0000] {dagbag.py:545} INFO - Filling up the DagBag from /opt/airflow/dags/minio_to_snowflake.py
[2026-06-04T02:17:03.217+0000] {processor.py:840} INFO - DAG(s) 'minio_to_snowflake' retrieved from /opt/airflow/dags/minio_to_snowflake.py
[2026-06-04T02:17:03.251+0000] {logging_mixin.py:188} INFO - [2026-06-04T02:17:03.251+0000] {dag.py:3089} INFO - Sync 1 DAGs
[2026-06-04T02:17:03.277+0000] {logging_mixin.py:188} INFO - [2026-06-04T02:17:03.277+0000] {dag.py:3947} INFO - Setting next_dagrun for minio_to_snowflake to 2026-06-04 02:16:00+00:00, run_after=2026-06-04 02:17:00+00:00
[2026-06-04T02:17:03.321+0000] {processor.py:183} INFO - Processing /opt/airflow/dags/minio_to_snowflake.py took 1.175 seconds
[2026-06-04T02:17:33.751+0000] {processor.py:161} INFO - Started process (PID=34017) to work on /opt/airflow/dags/minio_to_snowflake.py
[2026-06-04T02:17:33.764+0000] {processor.py:830} INFO - Processing file /opt/airflow/dags/minio_to_snowflake.py for tasks to queue
[2026-06-04T02:17:33.769+0000] {logging_mixin.py:188} INFO - [2026-06-04T02:17:33.768+0000] {dagbag.py:545} INFO - Filling up the DagBag from /opt/airflow/dags/minio_to_snowflake.py
[2026-06-04T02:17:35.752+0000] {processor.py:840} INFO - DAG(s) 'minio_to_snowflake' retrieved from /opt/airflow/dags/minio_to_snowflake.py
[2026-06-04T02:17:35.795+0000] {logging_mixin.py:188} INFO - [2026-06-04T02:17:35.794+0000] {dag.py:3089} INFO - Sync 1 DAGs
[2026-06-04T02:17:35.834+0000] {logging_mixin.py:188} INFO - [2026-06-04T02:17:35.834+0000] {dag.py:3947} INFO - Setting next_dagrun for minio_to_snowflake to 2026-06-04 02:16:00+00:00, run_after=2026-06-04 02:17:00+00:00
[2026-06-04T02:17:35.875+0000] {processor.py:183} INFO - Processing /opt/airflow/dags/minio_to_snowflake.py took 2.133 seconds
[2026-06-04T02:18:06.541+0000] {processor.py:161} INFO - Started process (PID=34085) to work on /opt/airflow/dags/minio_to_snowflake.py
[2026-06-04T02:18:06.546+0000] {processor.py:830} INFO - Processing file /opt/airflow/dags/minio_to_snowflake.py for tasks to queue
[2026-06-04T02:18:06.558+0000] {logging_mixin.py:188} INFO - [2026-06-04T02:18:06.557+0000] {dagbag.py:545} INFO - Filling up the DagBag from /opt/airflow/dags/minio_to_snowflake.py
[2026-06-04T02:18:08.256+0000] {processor.py:840} INFO - DAG(s) 'minio_to_snowflake' retrieved from /opt/airflow/dags/minio_to_snowflake.py
[2026-06-04T02:18:08.344+0000] {logging_mixin.py:188} INFO - [2026-06-04T02:18:08.342+0000] {dag.py:3089} INFO - Sync 1 DAGs
[2026-06-04T02:18:08.421+0000] {logging_mixin.py:188} INFO - [2026-06-04T02:18:08.421+0000] {dag.py:3947} INFO - Setting next_dagrun for minio_to_snowflake to 2026-06-04 02:17:00+00:00, run_after=2026-06-04 02:18:00+00:00
[2026-06-04T02:18:08.466+0000] {processor.py:183} INFO - Processing /opt/airflow/dags/minio_to_snowflake.py took 1.944 seconds
[2026-06-04T02:18:38.654+0000] {processor.py:161} INFO - Started process (PID=34156) to work on /opt/airflow/dags/minio_to_snowflake.py
[2026-06-04T02:18:38.656+0000] {processor.py:830} INFO - Processing file /opt/airflow/dags/minio_to_snowflake.py for tasks to queue
[2026-06-04T02:18:38.660+0000] {logging_mixin.py:188} INFO - [2026-06-04T02:18:38.660+0000] {dagbag.py:545} INFO - Filling up the DagBag from /opt/airflow/dags/minio_to_snowflake.py
[2026-06-04T02:18:39.737+0000] {processor.py:840} INFO - DAG(s) 'minio_to_snowflake' retrieved from /opt/airflow/dags/minio_to_snowflake.py
[2026-06-04T02:18:39.773+0000] {logging_mixin.py:188} INFO - [2026-06-04T02:18:39.772+0000] {dag.py:3089} INFO - Sync 1 DAGs
[2026-06-04T02:18:39.811+0000] {logging_mixin.py:188} INFO - [2026-06-04T02:18:39.811+0000] {dag.py:3947} INFO - Setting next_dagrun for minio_to_snowflake to 2026-06-04 02:17:00+00:00, run_after=2026-06-04 02:18:00+00:00
[2026-06-04T02:18:39.840+0000] {processor.py:183} INFO - Processing /opt/airflow/dags/minio_to_snowflake.py took 1.201 seconds
[2026-06-04T02:19:09.920+0000] {processor.py:161} INFO - Started process (PID=34229) to work on /opt/airflow/dags/minio_to_snowflake.py
[2026-06-04T02:19:09.922+0000] {processor.py:830} INFO - Processing file /opt/airflow/dags/minio_to_snowflake.py for tasks to queue
[2026-06-04T02:19:09.924+0000] {logging_mixin.py:188} INFO - [2026-06-04T02:19:09.924+0000] {dagbag.py:545} INFO - Filling up the DagBag from /opt/airflow/dags/minio_to_snowflake.py
[2026-06-04T02:19:10.894+0000] {processor.py:840} INFO - DAG(s) 'minio_to_snowflake' retrieved from /opt/airflow/dags/minio_to_snowflake.py
[2026-06-04T02:19:10.930+0000] {logging_mixin.py:188} INFO - [2026-06-04T02:19:10.926+0000] {dag.py:3089} INFO - Sync 1 DAGs
[2026-06-04T02:19:10.961+0000] {logging_mixin.py:188} INFO - [2026-06-04T02:19:10.960+0000] {dag.py:3947} INFO - Setting next_dagrun for minio_to_snowflake to 2026-06-04 02:18:00+00:00, run_after=2026-06-04 02:19:00+00:00
[2026-06-04T02:19:10.985+0000] {processor.py:183} INFO - Processing /opt/airflow/dags/minio_to_snowflake.py took 1.072 seconds
[2026-06-04T02:19:41.216+0000] {processor.py:161} INFO - Started process (PID=35380) to work on /opt/airflow/dags/minio_to_snowflake.py
[2026-06-04T02:19:41.217+0000] {processor.py:830} INFO - Processing file /opt/airflow/dags/minio_to_snowflake.py for tasks to queue
[2026-06-04T02:19:41.220+0000] {logging_mixin.py:188} INFO - [2026-06-04T02:19:41.219+0000] {dagbag.py:545} INFO - Filling up the DagBag from /opt/airflow/dags/minio_to_snowflake.py
[2026-06-04T02:19:42.206+0000] {processor.py:840} INFO - DAG(s) 'minio_to_snowflake' retrieved from /opt/airflow/dags/minio_to_snowflake.py
[2026-06-04T02:19:42.256+0000] {logging_mixin.py:188} INFO - [2026-06-04T02:19:42.256+0000] {dag.py:3089} INFO - Sync 1 DAGs
[2026-06-04T02:19:42.304+0000] {logging_mixin.py:188} INFO - [2026-06-04T02:19:42.303+0000] {dag.py:3947} INFO - Setting next_dagrun for minio_to_snowflake to 2026-06-04 02:19:00+00:00, run_after=2026-06-04 02:20:00+00:00
[2026-06-04T02:19:42.346+0000] {processor.py:183} INFO - Processing /opt/airflow/dags/minio_to_snowflake.py took 1.139 seconds
[2026-06-04T02:20:12.476+0000] {processor.py:161} INFO - Started process (PID=35458) to work on /opt/airflow/dags/minio_to_snowflake.py
[2026-06-04T02:20:12.478+0000] {processor.py:830} INFO - Processing file /opt/airflow/dags/minio_to_snowflake.py for tasks to queue
[2026-06-04T02:20:12.480+0000] {logging_mixin.py:188} INFO - [2026-06-04T02:20:12.480+0000] {dagbag.py:545} INFO - Filling up the DagBag from /opt/airflow/dags/minio_to_snowflake.py
[2026-06-04T02:20:13.989+0000] {processor.py:840} INFO - DAG(s) 'minio_to_snowflake' retrieved from /opt/airflow/dags/minio_to_snowflake.py
[2026-06-04T02:20:14.023+0000] {logging_mixin.py:188} INFO - [2026-06-04T02:20:14.022+0000] {dag.py:3089} INFO - Sync 1 DAGs
[2026-06-04T02:20:14.061+0000] {logging_mixin.py:188} INFO - [2026-06-04T02:20:14.060+0000] {dag.py:3947} INFO - Setting next_dagrun for minio_to_snowflake to 2026-06-04 02:19:00+00:00, run_after=2026-06-04 02:20:00+00:00
[2026-06-04T02:20:14.087+0000] {processor.py:183} INFO - Processing /opt/airflow/dags/minio_to_snowflake.py took 1.620 seconds
[2026-06-04T02:20:44.324+0000] {processor.py:161} INFO - Started process (PID=35545) to work on /opt/airflow/dags/minio_to_snowflake.py
[2026-06-04T02:20:44.325+0000] {processor.py:830} INFO - Processing file /opt/airflow/dags/minio_to_snowflake.py for tasks to queue
[2026-06-04T02:20:44.333+0000] {logging_mixin.py:188} INFO - [2026-06-04T02:20:44.327+0000] {dagbag.py:545} INFO - Filling up the DagBag from /opt/airflow/dags/minio_to_snowflake.py
[2026-06-04T02:20:45.352+0000] {processor.py:840} INFO - DAG(s) 'minio_to_snowflake' retrieved from /opt/airflow/dags/minio_to_snowflake.py
[2026-06-04T02:20:45.386+0000] {logging_mixin.py:188} INFO - [2026-06-04T02:20:45.386+0000] {dag.py:3089} INFO - Sync 1 DAGs
[2026-06-04T02:20:45.417+0000] {logging_mixin.py:188} INFO - [2026-06-04T02:20:45.416+0000] {dag.py:3947} INFO - Setting next_dagrun for minio_to_snowflake to 2026-06-04 02:19:00+00:00, run_after=2026-06-04 02:20:00+00:00
[2026-06-04T02:20:45.442+0000] {processor.py:183} INFO - Processing /opt/airflow/dags/minio_to_snowflake.py took 1.126 seconds
[2026-06-04T02:21:15.560+0000] {processor.py:161} INFO - Started process (PID=35613) to work on /opt/airflow/dags/minio_to_snowflake.py
[2026-06-04T02:21:15.562+0000] {processor.py:830} INFO - Processing file /opt/airflow/dags/minio_to_snowflake.py for tasks to queue
[2026-06-04T02:21:15.564+0000] {logging_mixin.py:188} INFO - [2026-06-04T02:21:15.564+0000] {dagbag.py:545} INFO - Filling up the DagBag from /opt/airflow/dags/minio_to_snowflake.py
[2026-06-04T02:21:16.861+0000] {processor.py:840} INFO - DAG(s) 'minio_to_snowflake' retrieved from /opt/airflow/dags/minio_to_snowflake.py
[2026-06-04T02:21:16.899+0000] {logging_mixin.py:188} INFO - [2026-06-04T02:21:16.898+0000] {dag.py:3089} INFO - Sync 1 DAGs
[2026-06-04T02:21:16.934+0000] {logging_mixin.py:188} INFO - [2026-06-04T02:21:16.933+0000] {dag.py:3947} INFO - Setting next_dagrun for minio_to_snowflake to 2026-06-04 02:20:00+00:00, run_after=2026-06-04 02:21:00+00:00
[2026-06-04T02:21:16.965+0000] {processor.py:183} INFO - Processing /opt/airflow/dags/minio_to_snowflake.py took 1.413 seconds
[2026-06-04T02:21:47.191+0000] {processor.py:161} INFO - Started process (PID=35692) to work on /opt/airflow/dags/minio_to_snowflake.py
[2026-06-04T02:21:47.192+0000] {processor.py:830} INFO - Processing file /opt/airflow/dags/minio_to_snowflake.py for tasks to queue
[2026-06-04T02:21:47.195+0000] {logging_mixin.py:188} INFO - [2026-06-04T02:21:47.194+0000] {dagbag.py:545} INFO - Filling up the DagBag from /opt/airflow/dags/minio_to_snowflake.py
[2026-06-04T02:21:48.224+0000] {processor.py:840} INFO - DAG(s) 'minio_to_snowflake' retrieved from /opt/airflow/dags/minio_to_snowflake.py
[2026-06-04T02:21:48.262+0000] {logging_mixin.py:188} INFO - [2026-06-04T02:21:48.262+0000] {dag.py:3089} INFO - Sync 1 DAGs
[2026-06-04T02:21:48.292+0000] {logging_mixin.py:188} INFO - [2026-06-04T02:21:48.292+0000] {dag.py:3947} INFO - Setting next_dagrun for minio_to_snowflake to 2026-06-04 02:20:00+00:00, run_after=2026-06-04 02:21:00+00:00
[2026-06-04T02:21:48.317+0000] {processor.py:183} INFO - Processing /opt/airflow/dags/minio_to_snowflake.py took 1.134 seconds
[2026-06-04T02:22:18.405+0000] {processor.py:161} INFO - Started process (PID=35760) to work on /opt/airflow/dags/minio_to_snowflake.py
[2026-06-04T02:22:18.413+0000] {processor.py:830} INFO - Processing file /opt/airflow/dags/minio_to_snowflake.py for tasks to queue
[2026-06-04T02:22:18.416+0000] {logging_mixin.py:188} INFO - [2026-06-04T02:22:18.415+0000] {dagbag.py:545} INFO - Filling up the DagBag from /opt/airflow/dags/minio_to_snowflake.py
[2026-06-04T02:22:19.565+0000] {processor.py:840} INFO - DAG(s) 'minio_to_snowflake' retrieved from /opt/airflow/dags/minio_to_snowflake.py
[2026-06-04T02:22:19.598+0000] {logging_mixin.py:188} INFO - [2026-06-04T02:22:19.597+0000] {dag.py:3089} INFO - Sync 1 DAGs
[2026-06-04T02:22:19.625+0000] {logging_mixin.py:188} INFO - [2026-06-04T02:22:19.624+0000] {dag.py:3947} INFO - Setting next_dagrun for minio_to_snowflake to 2026-06-04 02:21:00+00:00, run_after=2026-06-04 02:22:00+00:00
[2026-06-04T02:22:19.647+0000] {processor.py:183} INFO - Processing /opt/airflow/dags/minio_to_snowflake.py took 1.253 seconds
[2026-06-04T02:22:49.913+0000] {processor.py:161} INFO - Started process (PID=35848) to work on /opt/airflow/dags/minio_to_snowflake.py
[2026-06-04T02:22:49.915+0000] {processor.py:830} INFO - Processing file /opt/airflow/dags/minio_to_snowflake.py for tasks to queue
[2026-06-04T02:22:49.917+0000] {logging_mixin.py:188} INFO - [2026-06-04T02:22:49.917+0000] {dagbag.py:545} INFO - Filling up the DagBag from /opt/airflow/dags/minio_to_snowflake.py
[2026-06-04T02:22:50.970+0000] {processor.py:840} INFO - DAG(s) 'minio_to_snowflake' retrieved from /opt/airflow/dags/minio_to_snowflake.py
[2026-06-04T02:22:51.005+0000] {logging_mixin.py:188} INFO - [2026-06-04T02:22:51.004+0000] {dag.py:3089} INFO - Sync 1 DAGs
[2026-06-04T02:22:51.032+0000] {logging_mixin.py:188} INFO - [2026-06-04T02:22:51.032+0000] {dag.py:3947} INFO - Setting next_dagrun for minio_to_snowflake to 2026-06-04 02:21:00+00:00, run_after=2026-06-04 02:22:00+00:00
[2026-06-04T02:22:51.062+0000] {processor.py:183} INFO - Processing /opt/airflow/dags/minio_to_snowflake.py took 1.162 seconds
[2026-06-04T02:23:21.289+0000] {processor.py:161} INFO - Started process (PID=35929) to work on /opt/airflow/dags/minio_to_snowflake.py
[2026-06-04T02:23:21.291+0000] {processor.py:830} INFO - Processing file /opt/airflow/dags/minio_to_snowflake.py for tasks to queue
[2026-06-04T02:23:21.300+0000] {logging_mixin.py:188} INFO - [2026-06-04T02:23:21.299+0000] {dagbag.py:545} INFO - Filling up the DagBag from /opt/airflow/dags/minio_to_snowflake.py
[2026-06-04T02:23:22.289+0000] {processor.py:840} INFO - DAG(s) 'minio_to_snowflake' retrieved from /opt/airflow/dags/minio_to_snowflake.py
[2026-06-04T02:23:22.323+0000] {logging_mixin.py:188} INFO - [2026-06-04T02:23:22.322+0000] {dag.py:3089} INFO - Sync 1 DAGs
[2026-06-04T02:23:22.352+0000] {logging_mixin.py:188} INFO - [2026-06-04T02:23:22.352+0000] {dag.py:3947} INFO - Setting next_dagrun for minio_to_snowflake to 2026-06-04 02:22:00+00:00, run_after=2026-06-04 02:23:00+00:00
[2026-06-04T02:23:22.374+0000] {processor.py:183} INFO - Processing /opt/airflow/dags/minio_to_snowflake.py took 1.093 seconds
[2026-06-04T02:23:52.535+0000] {processor.py:161} INFO - Started process (PID=37083) to work on /opt/airflow/dags/minio_to_snowflake.py
[2026-06-04T02:23:52.537+0000] {processor.py:830} INFO - Processing file /opt/airflow/dags/minio_to_snowflake.py for tasks to queue
[2026-06-04T02:23:52.540+0000] {logging_mixin.py:188} INFO - [2026-06-04T02:23:52.539+0000] {dagbag.py:545} INFO - Filling up the DagBag from /opt/airflow/dags/minio_to_snowflake.py
[2026-06-04T02:23:53.634+0000] {processor.py:840} INFO - DAG(s) 'minio_to_snowflake' retrieved from /opt/airflow/dags/minio_to_snowflake.py
[2026-06-04T02:23:53.669+0000] {logging_mixin.py:188} INFO - [2026-06-04T02:23:53.669+0000] {dag.py:3089} INFO - Sync 1 DAGs
[2026-06-04T02:23:53.697+0000] {logging_mixin.py:188} INFO - [2026-06-04T02:23:53.697+0000] {dag.py:3947} INFO - Setting next_dagrun for minio_to_snowflake to 2026-06-04 02:23:00+00:00, run_after=2026-06-04 02:24:00+00:00
[2026-06-04T02:23:53.723+0000] {processor.py:183} INFO - Processing /opt/airflow/dags/minio_to_snowflake.py took 1.198 seconds
[2026-06-04T02:24:23.884+0000] {processor.py:161} INFO - Started process (PID=37142) to work on /opt/airflow/dags/minio_to_snowflake.py
[2026-06-04T02:24:23.885+0000] {processor.py:830} INFO - Processing file /opt/airflow/dags/minio_to_snowflake.py for tasks to queue
[2026-06-04T02:24:23.888+0000] {logging_mixin.py:188} INFO - [2026-06-04T02:24:23.887+0000] {dagbag.py:545} INFO - Filling up the DagBag from /opt/airflow/dags/minio_to_snowflake.py
[2026-06-04T02:24:25.069+0000] {processor.py:840} INFO - DAG(s) 'minio_to_snowflake' retrieved from /opt/airflow/dags/minio_to_snowflake.py
[2026-06-04T02:24:25.103+0000] {logging_mixin.py:188} INFO - [2026-06-04T02:24:25.103+0000] {dag.py:3089} INFO - Sync 1 DAGs
[2026-06-04T02:24:25.145+0000] {logging_mixin.py:188} INFO - [2026-06-04T02:24:25.145+0000] {dag.py:3947} INFO - Setting next_dagrun for minio_to_snowflake to 2026-06-04 02:23:00+00:00, run_after=2026-06-04 02:24:00+00:00
[2026-06-04T02:24:25.174+0000] {processor.py:183} INFO - Processing /opt/airflow/dags/minio_to_snowflake.py took 1.299 seconds
[2026-06-04T02:24:55.445+0000] {processor.py:161} INFO - Started process (PID=37207) to work on /opt/airflow/dags/minio_to_snowflake.py
[2026-06-04T02:24:55.451+0000] {processor.py:830} INFO - Processing file /opt/airflow/dags/minio_to_snowflake.py for tasks to queue
[2026-06-04T02:24:55.459+0000] {logging_mixin.py:188} INFO - [2026-06-04T02:24:55.458+0000] {dagbag.py:545} INFO - Filling up the DagBag from /opt/airflow/dags/minio_to_snowflake.py
[2026-06-04T02:24:56.787+0000] {processor.py:840} INFO - DAG(s) 'minio_to_snowflake' retrieved from /opt/airflow/dags/minio_to_snowflake.py
[2026-06-04T02:24:56.848+0000] {logging_mixin.py:188} INFO - [2026-06-04T02:24:56.847+0000] {dag.py:3089} INFO - Sync 1 DAGs
[2026-06-04T02:24:56.890+0000] {logging_mixin.py:188} INFO - [2026-06-04T02:24:56.890+0000] {dag.py:3947} INFO - Setting next_dagrun for minio_to_snowflake to 2026-06-04 02:23:00+00:00, run_after=2026-06-04 02:24:00+00:00
[2026-06-04T02:24:56.918+0000] {processor.py:183} INFO - Processing /opt/airflow/dags/minio_to_snowflake.py took 1.502 seconds
[2026-06-04T02:25:27.166+0000] {processor.py:161} INFO - Started process (PID=37276) to work on /opt/airflow/dags/minio_to_snowflake.py
[2026-06-04T02:25:27.167+0000] {processor.py:830} INFO - Processing file /opt/airflow/dags/minio_to_snowflake.py for tasks to queue
[2026-06-04T02:25:27.175+0000] {logging_mixin.py:188} INFO - [2026-06-04T02:25:27.175+0000] {dagbag.py:545} INFO - Filling up the DagBag from /opt/airflow/dags/minio_to_snowflake.py
[2026-06-04T02:25:28.296+0000] {processor.py:840} INFO - DAG(s) 'minio_to_snowflake' retrieved from /opt/airflow/dags/minio_to_snowflake.py
[2026-06-04T02:25:28.338+0000] {logging_mixin.py:188} INFO - [2026-06-04T02:25:28.338+0000] {dag.py:3089} INFO - Sync 1 DAGs
[2026-06-04T02:25:28.368+0000] {logging_mixin.py:188} INFO - [2026-06-04T02:25:28.368+0000] {dag.py:3947} INFO - Setting next_dagrun for minio_to_snowflake to 2026-06-04 02:24:00+00:00, run_after=2026-06-04 02:25:00+00:00
[2026-06-04T02:25:28.396+0000] {processor.py:183} INFO - Processing /opt/airflow/dags/minio_to_snowflake.py took 1.238 seconds
[2026-06-04T02:25:58.717+0000] {processor.py:161} INFO - Started process (PID=37350) to work on /opt/airflow/dags/minio_to_snowflake.py
[2026-06-04T02:25:58.719+0000] {processor.py:830} INFO - Processing file /opt/airflow/dags/minio_to_snowflake.py for tasks to queue
[2026-06-04T02:25:58.722+0000] {logging_mixin.py:188} INFO - [2026-06-04T02:25:58.721+0000] {dagbag.py:545} INFO - Filling up the DagBag from /opt/airflow/dags/minio_to_snowflake.py
[2026-06-04T02:25:59.926+0000] {processor.py:840} INFO - DAG(s) 'minio_to_snowflake' retrieved from /opt/airflow/dags/minio_to_snowflake.py
[2026-06-04T02:25:59.961+0000] {logging_mixin.py:188} INFO - [2026-06-04T02:25:59.961+0000] {dag.py:3089} INFO - Sync 1 DAGs
[2026-06-04T02:25:59.990+0000] {logging_mixin.py:188} INFO - [2026-06-04T02:25:59.989+0000] {dag.py:3947} INFO - Setting next_dagrun for minio_to_snowflake to 2026-06-04 02:24:00+00:00, run_after=2026-06-04 02:25:00+00:00
[2026-06-04T02:26:00.017+0000] {processor.py:183} INFO - Processing /opt/airflow/dags/minio_to_snowflake.py took 1.308 seconds
[2026-06-04T02:26:30.258+0000] {processor.py:161} INFO - Started process (PID=37432) to work on /opt/airflow/dags/minio_to_snowflake.py
[2026-06-04T02:26:30.260+0000] {processor.py:830} INFO - Processing file /opt/airflow/dags/minio_to_snowflake.py for tasks to queue
[2026-06-04T02:26:30.263+0000] {logging_mixin.py:188} INFO - [2026-06-04T02:26:30.262+0000] {dagbag.py:545} INFO - Filling up the DagBag from /opt/airflow/dags/minio_to_snowflake.py
[2026-06-04T02:26:31.304+0000] {processor.py:840} INFO - DAG(s) 'minio_to_snowflake' retrieved from /opt/airflow/dags/minio_to_snowflake.py
[2026-06-04T02:26:31.339+0000] {logging_mixin.py:188} INFO - [2026-06-04T02:26:31.337+0000] {dag.py:3089} INFO - Sync 1 DAGs
[2026-06-04T02:26:31.368+0000] {logging_mixin.py:188} INFO - [2026-06-04T02:26:31.368+0000] {dag.py:3947} INFO - Setting next_dagrun for minio_to_snowflake to 2026-06-04 02:25:00+00:00, run_after=2026-06-04 02:26:00+00:00
[2026-06-04T02:26:31.397+0000] {processor.py:183} INFO - Processing /opt/airflow/dags/minio_to_snowflake.py took 1.148 seconds
[2026-06-04T02:27:01.645+0000] {processor.py:161} INFO - Started process (PID=37523) to work on /opt/airflow/dags/minio_to_snowflake.py
[2026-06-04T02:27:01.647+0000] {processor.py:830} INFO - Processing file /opt/airflow/dags/minio_to_snowflake.py for tasks to queue
[2026-06-04T02:27:01.650+0000] {logging_mixin.py:188} INFO - [2026-06-04T02:27:01.650+0000] {dagbag.py:545} INFO - Filling up the DagBag from /opt/airflow/dags/minio_to_snowflake.py
[2026-06-04T02:27:03.067+0000] {processor.py:840} INFO - DAG(s) 'minio_to_snowflake' retrieved from /opt/airflow/dags/minio_to_snowflake.py
[2026-06-04T02:27:03.103+0000] {logging_mixin.py:188} INFO - [2026-06-04T02:27:03.102+0000] {dag.py:3089} INFO - Sync 1 DAGs
[2026-06-04T02:27:03.133+0000] {logging_mixin.py:188} INFO - [2026-06-04T02:27:03.132+0000] {dag.py:3947} INFO - Setting next_dagrun for minio_to_snowflake to 2026-06-04 02:26:00+00:00, run_after=2026-06-04 02:27:00+00:00
[2026-06-04T02:27:03.158+0000] {processor.py:183} INFO - Processing /opt/airflow/dags/minio_to_snowflake.py took 1.521 seconds
[2026-06-04T02:27:33.427+0000] {processor.py:161} INFO - Started process (PID=37606) to work on /opt/airflow/dags/minio_to_snowflake.py
[2026-06-04T02:27:33.429+0000] {processor.py:830} INFO - Processing file /opt/airflow/dags/minio_to_snowflake.py for tasks to queue
[2026-06-04T02:27:33.431+0000] {logging_mixin.py:188} INFO - [2026-06-04T02:27:33.431+0000] {dagbag.py:545} INFO - Filling up the DagBag from /opt/airflow/dags/minio_to_snowflake.py
[2026-06-04T02:27:34.443+0000] {processor.py:840} INFO - DAG(s) 'minio_to_snowflake' retrieved from /opt/airflow/dags/minio_to_snowflake.py
[2026-06-04T02:27:34.477+0000] {logging_mixin.py:188} INFO - [2026-06-04T02:27:34.474+0000] {dag.py:3089} INFO - Sync 1 DAGs
[2026-06-04T02:27:34.507+0000] {logging_mixin.py:188} INFO - [2026-06-04T02:27:34.507+0000] {dag.py:3947} INFO - Setting next_dagrun for minio_to_snowflake to 2026-06-04 02:26:00+00:00, run_after=2026-06-04 02:27:00+00:00
[2026-06-04T02:27:34.532+0000] {processor.py:183} INFO - Processing /opt/airflow/dags/minio_to_snowflake.py took 1.116 seconds
[2026-06-04T02:28:04.643+0000] {processor.py:161} INFO - Started process (PID=37671) to work on /opt/airflow/dags/minio_to_snowflake.py
[2026-06-04T02:28:04.675+0000] {processor.py:830} INFO - Processing file /opt/airflow/dags/minio_to_snowflake.py for tasks to queue
[2026-06-04T02:28:04.687+0000] {logging_mixin.py:188} INFO - [2026-06-04T02:28:04.685+0000] {dagbag.py:545} INFO - Filling up the DagBag from /opt/airflow/dags/minio_to_snowflake.py
[2026-06-04T02:28:05.908+0000] {processor.py:840} INFO - DAG(s) 'minio_to_snowflake' retrieved from /opt/airflow/dags/minio_to_snowflake.py
[2026-06-04T02:28:05.946+0000] {logging_mixin.py:188} INFO - [2026-06-04T02:28:05.945+0000] {dag.py:3089} INFO - Sync 1 DAGs
[2026-06-04T02:28:05.978+0000] {logging_mixin.py:188} INFO - [2026-06-04T02:28:05.978+0000] {dag.py:3947} INFO - Setting next_dagrun for minio_to_snowflake to 2026-06-04 02:27:00+00:00, run_after=2026-06-04 02:28:00+00:00
[2026-06-04T02:28:06.002+0000] {processor.py:183} INFO - Processing /opt/airflow/dags/minio_to_snowflake.py took 1.368 seconds
[2026-06-04T02:28:36.134+0000] {processor.py:161} INFO - Started process (PID=38831) to work on /opt/airflow/dags/minio_to_snowflake.py
[2026-06-04T02:28:36.135+0000] {processor.py:830} INFO - Processing file /opt/airflow/dags/minio_to_snowflake.py for tasks to queue
[2026-06-04T02:28:36.144+0000] {logging_mixin.py:188} INFO - [2026-06-04T02:28:36.144+0000] {dagbag.py:545} INFO - Filling up the DagBag from /opt/airflow/dags/minio_to_snowflake.py
[2026-06-04T02:28:37.577+0000] {processor.py:840} INFO - DAG(s) 'minio_to_snowflake' retrieved from /opt/airflow/dags/minio_to_snowflake.py
[2026-06-04T02:28:37.611+0000] {logging_mixin.py:188} INFO - [2026-06-04T02:28:37.610+0000] {dag.py:3089} INFO - Sync 1 DAGs
[2026-06-04T02:28:37.639+0000] {logging_mixin.py:188} INFO - [2026-06-04T02:28:37.639+0000] {dag.py:3947} INFO - Setting next_dagrun for minio_to_snowflake to 2026-06-04 02:27:00+00:00, run_after=2026-06-04 02:28:00+00:00
[2026-06-04T02:28:37.662+0000] {processor.py:183} INFO - Processing /opt/airflow/dags/minio_to_snowflake.py took 1.536 seconds
[2026-06-04T02:29:07.927+0000] {processor.py:161} INFO - Started process (PID=38904) to work on /opt/airflow/dags/minio_to_snowflake.py
[2026-06-04T02:29:07.928+0000] {processor.py:830} INFO - Processing file /opt/airflow/dags/minio_to_snowflake.py for tasks to queue
[2026-06-04T02:29:07.931+0000] {logging_mixin.py:188} INFO - [2026-06-04T02:29:07.931+0000] {dagbag.py:545} INFO - Filling up the DagBag from /opt/airflow/dags/minio_to_snowflake.py
[2026-06-04T02:29:09.455+0000] {processor.py:840} INFO - DAG(s) 'minio_to_snowflake' retrieved from /opt/airflow/dags/minio_to_snowflake.py
[2026-06-04T02:29:09.491+0000] {logging_mixin.py:188} INFO - [2026-06-04T02:29:09.491+0000] {dag.py:3089} INFO - Sync 1 DAGs
[2026-06-04T02:29:09.518+0000] {logging_mixin.py:188} INFO - [2026-06-04T02:29:09.518+0000] {dag.py:3947} INFO - Setting next_dagrun for minio_to_snowflake to 2026-06-04 02:28:00+00:00, run_after=2026-06-04 02:29:00+00:00
[2026-06-04T02:29:09.545+0000] {processor.py:183} INFO - Processing /opt/airflow/dags/minio_to_snowflake.py took 1.628 seconds
[2026-06-04T02:29:39.856+0000] {processor.py:161} INFO - Started process (PID=38979) to work on /opt/airflow/dags/minio_to_snowflake.py
[2026-06-04T02:29:39.858+0000] {processor.py:830} INFO - Processing file /opt/airflow/dags/minio_to_snowflake.py for tasks to queue
[2026-06-04T02:29:39.861+0000] {logging_mixin.py:188} INFO - [2026-06-04T02:29:39.861+0000] {dagbag.py:545} INFO - Filling up the DagBag from /opt/airflow/dags/minio_to_snowflake.py
[2026-06-04T02:29:41.076+0000] {processor.py:840} INFO - DAG(s) 'minio_to_snowflake' retrieved from /opt/airflow/dags/minio_to_snowflake.py
[2026-06-04T02:29:41.110+0000] {logging_mixin.py:188} INFO - [2026-06-04T02:29:41.109+0000] {dag.py:3089} INFO - Sync 1 DAGs
[2026-06-04T02:29:41.147+0000] {logging_mixin.py:188} INFO - [2026-06-04T02:29:41.147+0000] {dag.py:3947} INFO - Setting next_dagrun for minio_to_snowflake to 2026-06-04 02:28:00+00:00, run_after=2026-06-04 02:29:00+00:00
[2026-06-04T02:29:41.173+0000] {processor.py:183} INFO - Processing /opt/airflow/dags/minio_to_snowflake.py took 1.332 seconds
[2026-06-04T02:30:11.591+0000] {processor.py:161} INFO - Started process (PID=39055) to work on /opt/airflow/dags/minio_to_snowflake.py
[2026-06-04T02:30:11.593+0000] {processor.py:830} INFO - Processing file /opt/airflow/dags/minio_to_snowflake.py for tasks to queue
[2026-06-04T02:30:11.596+0000] {logging_mixin.py:188} INFO - [2026-06-04T02:30:11.596+0000] {dagbag.py:545} INFO - Filling up the DagBag from /opt/airflow/dags/minio_to_snowflake.py
[2026-06-04T02:30:12.719+0000] {processor.py:840} INFO - DAG(s) 'minio_to_snowflake' retrieved from /opt/airflow/dags/minio_to_snowflake.py
[2026-06-04T02:30:12.756+0000] {logging_mixin.py:188} INFO - [2026-06-04T02:30:12.755+0000] {dag.py:3089} INFO - Sync 1 DAGs
[2026-06-04T02:30:12.792+0000] {logging_mixin.py:188} INFO - [2026-06-04T02:30:12.791+0000] {dag.py:3947} INFO - Setting next_dagrun for minio_to_snowflake to 2026-06-04 02:29:00+00:00, run_after=2026-06-04 02:30:00+00:00
[2026-06-04T02:30:12.821+0000] {processor.py:183} INFO - Processing /opt/airflow/dags/minio_to_snowflake.py took 1.238 seconds
[2026-06-04T02:30:42.890+0000] {processor.py:161} INFO - Started process (PID=39125) to work on /opt/airflow/dags/minio_to_snowflake.py
[2026-06-04T02:30:42.892+0000] {processor.py:830} INFO - Processing file /opt/airflow/dags/minio_to_snowflake.py for tasks to queue
[2026-06-04T02:30:42.895+0000] {logging_mixin.py:188} INFO - [2026-06-04T02:30:42.894+0000] {dagbag.py:545} INFO - Filling up the DagBag from /opt/airflow/dags/minio_to_snowflake.py
[2026-06-04T02:30:44.304+0000] {processor.py:840} INFO - DAG(s) 'minio_to_snowflake' retrieved from /opt/airflow/dags/minio_to_snowflake.py
[2026-06-04T02:30:44.349+0000] {logging_mixin.py:188} INFO - [2026-06-04T02:30:44.348+0000] {dag.py:3089} INFO - Sync 1 DAGs
[2026-06-04T02:30:44.381+0000] {logging_mixin.py:188} INFO - [2026-06-04T02:30:44.380+0000] {dag.py:3947} INFO - Setting next_dagrun for minio_to_snowflake to 2026-06-04 02:29:00+00:00, run_after=2026-06-04 02:30:00+00:00
[2026-06-04T02:30:44.407+0000] {processor.py:183} INFO - Processing /opt/airflow/dags/minio_to_snowflake.py took 1.525 seconds
[2026-06-04T02:31:14.713+0000] {processor.py:161} INFO - Started process (PID=39232) to work on /opt/airflow/dags/minio_to_snowflake.py
[2026-06-04T02:31:14.715+0000] {processor.py:830} INFO - Processing file /opt/airflow/dags/minio_to_snowflake.py for tasks to queue
[2026-06-04T02:31:14.719+0000] {logging_mixin.py:188} INFO - [2026-06-04T02:31:14.719+0000] {dagbag.py:545} INFO - Filling up the DagBag from /opt/airflow/dags/minio_to_snowflake.py
[2026-06-04T02:31:15.874+0000] {processor.py:840} INFO - DAG(s) 'minio_to_snowflake' retrieved from /opt/airflow/dags/minio_to_snowflake.py
[2026-06-04T02:31:15.910+0000] {logging_mixin.py:188} INFO - [2026-06-04T02:31:15.910+0000] {dag.py:3089} INFO - Sync 1 DAGs
[2026-06-04T02:31:15.939+0000] {logging_mixin.py:188} INFO - [2026-06-04T02:31:15.939+0000] {dag.py:3947} INFO - Setting next_dagrun for minio_to_snowflake to 2026-06-04 02:30:00+00:00, run_after=2026-06-04 02:31:00+00:00
[2026-06-04T02:31:15.963+0000] {processor.py:183} INFO - Processing /opt/airflow/dags/minio_to_snowflake.py took 1.262 seconds
[2026-06-04T02:31:46.194+0000] {processor.py:161} INFO - Started process (PID=39333) to work on /opt/airflow/dags/minio_to_snowflake.py
[2026-06-04T02:31:46.195+0000] {processor.py:830} INFO - Processing file /opt/airflow/dags/minio_to_snowflake.py for tasks to queue
[2026-06-04T02:31:46.198+0000] {logging_mixin.py:188} INFO - [2026-06-04T02:31:46.198+0000] {dagbag.py:545} INFO - Filling up the DagBag from /opt/airflow/dags/minio_to_snowflake.py
[2026-06-04T02:31:47.399+0000] {processor.py:840} INFO - DAG(s) 'minio_to_snowflake' retrieved from /opt/airflow/dags/minio_to_snowflake.py
[2026-06-04T02:31:47.431+0000] {logging_mixin.py:188} INFO - [2026-06-04T02:31:47.431+0000] {dag.py:3089} INFO - Sync 1 DAGs
[2026-06-04T02:31:47.458+0000] {logging_mixin.py:188} INFO - [2026-06-04T02:31:47.458+0000] {dag.py:3947} INFO - Setting next_dagrun for minio_to_snowflake to 2026-06-04 02:30:00+00:00, run_after=2026-06-04 02:31:00+00:00
[2026-06-04T02:31:47.482+0000] {processor.py:183} INFO - Processing /opt/airflow/dags/minio_to_snowflake.py took 1.296 seconds
[2026-06-04T02:32:17.807+0000] {processor.py:161} INFO - Started process (PID=40501) to work on /opt/airflow/dags/minio_to_snowflake.py
[2026-06-04T02:32:17.808+0000] {processor.py:830} INFO - Processing file /opt/airflow/dags/minio_to_snowflake.py for tasks to queue
[2026-06-04T02:32:17.811+0000] {logging_mixin.py:188} INFO - [2026-06-04T02:32:17.810+0000] {dagbag.py:545} INFO - Filling up the DagBag from /opt/airflow/dags/minio_to_snowflake.py
[2026-06-04T02:32:19.098+0000] {processor.py:840} INFO - DAG(s) 'minio_to_snowflake' retrieved from /opt/airflow/dags/minio_to_snowflake.py
[2026-06-04T02:32:19.132+0000] {logging_mixin.py:188} INFO - [2026-06-04T02:32:19.131+0000] {dag.py:3089} INFO - Sync 1 DAGs
[2026-06-04T02:32:19.221+0000] {logging_mixin.py:188} INFO - [2026-06-04T02:32:19.221+0000] {dag.py:3947} INFO - Setting next_dagrun for minio_to_snowflake to 2026-06-04 02:31:00+00:00, run_after=2026-06-04 02:32:00+00:00
[2026-06-04T02:32:19.245+0000] {processor.py:183} INFO - Processing /opt/airflow/dags/minio_to_snowflake.py took 1.454 seconds
[2026-06-04T02:32:49.615+0000] {processor.py:161} INFO - Started process (PID=40568) to work on /opt/airflow/dags/minio_to_snowflake.py
[2026-06-04T02:32:49.622+0000] {processor.py:830} INFO - Processing file /opt/airflow/dags/minio_to_snowflake.py for tasks to queue
[2026-06-04T02:32:49.627+0000] {logging_mixin.py:188} INFO - [2026-06-04T02:32:49.626+0000] {dagbag.py:545} INFO - Filling up the DagBag from /opt/airflow/dags/minio_to_snowflake.py
[2026-06-04T02:32:51.212+0000] {processor.py:840} INFO - DAG(s) 'minio_to_snowflake' retrieved from /opt/airflow/dags/minio_to_snowflake.py
[2026-06-04T02:32:51.251+0000] {logging_mixin.py:188} INFO - [2026-06-04T02:32:51.250+0000] {dag.py:3089} INFO - Sync 1 DAGs
[2026-06-04T02:32:51.301+0000] {logging_mixin.py:188} INFO - [2026-06-04T02:32:51.301+0000] {dag.py:3947} INFO - Setting next_dagrun for minio_to_snowflake to 2026-06-04 02:31:00+00:00, run_after=2026-06-04 02:32:00+00:00
[2026-06-04T02:32:51.347+0000] {processor.py:183} INFO - Processing /opt/airflow/dags/minio_to_snowflake.py took 1.746 seconds
[2026-06-04T02:33:21.454+0000] {processor.py:161} INFO - Started process (PID=40669) to work on /opt/airflow/dags/minio_to_snowflake.py
[2026-06-04T02:33:21.456+0000] {processor.py:830} INFO - Processing file /opt/airflow/dags/minio_to_snowflake.py for tasks to queue
[2026-06-04T02:33:21.460+0000] {logging_mixin.py:188} INFO - [2026-06-04T02:33:21.460+0000] {dagbag.py:545} INFO - Filling up the DagBag from /opt/airflow/dags/minio_to_snowflake.py
[2026-06-04T02:33:22.648+0000] {processor.py:840} INFO - DAG(s) 'minio_to_snowflake' retrieved from /opt/airflow/dags/minio_to_snowflake.py
[2026-06-04T02:33:22.681+0000] {logging_mixin.py:188} INFO - [2026-06-04T02:33:22.678+0000] {dag.py:3089} INFO - Sync 1 DAGs
[2026-06-04T02:33:22.713+0000] {logging_mixin.py:188} INFO - [2026-06-04T02:33:22.713+0000] {dag.py:3947} INFO - Setting next_dagrun for minio_to_snowflake to 2026-06-04 02:32:00+00:00, run_after=2026-06-04 02:33:00+00:00
[2026-06-04T02:33:22.739+0000] {processor.py:183} INFO - Processing /opt/airflow/dags/minio_to_snowflake.py took 1.296 seconds
[2026-06-04T02:33:52.981+0000] {processor.py:161} INFO - Started process (PID=40763) to work on /opt/airflow/dags/minio_to_snowflake.py
[2026-06-04T02:33:52.983+0000] {processor.py:830} INFO - Processing file /opt/airflow/dags/minio_to_snowflake.py for tasks to queue
[2026-06-04T02:33:52.986+0000] {logging_mixin.py:188} INFO - [2026-06-04T02:33:52.985+0000] {dagbag.py:545} INFO - Filling up the DagBag from /opt/airflow/dags/minio_to_snowflake.py
[2026-06-04T02:33:54.153+0000] {processor.py:840} INFO - DAG(s) 'minio_to_snowflake' retrieved from /opt/airflow/dags/minio_to_snowflake.py
[2026-06-04T02:33:54.189+0000] {logging_mixin.py:188} INFO - [2026-06-04T02:33:54.187+0000] {dag.py:3089} INFO - Sync 1 DAGs
[2026-06-04T02:33:54.218+0000] {logging_mixin.py:188} INFO - [2026-06-04T02:33:54.218+0000] {dag.py:3947} INFO - Setting next_dagrun for minio_to_snowflake to 2026-06-04 02:32:00+00:00, run_after=2026-06-04 02:33:00+00:00
[2026-06-04T02:33:54.245+0000] {processor.py:183} INFO - Processing /opt/airflow/dags/minio_to_snowflake.py took 1.276 seconds
[2026-06-04T02:34:24.567+0000] {processor.py:161} INFO - Started process (PID=40852) to work on /opt/airflow/dags/minio_to_snowflake.py
[2026-06-04T02:34:24.568+0000] {processor.py:830} INFO - Processing file /opt/airflow/dags/minio_to_snowflake.py for tasks to queue
[2026-06-04T02:34:24.573+0000] {logging_mixin.py:188} INFO - [2026-06-04T02:34:24.572+0000] {dagbag.py:545} INFO - Filling up the DagBag from /opt/airflow/dags/minio_to_snowflake.py
[2026-06-04T02:34:26.094+0000] {processor.py:840} INFO - DAG(s) 'minio_to_snowflake' retrieved from /opt/airflow/dags/minio_to_snowflake.py
[2026-06-04T02:34:26.167+0000] {logging_mixin.py:188} INFO - [2026-06-04T02:34:26.166+0000] {dag.py:3089} INFO - Sync 1 DAGs
[2026-06-04T02:34:26.202+0000] {logging_mixin.py:188} INFO - [2026-06-04T02:34:26.202+0000] {dag.py:3947} INFO - Setting next_dagrun for minio_to_snowflake to 2026-06-04 02:33:00+00:00, run_after=2026-06-04 02:34:00+00:00
[2026-06-04T02:34:26.238+0000] {processor.py:183} INFO - Processing /opt/airflow/dags/minio_to_snowflake.py took 1.680 seconds
[2026-06-04T02:34:56.506+0000] {processor.py:161} INFO - Started process (PID=40933) to work on /opt/airflow/dags/minio_to_snowflake.py
[2026-06-04T02:34:56.508+0000] {processor.py:830} INFO - Processing file /opt/airflow/dags/minio_to_snowflake.py for tasks to queue
[2026-06-04T02:34:56.510+0000] {logging_mixin.py:188} INFO - [2026-06-04T02:34:56.510+0000] {dagbag.py:545} INFO - Filling up the DagBag from /opt/airflow/dags/minio_to_snowflake.py
[2026-06-04T02:34:57.827+0000] {processor.py:840} INFO - DAG(s) 'minio_to_snowflake' retrieved from /opt/airflow/dags/minio_to_snowflake.py
[2026-06-04T02:34:57.868+0000] {logging_mixin.py:188} INFO - [2026-06-04T02:34:57.867+0000] {dag.py:3089} INFO - Sync 1 DAGs
[2026-06-04T02:34:57.901+0000] {logging_mixin.py:188} INFO - [2026-06-04T02:34:57.901+0000] {dag.py:3947} INFO - Setting next_dagrun for minio_to_snowflake to 2026-06-04 02:33:00+00:00, run_after=2026-06-04 02:34:00+00:00
[2026-06-04T02:34:57.926+0000] {processor.py:183} INFO - Processing /opt/airflow/dags/minio_to_snowflake.py took 1.428 seconds
[2026-06-04T02:35:28.252+0000] {processor.py:161} INFO - Started process (PID=41013) to work on /opt/airflow/dags/minio_to_snowflake.py
[2026-06-04T02:35:28.253+0000] {processor.py:830} INFO - Processing file /opt/airflow/dags/minio_to_snowflake.py for tasks to queue
[2026-06-04T02:35:28.262+0000] {logging_mixin.py:188} INFO - [2026-06-04T02:35:28.256+0000] {dagbag.py:545} INFO - Filling up the DagBag from /opt/airflow/dags/minio_to_snowflake.py
[2026-06-04T02:35:29.466+0000] {processor.py:840} INFO - DAG(s) 'minio_to_snowflake' retrieved from /opt/airflow/dags/minio_to_snowflake.py
[2026-06-04T02:35:29.521+0000] {logging_mixin.py:188} INFO - [2026-06-04T02:35:29.518+0000] {dag.py:3089} INFO - Sync 1 DAGs
[2026-06-04T02:35:29.564+0000] {logging_mixin.py:188} INFO - [2026-06-04T02:35:29.564+0000] {dag.py:3947} INFO - Setting next_dagrun for minio_to_snowflake to 2026-06-04 02:34:00+00:00, run_after=2026-06-04 02:35:00+00:00
[2026-06-04T02:35:29.598+0000] {processor.py:183} INFO - Processing /opt/airflow/dags/minio_to_snowflake.py took 1.357 seconds
[2026-06-04T02:35:59.874+0000] {processor.py:161} INFO - Started process (PID=41670) to work on /opt/airflow/dags/minio_to_snowflake.py
[2026-06-04T02:35:59.886+0000] {processor.py:830} INFO - Processing file /opt/airflow/dags/minio_to_snowflake.py for tasks to queue
[2026-06-04T02:35:59.889+0000] {logging_mixin.py:188} INFO - [2026-06-04T02:35:59.888+0000] {dagbag.py:545} INFO - Filling up the DagBag from /opt/airflow/dags/minio_to_snowflake.py
[2026-06-04T02:36:01.146+0000] {processor.py:840} INFO - DAG(s) 'minio_to_snowflake' retrieved from /opt/airflow/dags/minio_to_snowflake.py
[2026-06-04T02:36:01.189+0000] {logging_mixin.py:188} INFO - [2026-06-04T02:36:01.188+0000] {dag.py:3089} INFO - Sync 1 DAGs
[2026-06-04T02:36:01.240+0000] {logging_mixin.py:188} INFO - [2026-06-04T02:36:01.240+0000] {dag.py:3947} INFO - Setting next_dagrun for minio_to_snowflake to 2026-06-04 02:35:00+00:00, run_after=2026-06-04 02:36:00+00:00
[2026-06-04T02:36:01.277+0000] {processor.py:183} INFO - Processing /opt/airflow/dags/minio_to_snowflake.py took 1.412 seconds
[2026-06-04T02:36:31.512+0000] {processor.py:161} INFO - Started process (PID=42273) to work on /opt/airflow/dags/minio_to_snowflake.py
[2026-06-04T02:36:31.513+0000] {processor.py:830} INFO - Processing file /opt/airflow/dags/minio_to_snowflake.py for tasks to queue
[2026-06-04T02:36:31.516+0000] {logging_mixin.py:188} INFO - [2026-06-04T02:36:31.516+0000] {dagbag.py:545} INFO - Filling up the DagBag from /opt/airflow/dags/minio_to_snowflake.py
[2026-06-04T02:36:32.563+0000] {processor.py:840} INFO - DAG(s) 'minio_to_snowflake' retrieved from /opt/airflow/dags/minio_to_snowflake.py
[2026-06-04T02:36:32.601+0000] {logging_mixin.py:188} INFO - [2026-06-04T02:36:32.600+0000] {dag.py:3089} INFO - Sync 1 DAGs
[2026-06-04T02:36:32.632+0000] {logging_mixin.py:188} INFO - [2026-06-04T02:36:32.632+0000] {dag.py:3947} INFO - Setting next_dagrun for minio_to_snowflake to 2026-06-04 02:35:00+00:00, run_after=2026-06-04 02:36:00+00:00
[2026-06-04T02:36:32.657+0000] {processor.py:183} INFO - Processing /opt/airflow/dags/minio_to_snowflake.py took 1.154 seconds
[2026-06-04T02:37:02.951+0000] {processor.py:161} INFO - Started process (PID=42368) to work on /opt/airflow/dags/minio_to_snowflake.py
[2026-06-04T02:37:02.953+0000] {processor.py:830} INFO - Processing file /opt/airflow/dags/minio_to_snowflake.py for tasks to queue
[2026-06-04T02:37:02.958+0000] {logging_mixin.py:188} INFO - [2026-06-04T02:37:02.958+0000] {dagbag.py:545} INFO - Filling up the DagBag from /opt/airflow/dags/minio_to_snowflake.py
[2026-06-04T02:37:04.482+0000] {processor.py:840} INFO - DAG(s) 'minio_to_snowflake' retrieved from /opt/airflow/dags/minio_to_snowflake.py
[2026-06-04T02:37:04.532+0000] {logging_mixin.py:188} INFO - [2026-06-04T02:37:04.530+0000] {dag.py:3089} INFO - Sync 1 DAGs
[2026-06-04T02:37:04.601+0000] {logging_mixin.py:188} INFO - [2026-06-04T02:37:04.600+0000] {dag.py:3947} INFO - Setting next_dagrun for minio_to_snowflake to 2026-06-04 02:36:00+00:00, run_after=2026-06-04 02:37:00+00:00
[2026-06-04T02:37:04.644+0000] {processor.py:183} INFO - Processing /opt/airflow/dags/minio_to_snowflake.py took 1.707 seconds
[2026-06-04T02:37:35.017+0000] {processor.py:161} INFO - Started process (PID=42469) to work on /opt/airflow/dags/minio_to_snowflake.py
[2026-06-04T02:37:35.018+0000] {processor.py:830} INFO - Processing file /opt/airflow/dags/minio_to_snowflake.py for tasks to queue
[2026-06-04T02:37:35.020+0000] {logging_mixin.py:188} INFO - [2026-06-04T02:37:35.020+0000] {dagbag.py:545} INFO - Filling up the DagBag from /opt/airflow/dags/minio_to_snowflake.py
[2026-06-04T02:37:36.052+0000] {processor.py:840} INFO - DAG(s) 'minio_to_snowflake' retrieved from /opt/airflow/dags/minio_to_snowflake.py
[2026-06-04T02:37:36.086+0000] {logging_mixin.py:188} INFO - [2026-06-04T02:37:36.085+0000] {dag.py:3089} INFO - Sync 1 DAGs
[2026-06-04T02:37:36.113+0000] {logging_mixin.py:188} INFO - [2026-06-04T02:37:36.113+0000] {dag.py:3947} INFO - Setting next_dagrun for minio_to_snowflake to 2026-06-04 02:36:00+00:00, run_after=2026-06-04 02:37:00+00:00
[2026-06-04T02:37:36.145+0000] {processor.py:183} INFO - Processing /opt/airflow/dags/minio_to_snowflake.py took 1.137 seconds
[2026-06-04T02:38:06.417+0000] {processor.py:161} INFO - Started process (PID=42573) to work on /opt/airflow/dags/minio_to_snowflake.py
[2026-06-04T02:38:06.419+0000] {processor.py:830} INFO - Processing file /opt/airflow/dags/minio_to_snowflake.py for tasks to queue
[2026-06-04T02:38:06.421+0000] {logging_mixin.py:188} INFO - [2026-06-04T02:38:06.421+0000] {dagbag.py:545} INFO - Filling up the DagBag from /opt/airflow/dags/minio_to_snowflake.py
[2026-06-04T02:38:07.859+0000] {processor.py:840} INFO - DAG(s) 'minio_to_snowflake' retrieved from /opt/airflow/dags/minio_to_snowflake.py
[2026-06-04T02:38:07.900+0000] {logging_mixin.py:188} INFO - [2026-06-04T02:38:07.899+0000] {dag.py:3089} INFO - Sync 1 DAGs
[2026-06-04T02:38:07.934+0000] {logging_mixin.py:188} INFO - [2026-06-04T02:38:07.934+0000] {dag.py:3947} INFO - Setting next_dagrun for minio_to_snowflake to 2026-06-04 02:37:00+00:00, run_after=2026-06-04 02:38:00+00:00
[2026-06-04T02:38:07.957+0000] {processor.py:183} INFO - Processing /opt/airflow/dags/minio_to_snowflake.py took 1.548 seconds
[2026-06-04T02:38:38.299+0000] {processor.py:161} INFO - Started process (PID=42647) to work on /opt/airflow/dags/minio_to_snowflake.py
[2026-06-04T02:38:38.310+0000] {processor.py:830} INFO - Processing file /opt/airflow/dags/minio_to_snowflake.py for tasks to queue
[2026-06-04T02:38:38.314+0000] {logging_mixin.py:188} INFO - [2026-06-04T02:38:38.313+0000] {dagbag.py:545} INFO - Filling up the DagBag from /opt/airflow/dags/minio_to_snowflake.py
[2026-06-04T02:38:39.562+0000] {processor.py:840} INFO - DAG(s) 'minio_to_snowflake' retrieved from /opt/airflow/dags/minio_to_snowflake.py
[2026-06-04T02:38:39.628+0000] {logging_mixin.py:188} INFO - [2026-06-04T02:38:39.627+0000] {dag.py:3089} INFO - Sync 1 DAGs
[2026-06-04T02:38:39.664+0000] {logging_mixin.py:188} INFO - [2026-06-04T02:38:39.664+0000] {dag.py:3947} INFO - Setting next_dagrun for minio_to_snowflake to 2026-06-04 02:37:00+00:00, run_after=2026-06-04 02:38:00+00:00
[2026-06-04T02:38:39.690+0000] {processor.py:183} INFO - Processing /opt/airflow/dags/minio_to_snowflake.py took 1.400 seconds
[2026-06-04T02:39:10.063+0000] {processor.py:161} INFO - Started process (PID=42729) to work on /opt/airflow/dags/minio_to_snowflake.py
[2026-06-04T02:39:10.064+0000] {processor.py:830} INFO - Processing file /opt/airflow/dags/minio_to_snowflake.py for tasks to queue
[2026-06-04T02:39:10.068+0000] {logging_mixin.py:188} INFO - [2026-06-04T02:39:10.068+0000] {dagbag.py:545} INFO - Filling up the DagBag from /opt/airflow/dags/minio_to_snowflake.py
[2026-06-04T02:39:11.345+0000] {processor.py:840} INFO - DAG(s) 'minio_to_snowflake' retrieved from /opt/airflow/dags/minio_to_snowflake.py
[2026-06-04T02:39:11.384+0000] {logging_mixin.py:188} INFO - [2026-06-04T02:39:11.384+0000] {dag.py:3089} INFO - Sync 1 DAGs
[2026-06-04T02:39:11.415+0000] {logging_mixin.py:188} INFO - [2026-06-04T02:39:11.414+0000] {dag.py:3947} INFO - Setting next_dagrun for minio_to_snowflake to 2026-06-04 02:38:00+00:00, run_after=2026-06-04 02:39:00+00:00
[2026-06-04T02:39:11.443+0000] {processor.py:183} INFO - Processing /opt/airflow/dags/minio_to_snowflake.py took 1.388 seconds
[2026-06-04T02:39:41.756+0000] {processor.py:161} INFO - Started process (PID=42795) to work on /opt/airflow/dags/minio_to_snowflake.py
[2026-06-04T02:39:41.758+0000] {processor.py:830} INFO - Processing file /opt/airflow/dags/minio_to_snowflake.py for tasks to queue
[2026-06-04T02:39:41.763+0000] {logging_mixin.py:188} INFO - [2026-06-04T02:39:41.763+0000] {dagbag.py:545} INFO - Filling up the DagBag from /opt/airflow/dags/minio_to_snowflake.py
[2026-06-04T02:39:43.134+0000] {processor.py:840} INFO - DAG(s) 'minio_to_snowflake' retrieved from /opt/airflow/dags/minio_to_snowflake.py
[2026-06-04T02:39:43.181+0000] {logging_mixin.py:188} INFO - [2026-06-04T02:39:43.181+0000] {dag.py:3089} INFO - Sync 1 DAGs
[2026-06-04T02:39:43.208+0000] {logging_mixin.py:188} INFO - [2026-06-04T02:39:43.208+0000] {dag.py:3947} INFO - Setting next_dagrun for minio_to_snowflake to 2026-06-04 02:39:00+00:00, run_after=2026-06-04 02:40:00+00:00
[2026-06-04T02:39:43.231+0000] {processor.py:183} INFO - Processing /opt/airflow/dags/minio_to_snowflake.py took 1.486 seconds
[2026-06-04T02:40:13.499+0000] {processor.py:161} INFO - Started process (PID=43966) to work on /opt/airflow/dags/minio_to_snowflake.py
[2026-06-04T02:40:13.501+0000] {processor.py:830} INFO - Processing file /opt/airflow/dags/minio_to_snowflake.py for tasks to queue
[2026-06-04T02:40:13.512+0000] {logging_mixin.py:188} INFO - [2026-06-04T02:40:13.511+0000] {dagbag.py:545} INFO - Filling up the DagBag from /opt/airflow/dags/minio_to_snowflake.py
[2026-06-04T02:40:14.770+0000] {processor.py:840} INFO - DAG(s) 'minio_to_snowflake' retrieved from /opt/airflow/dags/minio_to_snowflake.py
[2026-06-04T02:40:14.812+0000] {logging_mixin.py:188} INFO - [2026-06-04T02:40:14.812+0000] {dag.py:3089} INFO - Sync 1 DAGs
[2026-06-04T02:40:14.846+0000] {logging_mixin.py:188} INFO - [2026-06-04T02:40:14.846+0000] {dag.py:3947} INFO - Setting next_dagrun for minio_to_snowflake to 2026-06-04 02:39:00+00:00, run_after=2026-06-04 02:40:00+00:00
[2026-06-04T02:40:14.871+0000] {processor.py:183} INFO - Processing /opt/airflow/dags/minio_to_snowflake.py took 1.382 seconds
[2026-06-04T02:40:45.098+0000] {processor.py:161} INFO - Started process (PID=44048) to work on /opt/airflow/dags/minio_to_snowflake.py
[2026-06-04T02:40:45.100+0000] {processor.py:830} INFO - Processing file /opt/airflow/dags/minio_to_snowflake.py for tasks to queue
[2026-06-04T02:40:45.103+0000] {logging_mixin.py:188} INFO - [2026-06-04T02:40:45.102+0000] {dagbag.py:545} INFO - Filling up the DagBag from /opt/airflow/dags/minio_to_snowflake.py
[2026-06-04T02:40:46.195+0000] {processor.py:840} INFO - DAG(s) 'minio_to_snowflake' retrieved from /opt/airflow/dags/minio_to_snowflake.py
[2026-06-04T02:40:46.229+0000] {logging_mixin.py:188} INFO - [2026-06-04T02:40:46.228+0000] {dag.py:3089} INFO - Sync 1 DAGs
[2026-06-04T02:40:46.259+0000] {logging_mixin.py:188} INFO - [2026-06-04T02:40:46.259+0000] {dag.py:3947} INFO - Setting next_dagrun for minio_to_snowflake to 2026-06-04 02:39:00+00:00, run_after=2026-06-04 02:40:00+00:00
[2026-06-04T02:40:46.285+0000] {processor.py:183} INFO - Processing /opt/airflow/dags/minio_to_snowflake.py took 1.194 seconds
[2026-06-04T02:41:16.571+0000] {processor.py:161} INFO - Started process (PID=44146) to work on /opt/airflow/dags/minio_to_snowflake.py
[2026-06-04T02:41:16.573+0000] {processor.py:830} INFO - Processing file /opt/airflow/dags/minio_to_snowflake.py for tasks to queue
[2026-06-04T02:41:16.577+0000] {logging_mixin.py:188} INFO - [2026-06-04T02:41:16.576+0000] {dagbag.py:545} INFO - Filling up the DagBag from /opt/airflow/dags/minio_to_snowflake.py
[2026-06-04T02:41:17.897+0000] {processor.py:840} INFO - DAG(s) 'minio_to_snowflake' retrieved from /opt/airflow/dags/minio_to_snowflake.py
[2026-06-04T02:41:17.937+0000] {logging_mixin.py:188} INFO - [2026-06-04T02:41:17.937+0000] {dag.py:3089} INFO - Sync 1 DAGs
[2026-06-04T02:41:17.975+0000] {logging_mixin.py:188} INFO - [2026-06-04T02:41:17.975+0000] {dag.py:3947} INFO - Setting next_dagrun for minio_to_snowflake to 2026-06-04 02:40:00+00:00, run_after=2026-06-04 02:41:00+00:00
[2026-06-04T02:41:18.008+0000] {processor.py:183} INFO - Processing /opt/airflow/dags/minio_to_snowflake.py took 1.444 seconds
[2026-06-04T02:41:48.414+0000] {processor.py:161} INFO - Started process (PID=44257) to work on /opt/airflow/dags/minio_to_snowflake.py
[2026-06-04T02:41:48.415+0000] {processor.py:830} INFO - Processing file /opt/airflow/dags/minio_to_snowflake.py for tasks to queue
[2026-06-04T02:41:48.418+0000] {logging_mixin.py:188} INFO - [2026-06-04T02:41:48.418+0000] {dagbag.py:545} INFO - Filling up the DagBag from /opt/airflow/dags/minio_to_snowflake.py
[2026-06-04T02:41:49.479+0000] {processor.py:840} INFO - DAG(s) 'minio_to_snowflake' retrieved from /opt/airflow/dags/minio_to_snowflake.py
[2026-06-04T02:41:49.516+0000] {logging_mixin.py:188} INFO - [2026-06-04T02:41:49.514+0000] {dag.py:3089} INFO - Sync 1 DAGs
[2026-06-04T02:41:49.553+0000] {logging_mixin.py:188} INFO - [2026-06-04T02:41:49.553+0000] {dag.py:3947} INFO - Setting next_dagrun for minio_to_snowflake to 2026-06-04 02:40:00+00:00, run_after=2026-06-04 02:41:00+00:00
[2026-06-04T02:41:49.576+0000] {processor.py:183} INFO - Processing /opt/airflow/dags/minio_to_snowflake.py took 1.173 seconds
[2026-06-04T02:42:19.693+0000] {processor.py:161} INFO - Started process (PID=44364) to work on /opt/airflow/dags/minio_to_snowflake.py
[2026-06-04T02:42:19.694+0000] {processor.py:830} INFO - Processing file /opt/airflow/dags/minio_to_snowflake.py for tasks to queue
[2026-06-04T02:42:19.697+0000] {logging_mixin.py:188} INFO - [2026-06-04T02:42:19.696+0000] {dagbag.py:545} INFO - Filling up the DagBag from /opt/airflow/dags/minio_to_snowflake.py
[2026-06-04T02:42:20.812+0000] {processor.py:840} INFO - DAG(s) 'minio_to_snowflake' retrieved from /opt/airflow/dags/minio_to_snowflake.py
[2026-06-04T02:42:20.850+0000] {logging_mixin.py:188} INFO - [2026-06-04T02:42:20.849+0000] {dag.py:3089} INFO - Sync 1 DAGs
[2026-06-04T02:42:20.878+0000] {logging_mixin.py:188} INFO - [2026-06-04T02:42:20.878+0000] {dag.py:3947} INFO - Setting next_dagrun for minio_to_snowflake to 2026-06-04 02:41:00+00:00, run_after=2026-06-04 02:42:00+00:00
[2026-06-04T02:42:20.951+0000] {processor.py:183} INFO - Processing /opt/airflow/dags/minio_to_snowflake.py took 1.267 seconds
[2026-06-04T02:42:51.060+0000] {processor.py:161} INFO - Started process (PID=44485) to work on /opt/airflow/dags/minio_to_snowflake.py
[2026-06-04T02:42:51.062+0000] {processor.py:830} INFO - Processing file /opt/airflow/dags/minio_to_snowflake.py for tasks to queue
[2026-06-04T02:42:51.068+0000] {logging_mixin.py:188} INFO - [2026-06-04T02:42:51.067+0000] {dagbag.py:545} INFO - Filling up the DagBag from /opt/airflow/dags/minio_to_snowflake.py
[2026-06-04T02:42:52.166+0000] {processor.py:840} INFO - DAG(s) 'minio_to_snowflake' retrieved from /opt/airflow/dags/minio_to_snowflake.py
[2026-06-04T02:42:52.214+0000] {logging_mixin.py:188} INFO - [2026-06-04T02:42:52.214+0000] {dag.py:3089} INFO - Sync 1 DAGs
[2026-06-04T02:42:52.245+0000] {logging_mixin.py:188} INFO - [2026-06-04T02:42:52.245+0000] {dag.py:3947} INFO - Setting next_dagrun for minio_to_snowflake to 2026-06-04 02:41:00+00:00, run_after=2026-06-04 02:42:00+00:00
[2026-06-04T02:42:52.273+0000] {processor.py:183} INFO - Processing /opt/airflow/dags/minio_to_snowflake.py took 1.221 seconds
[2026-06-04T02:43:22.506+0000] {processor.py:161} INFO - Started process (PID=45653) to work on /opt/airflow/dags/minio_to_snowflake.py
[2026-06-04T02:43:22.508+0000] {processor.py:830} INFO - Processing file /opt/airflow/dags/minio_to_snowflake.py for tasks to queue
[2026-06-04T02:43:22.511+0000] {logging_mixin.py:188} INFO - [2026-06-04T02:43:22.511+0000] {dagbag.py:545} INFO - Filling up the DagBag from /opt/airflow/dags/minio_to_snowflake.py
[2026-06-04T02:43:23.597+0000] {processor.py:840} INFO - DAG(s) 'minio_to_snowflake' retrieved from /opt/airflow/dags/minio_to_snowflake.py
[2026-06-04T02:43:23.631+0000] {logging_mixin.py:188} INFO - [2026-06-04T02:43:23.630+0000] {dag.py:3089} INFO - Sync 1 DAGs
[2026-06-04T02:43:23.660+0000] {logging_mixin.py:188} INFO - [2026-06-04T02:43:23.659+0000] {dag.py:3947} INFO - Setting next_dagrun for minio_to_snowflake to 2026-06-04 02:42:00+00:00, run_after=2026-06-04 02:43:00+00:00
[2026-06-04T02:43:23.684+0000] {processor.py:183} INFO - Processing /opt/airflow/dags/minio_to_snowflake.py took 1.187 seconds
[2026-06-04T02:43:53.894+0000] {processor.py:161} INFO - Started process (PID=45769) to work on /opt/airflow/dags/minio_to_snowflake.py
[2026-06-04T02:43:53.896+0000] {processor.py:830} INFO - Processing file /opt/airflow/dags/minio_to_snowflake.py for tasks to queue
[2026-06-04T02:43:53.898+0000] {logging_mixin.py:188} INFO - [2026-06-04T02:43:53.898+0000] {dagbag.py:545} INFO - Filling up the DagBag from /opt/airflow/dags/minio_to_snowflake.py
[2026-06-04T02:43:54.932+0000] {processor.py:840} INFO - DAG(s) 'minio_to_snowflake' retrieved from /opt/airflow/dags/minio_to_snowflake.py
[2026-06-04T02:43:54.968+0000] {logging_mixin.py:188} INFO - [2026-06-04T02:43:54.967+0000] {dag.py:3089} INFO - Sync 1 DAGs
[2026-06-04T02:43:54.998+0000] {logging_mixin.py:188} INFO - [2026-06-04T02:43:54.998+0000] {dag.py:3947} INFO - Setting next_dagrun for minio_to_snowflake to 2026-06-04 02:42:00+00:00, run_after=2026-06-04 02:43:00+00:00
[2026-06-04T02:43:55.023+0000] {processor.py:183} INFO - Processing /opt/airflow/dags/minio_to_snowflake.py took 1.140 seconds
[2026-06-04T02:44:25.157+0000] {processor.py:161} INFO - Started process (PID=45884) to work on /opt/airflow/dags/minio_to_snowflake.py
[2026-06-04T02:44:25.160+0000] {processor.py:830} INFO - Processing file /opt/airflow/dags/minio_to_snowflake.py for tasks to queue
[2026-06-04T02:44:25.164+0000] {logging_mixin.py:188} INFO - [2026-06-04T02:44:25.163+0000] {dagbag.py:545} INFO - Filling up the DagBag from /opt/airflow/dags/minio_to_snowflake.py
[2026-06-04T02:44:26.633+0000] {processor.py:840} INFO - DAG(s) 'minio_to_snowflake' retrieved from /opt/airflow/dags/minio_to_snowflake.py
[2026-06-04T02:44:26.667+0000] {logging_mixin.py:188} INFO - [2026-06-04T02:44:26.666+0000] {dag.py:3089} INFO - Sync 1 DAGs
[2026-06-04T02:44:26.699+0000] {logging_mixin.py:188} INFO - [2026-06-04T02:44:26.699+0000] {dag.py:3947} INFO - Setting next_dagrun for minio_to_snowflake to 2026-06-04 02:43:00+00:00, run_after=2026-06-04 02:44:00+00:00
[2026-06-04T02:44:26.729+0000] {processor.py:183} INFO - Processing /opt/airflow/dags/minio_to_snowflake.py took 1.580 seconds
[2026-06-04T02:44:56.975+0000] {processor.py:161} INFO - Started process (PID=46000) to work on /opt/airflow/dags/minio_to_snowflake.py
[2026-06-04T02:44:56.976+0000] {processor.py:830} INFO - Processing file /opt/airflow/dags/minio_to_snowflake.py for tasks to queue
[2026-06-04T02:44:56.979+0000] {logging_mixin.py:188} INFO - [2026-06-04T02:44:56.978+0000] {dagbag.py:545} INFO - Filling up the DagBag from /opt/airflow/dags/minio_to_snowflake.py
[2026-06-04T02:44:58.257+0000] {processor.py:840} INFO - DAG(s) 'minio_to_snowflake' retrieved from /opt/airflow/dags/minio_to_snowflake.py
[2026-06-04T02:44:58.296+0000] {logging_mixin.py:188} INFO - [2026-06-04T02:44:58.296+0000] {dag.py:3089} INFO - Sync 1 DAGs
[2026-06-04T02:44:58.330+0000] {logging_mixin.py:188} INFO - [2026-06-04T02:44:58.329+0000] {dag.py:3947} INFO - Setting next_dagrun for minio_to_snowflake to 2026-06-04 02:43:00+00:00, run_after=2026-06-04 02:44:00+00:00
[2026-06-04T02:44:58.357+0000] {processor.py:183} INFO - Processing /opt/airflow/dags/minio_to_snowflake.py took 1.391 seconds
[2026-06-04T02:45:28.659+0000] {processor.py:161} INFO - Started process (PID=46113) to work on /opt/airflow/dags/minio_to_snowflake.py
[2026-06-04T02:45:28.662+0000] {processor.py:830} INFO - Processing file /opt/airflow/dags/minio_to_snowflake.py for tasks to queue
[2026-06-04T02:45:28.664+0000] {logging_mixin.py:188} INFO - [2026-06-04T02:45:28.664+0000] {dagbag.py:545} INFO - Filling up the DagBag from /opt/airflow/dags/minio_to_snowflake.py
[2026-06-04T02:45:29.687+0000] {processor.py:840} INFO - DAG(s) 'minio_to_snowflake' retrieved from /opt/airflow/dags/minio_to_snowflake.py
[2026-06-04T02:45:29.720+0000] {logging_mixin.py:188} INFO - [2026-06-04T02:45:29.719+0000] {dag.py:3089} INFO - Sync 1 DAGs
[2026-06-04T02:45:29.779+0000] {logging_mixin.py:188} INFO - [2026-06-04T02:45:29.778+0000] {dag.py:3947} INFO - Setting next_dagrun for minio_to_snowflake to 2026-06-04 02:44:00+00:00, run_after=2026-06-04 02:45:00+00:00
[2026-06-04T02:45:29.837+0000] {processor.py:183} INFO - Processing /opt/airflow/dags/minio_to_snowflake.py took 1.185 seconds
[2026-06-04T02:46:00.130+0000] {processor.py:161} INFO - Started process (PID=46585) to work on /opt/airflow/dags/minio_to_snowflake.py
[2026-06-04T02:46:00.133+0000] {processor.py:830} INFO - Processing file /opt/airflow/dags/minio_to_snowflake.py for tasks to queue
[2026-06-04T02:46:00.136+0000] {logging_mixin.py:188} INFO - [2026-06-04T02:46:00.136+0000] {dagbag.py:545} INFO - Filling up the DagBag from /opt/airflow/dags/minio_to_snowflake.py
[2026-06-04T02:46:01.348+0000] {processor.py:840} INFO - DAG(s) 'minio_to_snowflake' retrieved from /opt/airflow/dags/minio_to_snowflake.py
[2026-06-04T02:46:01.392+0000] {logging_mixin.py:188} INFO - [2026-06-04T02:46:01.391+0000] {dag.py:3089} INFO - Sync 1 DAGs
[2026-06-04T02:46:01.428+0000] {logging_mixin.py:188} INFO - [2026-06-04T02:46:01.427+0000] {dag.py:3947} INFO - Setting next_dagrun for minio_to_snowflake to 2026-06-04 02:45:00+00:00, run_after=2026-06-04 02:46:00+00:00
[2026-06-04T02:46:01.451+0000] {processor.py:183} INFO - Processing /opt/airflow/dags/minio_to_snowflake.py took 1.332 seconds
[2026-06-04T02:46:31.732+0000] {processor.py:161} INFO - Started process (PID=47398) to work on /opt/airflow/dags/minio_to_snowflake.py
[2026-06-04T02:46:31.734+0000] {processor.py:830} INFO - Processing file /opt/airflow/dags/minio_to_snowflake.py for tasks to queue
[2026-06-04T02:46:31.736+0000] {logging_mixin.py:188} INFO - [2026-06-04T02:46:31.736+0000] {dagbag.py:545} INFO - Filling up the DagBag from /opt/airflow/dags/minio_to_snowflake.py
[2026-06-04T02:46:32.771+0000] {processor.py:840} INFO - DAG(s) 'minio_to_snowflake' retrieved from /opt/airflow/dags/minio_to_snowflake.py
[2026-06-04T02:46:32.811+0000] {logging_mixin.py:188} INFO - [2026-06-04T02:46:32.807+0000] {dag.py:3089} INFO - Sync 1 DAGs
[2026-06-04T02:46:32.858+0000] {logging_mixin.py:188} INFO - [2026-06-04T02:46:32.857+0000] {dag.py:3947} INFO - Setting next_dagrun for minio_to_snowflake to 2026-06-04 02:45:00+00:00, run_after=2026-06-04 02:46:00+00:00
[2026-06-04T02:46:32.883+0000] {processor.py:183} INFO - Processing /opt/airflow/dags/minio_to_snowflake.py took 1.161 seconds
[2026-06-04T02:47:03.106+0000] {processor.py:161} INFO - Started process (PID=47512) to work on /opt/airflow/dags/minio_to_snowflake.py
[2026-06-04T02:47:03.107+0000] {processor.py:830} INFO - Processing file /opt/airflow/dags/minio_to_snowflake.py for tasks to queue
[2026-06-04T02:47:03.112+0000] {logging_mixin.py:188} INFO - [2026-06-04T02:47:03.111+0000] {dagbag.py:545} INFO - Filling up the DagBag from /opt/airflow/dags/minio_to_snowflake.py
[2026-06-04T02:47:04.125+0000] {processor.py:840} INFO - DAG(s) 'minio_to_snowflake' retrieved from /opt/airflow/dags/minio_to_snowflake.py
[2026-06-04T02:47:04.156+0000] {logging_mixin.py:188} INFO - [2026-06-04T02:47:04.156+0000] {dag.py:3089} INFO - Sync 1 DAGs
[2026-06-04T02:47:04.186+0000] {logging_mixin.py:188} INFO - [2026-06-04T02:47:04.185+0000] {dag.py:3947} INFO - Setting next_dagrun for minio_to_snowflake to 2026-06-04 02:46:00+00:00, run_after=2026-06-04 02:47:00+00:00
[2026-06-04T02:47:04.211+0000] {processor.py:183} INFO - Processing /opt/airflow/dags/minio_to_snowflake.py took 1.114 seconds
[2026-06-04T02:47:34.322+0000] {processor.py:161} INFO - Started process (PID=47624) to work on /opt/airflow/dags/minio_to_snowflake.py
[2026-06-04T02:47:34.324+0000] {processor.py:830} INFO - Processing file /opt/airflow/dags/minio_to_snowflake.py for tasks to queue
[2026-06-04T02:47:34.329+0000] {logging_mixin.py:188} INFO - [2026-06-04T02:47:34.328+0000] {dagbag.py:545} INFO - Filling up the DagBag from /opt/airflow/dags/minio_to_snowflake.py
[2026-06-04T02:47:35.646+0000] {processor.py:840} INFO - DAG(s) 'minio_to_snowflake' retrieved from /opt/airflow/dags/minio_to_snowflake.py
[2026-06-04T02:47:35.683+0000] {logging_mixin.py:188} INFO - [2026-06-04T02:47:35.679+0000] {dag.py:3089} INFO - Sync 1 DAGs
[2026-06-04T02:47:35.712+0000] {logging_mixin.py:188} INFO - [2026-06-04T02:47:35.712+0000] {dag.py:3947} INFO - Setting next_dagrun for minio_to_snowflake to 2026-06-04 02:46:00+00:00, run_after=2026-06-04 02:47:00+00:00
[2026-06-04T02:47:35.737+0000] {processor.py:183} INFO - Processing /opt/airflow/dags/minio_to_snowflake.py took 1.427 seconds
[2026-06-04T02:48:06.008+0000] {processor.py:161} INFO - Started process (PID=47741) to work on /opt/airflow/dags/minio_to_snowflake.py
[2026-06-04T02:48:06.011+0000] {processor.py:830} INFO - Processing file /opt/airflow/dags/minio_to_snowflake.py for tasks to queue
[2026-06-04T02:48:06.018+0000] {logging_mixin.py:188} INFO - [2026-06-04T02:48:06.018+0000] {dagbag.py:545} INFO - Filling up the DagBag from /opt/airflow/dags/minio_to_snowflake.py
[2026-06-04T02:48:07.070+0000] {processor.py:840} INFO - DAG(s) 'minio_to_snowflake' retrieved from /opt/airflow/dags/minio_to_snowflake.py
[2026-06-04T02:48:07.103+0000] {logging_mixin.py:188} INFO - [2026-06-04T02:48:07.102+0000] {dag.py:3089} INFO - Sync 1 DAGs
[2026-06-04T02:48:07.132+0000] {logging_mixin.py:188} INFO - [2026-06-04T02:48:07.131+0000] {dag.py:3947} INFO - Setting next_dagrun for minio_to_snowflake to 2026-06-04 02:47:00+00:00, run_after=2026-06-04 02:48:00+00:00
[2026-06-04T02:48:07.152+0000] {processor.py:183} INFO - Processing /opt/airflow/dags/minio_to_snowflake.py took 1.153 seconds
[2026-06-04T02:48:37.419+0000] {processor.py:161} INFO - Started process (PID=47853) to work on /opt/airflow/dags/minio_to_snowflake.py
[2026-06-04T02:48:37.424+0000] {processor.py:830} INFO - Processing file /opt/airflow/dags/minio_to_snowflake.py for tasks to queue
[2026-06-04T02:48:37.430+0000] {logging_mixin.py:188} INFO - [2026-06-04T02:48:37.429+0000] {dagbag.py:545} INFO - Filling up the DagBag from /opt/airflow/dags/minio_to_snowflake.py
[2026-06-04T02:48:39.017+0000] {processor.py:840} INFO - DAG(s) 'minio_to_snowflake' retrieved from /opt/airflow/dags/minio_to_snowflake.py
[2026-06-04T02:48:39.056+0000] {logging_mixin.py:188} INFO - [2026-06-04T02:48:39.055+0000] {dag.py:3089} INFO - Sync 1 DAGs
[2026-06-04T02:48:39.089+0000] {logging_mixin.py:188} INFO - [2026-06-04T02:48:39.089+0000] {dag.py:3947} INFO - Setting next_dagrun for minio_to_snowflake to 2026-06-04 02:47:00+00:00, run_after=2026-06-04 02:48:00+00:00
[2026-06-04T02:48:39.116+0000] {processor.py:183} INFO - Processing /opt/airflow/dags/minio_to_snowflake.py took 1.707 seconds
[2026-06-04T02:49:09.426+0000] {processor.py:161} INFO - Started process (PID=49028) to work on /opt/airflow/dags/minio_to_snowflake.py
[2026-06-04T02:49:09.431+0000] {processor.py:830} INFO - Processing file /opt/airflow/dags/minio_to_snowflake.py for tasks to queue
[2026-06-04T02:49:09.455+0000] {logging_mixin.py:188} INFO - [2026-06-04T02:49:09.452+0000] {dagbag.py:545} INFO - Filling up the DagBag from /opt/airflow/dags/minio_to_snowflake.py
[2026-06-04T02:49:10.585+0000] {processor.py:840} INFO - DAG(s) 'minio_to_snowflake' retrieved from /opt/airflow/dags/minio_to_snowflake.py
[2026-06-04T02:49:10.617+0000] {logging_mixin.py:188} INFO - [2026-06-04T02:49:10.617+0000] {dag.py:3089} INFO - Sync 1 DAGs
[2026-06-04T02:49:10.647+0000] {logging_mixin.py:188} INFO - [2026-06-04T02:49:10.646+0000] {dag.py:3947} INFO - Setting next_dagrun for minio_to_snowflake to 2026-06-04 02:48:00+00:00, run_after=2026-06-04 02:49:00+00:00
[2026-06-04T02:49:10.674+0000] {processor.py:183} INFO - Processing /opt/airflow/dags/minio_to_snowflake.py took 1.256 seconds
[2026-06-04T02:49:40.843+0000] {processor.py:161} INFO - Started process (PID=49146) to work on /opt/airflow/dags/minio_to_snowflake.py
[2026-06-04T02:49:40.844+0000] {processor.py:830} INFO - Processing file /opt/airflow/dags/minio_to_snowflake.py for tasks to queue
[2026-06-04T02:49:40.853+0000] {logging_mixin.py:188} INFO - [2026-06-04T02:49:40.853+0000] {dagbag.py:545} INFO - Filling up the DagBag from /opt/airflow/dags/minio_to_snowflake.py
[2026-06-04T02:49:42.005+0000] {processor.py:840} INFO - DAG(s) 'minio_to_snowflake' retrieved from /opt/airflow/dags/minio_to_snowflake.py
[2026-06-04T02:49:42.045+0000] {logging_mixin.py:188} INFO - [2026-06-04T02:49:42.038+0000] {dag.py:3089} INFO - Sync 1 DAGs
[2026-06-04T02:49:42.076+0000] {logging_mixin.py:188} INFO - [2026-06-04T02:49:42.076+0000] {dag.py:3947} INFO - Setting next_dagrun for minio_to_snowflake to 2026-06-04 02:48:00+00:00, run_after=2026-06-04 02:49:00+00:00
[2026-06-04T02:49:42.100+0000] {processor.py:183} INFO - Processing /opt/airflow/dags/minio_to_snowflake.py took 1.265 seconds
[2026-06-04T02:50:12.314+0000] {processor.py:161} INFO - Started process (PID=49262) to work on /opt/airflow/dags/minio_to_snowflake.py
[2026-06-04T02:50:12.316+0000] {processor.py:830} INFO - Processing file /opt/airflow/dags/minio_to_snowflake.py for tasks to queue
[2026-06-04T02:50:12.318+0000] {logging_mixin.py:188} INFO - [2026-06-04T02:50:12.318+0000] {dagbag.py:545} INFO - Filling up the DagBag from /opt/airflow/dags/minio_to_snowflake.py
[2026-06-04T02:50:13.730+0000] {processor.py:840} INFO - DAG(s) 'minio_to_snowflake' retrieved from /opt/airflow/dags/minio_to_snowflake.py
[2026-06-04T02:50:13.777+0000] {logging_mixin.py:188} INFO - [2026-06-04T02:50:13.774+0000] {dag.py:3089} INFO - Sync 1 DAGs
[2026-06-04T02:50:13.810+0000] {logging_mixin.py:188} INFO - [2026-06-04T02:50:13.809+0000] {dag.py:3947} INFO - Setting next_dagrun for minio_to_snowflake to 2026-06-04 02:49:00+00:00, run_after=2026-06-04 02:50:00+00:00
[2026-06-04T02:50:13.839+0000] {processor.py:183} INFO - Processing /opt/airflow/dags/minio_to_snowflake.py took 1.536 seconds
[2026-06-04T02:50:44.083+0000] {processor.py:161} INFO - Started process (PID=49376) to work on /opt/airflow/dags/minio_to_snowflake.py
[2026-06-04T02:50:44.085+0000] {processor.py:830} INFO - Processing file /opt/airflow/dags/minio_to_snowflake.py for tasks to queue
[2026-06-04T02:50:44.088+0000] {logging_mixin.py:188} INFO - [2026-06-04T02:50:44.088+0000] {dagbag.py:545} INFO - Filling up the DagBag from /opt/airflow/dags/minio_to_snowflake.py
[2026-06-04T02:50:45.117+0000] {processor.py:840} INFO - DAG(s) 'minio_to_snowflake' retrieved from /opt/airflow/dags/minio_to_snowflake.py
[2026-06-04T02:50:45.150+0000] {logging_mixin.py:188} INFO - [2026-06-04T02:50:45.149+0000] {dag.py:3089} INFO - Sync 1 DAGs
[2026-06-04T02:50:45.177+0000] {logging_mixin.py:188} INFO - [2026-06-04T02:50:45.177+0000] {dag.py:3947} INFO - Setting next_dagrun for minio_to_snowflake to 2026-06-04 02:49:00+00:00, run_after=2026-06-04 02:50:00+00:00
[2026-06-04T02:50:45.199+0000] {processor.py:183} INFO - Processing /opt/airflow/dags/minio_to_snowflake.py took 1.124 seconds
[2026-06-04T02:51:15.272+0000] {processor.py:161} INFO - Started process (PID=49489) to work on /opt/airflow/dags/minio_to_snowflake.py
[2026-06-04T02:51:15.273+0000] {processor.py:830} INFO - Processing file /opt/airflow/dags/minio_to_snowflake.py for tasks to queue
[2026-06-04T02:51:15.276+0000] {logging_mixin.py:188} INFO - [2026-06-04T02:51:15.276+0000] {dagbag.py:545} INFO - Filling up the DagBag from /opt/airflow/dags/minio_to_snowflake.py
[2026-06-04T02:51:16.317+0000] {processor.py:840} INFO - DAG(s) 'minio_to_snowflake' retrieved from /opt/airflow/dags/minio_to_snowflake.py
[2026-06-04T02:51:16.356+0000] {logging_mixin.py:188} INFO - [2026-06-04T02:51:16.355+0000] {dag.py:3089} INFO - Sync 1 DAGs
[2026-06-04T02:51:16.390+0000] {logging_mixin.py:188} INFO - [2026-06-04T02:51:16.389+0000] {dag.py:3947} INFO - Setting next_dagrun for minio_to_snowflake to 2026-06-04 02:50:00+00:00, run_after=2026-06-04 02:51:00+00:00
[2026-06-04T02:51:16.413+0000] {processor.py:183} INFO - Processing /opt/airflow/dags/minio_to_snowflake.py took 1.150 seconds
[2026-06-04T02:51:46.642+0000] {processor.py:161} INFO - Started process (PID=49595) to work on /opt/airflow/dags/minio_to_snowflake.py
[2026-06-04T02:51:46.655+0000] {processor.py:830} INFO - Processing file /opt/airflow/dags/minio_to_snowflake.py for tasks to queue
[2026-06-04T02:51:46.663+0000] {logging_mixin.py:188} INFO - [2026-06-04T02:51:46.662+0000] {dagbag.py:545} INFO - Filling up the DagBag from /opt/airflow/dags/minio_to_snowflake.py
[2026-06-04T02:51:48.346+0000] {processor.py:840} INFO - DAG(s) 'minio_to_snowflake' retrieved from /opt/airflow/dags/minio_to_snowflake.py
[2026-06-04T02:51:48.429+0000] {logging_mixin.py:188} INFO - [2026-06-04T02:51:48.428+0000] {dag.py:3089} INFO - Sync 1 DAGs
[2026-06-04T02:51:48.481+0000] {logging_mixin.py:188} INFO - [2026-06-04T02:51:48.481+0000] {dag.py:3947} INFO - Setting next_dagrun for minio_to_snowflake to 2026-06-04 02:50:00+00:00, run_after=2026-06-04 02:51:00+00:00
[2026-06-04T02:51:48.527+0000] {processor.py:183} INFO - Processing /opt/airflow/dags/minio_to_snowflake.py took 1.897 seconds
[2026-06-04T02:52:18.807+0000] {processor.py:161} INFO - Started process (PID=50760) to work on /opt/airflow/dags/minio_to_snowflake.py
[2026-06-04T02:52:18.812+0000] {processor.py:830} INFO - Processing file /opt/airflow/dags/minio_to_snowflake.py for tasks to queue
[2026-06-04T02:52:18.815+0000] {logging_mixin.py:188} INFO - [2026-06-04T02:52:18.814+0000] {dagbag.py:545} INFO - Filling up the DagBag from /opt/airflow/dags/minio_to_snowflake.py
[2026-06-04T02:52:19.819+0000] {processor.py:840} INFO - DAG(s) 'minio_to_snowflake' retrieved from /opt/airflow/dags/minio_to_snowflake.py
[2026-06-04T02:52:19.856+0000] {logging_mixin.py:188} INFO - [2026-06-04T02:52:19.855+0000] {dag.py:3089} INFO - Sync 1 DAGs
[2026-06-04T02:52:19.895+0000] {logging_mixin.py:188} INFO - [2026-06-04T02:52:19.895+0000] {dag.py:3947} INFO - Setting next_dagrun for minio_to_snowflake to 2026-06-04 02:51:00+00:00, run_after=2026-06-04 02:52:00+00:00
[2026-06-04T02:52:19.920+0000] {processor.py:183} INFO - Processing /opt/airflow/dags/minio_to_snowflake.py took 1.121 seconds
[2026-06-04T02:52:50.207+0000] {processor.py:161} INFO - Started process (PID=50859) to work on /opt/airflow/dags/minio_to_snowflake.py
[2026-06-04T02:52:50.217+0000] {processor.py:830} INFO - Processing file /opt/airflow/dags/minio_to_snowflake.py for tasks to queue
[2026-06-04T02:52:50.220+0000] {logging_mixin.py:188} INFO - [2026-06-04T02:52:50.220+0000] {dagbag.py:545} INFO - Filling up the DagBag from /opt/airflow/dags/minio_to_snowflake.py
[2026-06-04T02:52:51.571+0000] {processor.py:840} INFO - DAG(s) 'minio_to_snowflake' retrieved from /opt/airflow/dags/minio_to_snowflake.py
[2026-06-04T02:52:51.611+0000] {logging_mixin.py:188} INFO - [2026-06-04T02:52:51.610+0000] {dag.py:3089} INFO - Sync 1 DAGs
[2026-06-04T02:52:51.644+0000] {logging_mixin.py:188} INFO - [2026-06-04T02:52:51.643+0000] {dag.py:3947} INFO - Setting next_dagrun for minio_to_snowflake to 2026-06-04 02:51:00+00:00, run_after=2026-06-04 02:52:00+00:00
[2026-06-04T02:52:51.676+0000] {processor.py:183} INFO - Processing /opt/airflow/dags/minio_to_snowflake.py took 1.477 seconds
[2026-06-04T02:53:21.905+0000] {processor.py:161} INFO - Started process (PID=50950) to work on /opt/airflow/dags/minio_to_snowflake.py
[2026-06-04T02:53:21.907+0000] {processor.py:830} INFO - Processing file /opt/airflow/dags/minio_to_snowflake.py for tasks to queue
[2026-06-04T02:53:21.910+0000] {logging_mixin.py:188} INFO - [2026-06-04T02:53:21.909+0000] {dagbag.py:545} INFO - Filling up the DagBag from /opt/airflow/dags/minio_to_snowflake.py
[2026-06-04T02:53:22.908+0000] {processor.py:840} INFO - DAG(s) 'minio_to_snowflake' retrieved from /opt/airflow/dags/minio_to_snowflake.py
[2026-06-04T02:53:22.945+0000] {logging_mixin.py:188} INFO - [2026-06-04T02:53:22.944+0000] {dag.py:3089} INFO - Sync 1 DAGs
[2026-06-04T02:53:22.973+0000] {logging_mixin.py:188} INFO - [2026-06-04T02:53:22.973+0000] {dag.py:3947} INFO - Setting next_dagrun for minio_to_snowflake to 2026-06-04 02:52:00+00:00, run_after=2026-06-04 02:53:00+00:00
[2026-06-04T02:53:22.998+0000] {processor.py:183} INFO - Processing /opt/airflow/dags/minio_to_snowflake.py took 1.101 seconds
[2026-06-04T02:53:53.114+0000] {processor.py:161} INFO - Started process (PID=51052) to work on /opt/airflow/dags/minio_to_snowflake.py
[2026-06-04T02:53:53.115+0000] {processor.py:830} INFO - Processing file /opt/airflow/dags/minio_to_snowflake.py for tasks to queue
[2026-06-04T02:53:53.118+0000] {logging_mixin.py:188} INFO - [2026-06-04T02:53:53.118+0000] {dagbag.py:545} INFO - Filling up the DagBag from /opt/airflow/dags/minio_to_snowflake.py
[2026-06-04T02:53:54.130+0000] {processor.py:840} INFO - DAG(s) 'minio_to_snowflake' retrieved from /opt/airflow/dags/minio_to_snowflake.py
[2026-06-04T02:53:54.168+0000] {logging_mixin.py:188} INFO - [2026-06-04T02:53:54.167+0000] {dag.py:3089} INFO - Sync 1 DAGs
[2026-06-04T02:53:54.198+0000] {logging_mixin.py:188} INFO - [2026-06-04T02:53:54.198+0000] {dag.py:3947} INFO - Setting next_dagrun for minio_to_snowflake to 2026-06-04 02:52:00+00:00, run_after=2026-06-04 02:53:00+00:00
[2026-06-04T02:53:54.222+0000] {processor.py:183} INFO - Processing /opt/airflow/dags/minio_to_snowflake.py took 1.116 seconds
[2026-06-04T02:54:24.579+0000] {processor.py:161} INFO - Started process (PID=51153) to work on /opt/airflow/dags/minio_to_snowflake.py
[2026-06-04T02:54:24.580+0000] {processor.py:830} INFO - Processing file /opt/airflow/dags/minio_to_snowflake.py for tasks to queue
[2026-06-04T02:54:24.583+0000] {logging_mixin.py:188} INFO - [2026-06-04T02:54:24.582+0000] {dagbag.py:545} INFO - Filling up the DagBag from /opt/airflow/dags/minio_to_snowflake.py
[2026-06-04T02:54:25.591+0000] {processor.py:840} INFO - DAG(s) 'minio_to_snowflake' retrieved from /opt/airflow/dags/minio_to_snowflake.py
[2026-06-04T02:54:25.630+0000] {logging_mixin.py:188} INFO - [2026-06-04T02:54:25.630+0000] {dag.py:3089} INFO - Sync 1 DAGs
[2026-06-04T02:54:25.659+0000] {logging_mixin.py:188} INFO - [2026-06-04T02:54:25.659+0000] {dag.py:3947} INFO - Setting next_dagrun for minio_to_snowflake to 2026-06-04 02:53:00+00:00, run_after=2026-06-04 02:54:00+00:00
[2026-06-04T02:54:25.684+0000] {processor.py:183} INFO - Processing /opt/airflow/dags/minio_to_snowflake.py took 1.112 seconds
[2026-06-04T02:54:55.844+0000] {processor.py:161} INFO - Started process (PID=51263) to work on /opt/airflow/dags/minio_to_snowflake.py
[2026-06-04T02:54:55.845+0000] {processor.py:830} INFO - Processing file /opt/airflow/dags/minio_to_snowflake.py for tasks to queue
[2026-06-04T02:54:55.851+0000] {logging_mixin.py:188} INFO - [2026-06-04T02:54:55.850+0000] {dagbag.py:545} INFO - Filling up the DagBag from /opt/airflow/dags/minio_to_snowflake.py
[2026-06-04T02:54:56.801+0000] {processor.py:840} INFO - DAG(s) 'minio_to_snowflake' retrieved from /opt/airflow/dags/minio_to_snowflake.py
[2026-06-04T02:54:56.838+0000] {logging_mixin.py:188} INFO - [2026-06-04T02:54:56.838+0000] {dag.py:3089} INFO - Sync 1 DAGs
[2026-06-04T02:54:56.869+0000] {logging_mixin.py:188} INFO - [2026-06-04T02:54:56.869+0000] {dag.py:3947} INFO - Setting next_dagrun for minio_to_snowflake to 2026-06-04 02:53:00+00:00, run_after=2026-06-04 02:54:00+00:00
[2026-06-04T02:54:56.899+0000] {processor.py:183} INFO - Processing /opt/airflow/dags/minio_to_snowflake.py took 1.064 seconds
[2026-06-04T02:55:27.166+0000] {processor.py:161} INFO - Started process (PID=52434) to work on /opt/airflow/dags/minio_to_snowflake.py
[2026-06-04T02:55:27.169+0000] {processor.py:830} INFO - Processing file /opt/airflow/dags/minio_to_snowflake.py for tasks to queue
[2026-06-04T02:55:27.177+0000] {logging_mixin.py:188} INFO - [2026-06-04T02:55:27.177+0000] {dagbag.py:545} INFO - Filling up the DagBag from /opt/airflow/dags/minio_to_snowflake.py
[2026-06-04T02:55:28.335+0000] {processor.py:840} INFO - DAG(s) 'minio_to_snowflake' retrieved from /opt/airflow/dags/minio_to_snowflake.py
[2026-06-04T02:55:28.382+0000] {logging_mixin.py:188} INFO - [2026-06-04T02:55:28.381+0000] {dag.py:3089} INFO - Sync 1 DAGs
[2026-06-04T02:55:28.417+0000] {logging_mixin.py:188} INFO - [2026-06-04T02:55:28.417+0000] {dag.py:3947} INFO - Setting next_dagrun for minio_to_snowflake to 2026-06-04 02:54:00+00:00, run_after=2026-06-04 02:55:00+00:00
[2026-06-04T02:55:28.460+0000] {processor.py:183} INFO - Processing /opt/airflow/dags/minio_to_snowflake.py took 1.302 seconds
[2026-06-04T02:55:58.720+0000] {processor.py:161} INFO - Started process (PID=52547) to work on /opt/airflow/dags/minio_to_snowflake.py
[2026-06-04T02:55:58.721+0000] {processor.py:830} INFO - Processing file /opt/airflow/dags/minio_to_snowflake.py for tasks to queue
[2026-06-04T02:55:58.724+0000] {logging_mixin.py:188} INFO - [2026-06-04T02:55:58.724+0000] {dagbag.py:545} INFO - Filling up the DagBag from /opt/airflow/dags/minio_to_snowflake.py
[2026-06-04T02:55:59.778+0000] {processor.py:840} INFO - DAG(s) 'minio_to_snowflake' retrieved from /opt/airflow/dags/minio_to_snowflake.py
[2026-06-04T02:55:59.824+0000] {logging_mixin.py:188} INFO - [2026-06-04T02:55:59.821+0000] {dag.py:3089} INFO - Sync 1 DAGs
[2026-06-04T02:55:59.865+0000] {logging_mixin.py:188} INFO - [2026-06-04T02:55:59.864+0000] {dag.py:3947} INFO - Setting next_dagrun for minio_to_snowflake to 2026-06-04 02:54:00+00:00, run_after=2026-06-04 02:55:00+00:00
[2026-06-04T02:55:59.887+0000] {processor.py:183} INFO - Processing /opt/airflow/dags/minio_to_snowflake.py took 1.177 seconds
[2026-06-04T02:56:30.144+0000] {processor.py:161} INFO - Started process (PID=52661) to work on /opt/airflow/dags/minio_to_snowflake.py
[2026-06-04T02:56:30.146+0000] {processor.py:830} INFO - Processing file /opt/airflow/dags/minio_to_snowflake.py for tasks to queue
[2026-06-04T02:56:30.149+0000] {logging_mixin.py:188} INFO - [2026-06-04T02:56:30.149+0000] {dagbag.py:545} INFO - Filling up the DagBag from /opt/airflow/dags/minio_to_snowflake.py
[2026-06-04T02:56:31.283+0000] {processor.py:840} INFO - DAG(s) 'minio_to_snowflake' retrieved from /opt/airflow/dags/minio_to_snowflake.py
[2026-06-04T02:56:31.317+0000] {logging_mixin.py:188} INFO - [2026-06-04T02:56:31.316+0000] {dag.py:3089} INFO - Sync 1 DAGs
[2026-06-04T02:56:31.352+0000] {logging_mixin.py:188} INFO - [2026-06-04T02:56:31.352+0000] {dag.py:3947} INFO - Setting next_dagrun for minio_to_snowflake to 2026-06-04 02:55:00+00:00, run_after=2026-06-04 02:56:00+00:00
[2026-06-04T02:56:31.374+0000] {processor.py:183} INFO - Processing /opt/airflow/dags/minio_to_snowflake.py took 1.238 seconds
[2026-06-04T02:57:01.595+0000] {processor.py:161} INFO - Started process (PID=52775) to work on /opt/airflow/dags/minio_to_snowflake.py
[2026-06-04T02:57:01.597+0000] {processor.py:830} INFO - Processing file /opt/airflow/dags/minio_to_snowflake.py for tasks to queue
[2026-06-04T02:57:01.600+0000] {logging_mixin.py:188} INFO - [2026-06-04T02:57:01.599+0000] {dagbag.py:545} INFO - Filling up the DagBag from /opt/airflow/dags/minio_to_snowflake.py
[2026-06-04T02:57:02.626+0000] {processor.py:840} INFO - DAG(s) 'minio_to_snowflake' retrieved from /opt/airflow/dags/minio_to_snowflake.py
[2026-06-04T02:57:02.665+0000] {logging_mixin.py:188} INFO - [2026-06-04T02:57:02.664+0000] {dag.py:3089} INFO - Sync 1 DAGs
[2026-06-04T02:57:02.692+0000] {logging_mixin.py:188} INFO - [2026-06-04T02:57:02.692+0000] {dag.py:3947} INFO - Setting next_dagrun for minio_to_snowflake to 2026-06-04 02:56:00+00:00, run_after=2026-06-04 02:57:00+00:00
[2026-06-04T02:57:02.717+0000] {processor.py:183} INFO - Processing /opt/airflow/dags/minio_to_snowflake.py took 1.130 seconds
[2026-06-04T02:57:32.781+0000] {processor.py:161} INFO - Started process (PID=52888) to work on /opt/airflow/dags/minio_to_snowflake.py
[2026-06-04T02:57:32.783+0000] {processor.py:830} INFO - Processing file /opt/airflow/dags/minio_to_snowflake.py for tasks to queue
[2026-06-04T02:57:32.786+0000] {logging_mixin.py:188} INFO - [2026-06-04T02:57:32.785+0000] {dagbag.py:545} INFO - Filling up the DagBag from /opt/airflow/dags/minio_to_snowflake.py
[2026-06-04T02:57:33.909+0000] {processor.py:840} INFO - DAG(s) 'minio_to_snowflake' retrieved from /opt/airflow/dags/minio_to_snowflake.py
[2026-06-04T02:57:33.945+0000] {logging_mixin.py:188} INFO - [2026-06-04T02:57:33.944+0000] {dag.py:3089} INFO - Sync 1 DAGs
[2026-06-04T02:57:33.973+0000] {logging_mixin.py:188} INFO - [2026-06-04T02:57:33.973+0000] {dag.py:3947} INFO - Setting next_dagrun for minio_to_snowflake to 2026-06-04 02:56:00+00:00, run_after=2026-06-04 02:57:00+00:00
[2026-06-04T02:57:33.997+0000] {processor.py:183} INFO - Processing /opt/airflow/dags/minio_to_snowflake.py took 1.223 seconds
[2026-06-04T02:58:04.179+0000] {processor.py:161} INFO - Started process (PID=53004) to work on /opt/airflow/dags/minio_to_snowflake.py
[2026-06-04T02:58:04.182+0000] {processor.py:830} INFO - Processing file /opt/airflow/dags/minio_to_snowflake.py for tasks to queue
[2026-06-04T02:58:04.185+0000] {logging_mixin.py:188} INFO - [2026-06-04T02:58:04.185+0000] {dagbag.py:545} INFO - Filling up the DagBag from /opt/airflow/dags/minio_to_snowflake.py
[2026-06-04T02:58:05.195+0000] {processor.py:840} INFO - DAG(s) 'minio_to_snowflake' retrieved from /opt/airflow/dags/minio_to_snowflake.py
[2026-06-04T02:58:05.227+0000] {logging_mixin.py:188} INFO - [2026-06-04T02:58:05.226+0000] {dag.py:3089} INFO - Sync 1 DAGs
[2026-06-04T02:58:05.262+0000] {logging_mixin.py:188} INFO - [2026-06-04T02:58:05.261+0000] {dag.py:3947} INFO - Setting next_dagrun for minio_to_snowflake to 2026-06-04 02:57:00+00:00, run_after=2026-06-04 02:58:00+00:00
[2026-06-04T02:58:05.286+0000] {processor.py:183} INFO - Processing /opt/airflow/dags/minio_to_snowflake.py took 1.114 seconds
[2026-06-04T02:58:35.443+0000] {processor.py:161} INFO - Started process (PID=54174) to work on /opt/airflow/dags/minio_to_snowflake.py
[2026-06-04T02:58:35.445+0000] {processor.py:830} INFO - Processing file /opt/airflow/dags/minio_to_snowflake.py for tasks to queue
[2026-06-04T02:58:35.447+0000] {logging_mixin.py:188} INFO - [2026-06-04T02:58:35.447+0000] {dagbag.py:545} INFO - Filling up the DagBag from /opt/airflow/dags/minio_to_snowflake.py
[2026-06-04T02:58:36.516+0000] {processor.py:840} INFO - DAG(s) 'minio_to_snowflake' retrieved from /opt/airflow/dags/minio_to_snowflake.py
[2026-06-04T02:58:36.600+0000] {logging_mixin.py:188} INFO - [2026-06-04T02:58:36.599+0000] {dag.py:3089} INFO - Sync 1 DAGs
[2026-06-04T02:58:36.659+0000] {logging_mixin.py:188} INFO - [2026-06-04T02:58:36.658+0000] {dag.py:3947} INFO - Setting next_dagrun for minio_to_snowflake to 2026-06-04 02:58:00+00:00, run_after=2026-06-04 02:59:00+00:00
[2026-06-04T02:58:36.694+0000] {processor.py:183} INFO - Processing /opt/airflow/dags/minio_to_snowflake.py took 1.259 seconds
[2026-06-04T02:59:06.973+0000] {processor.py:161} INFO - Started process (PID=54291) to work on /opt/airflow/dags/minio_to_snowflake.py
[2026-06-04T02:59:06.975+0000] {processor.py:830} INFO - Processing file /opt/airflow/dags/minio_to_snowflake.py for tasks to queue
[2026-06-04T02:59:06.977+0000] {logging_mixin.py:188} INFO - [2026-06-04T02:59:06.977+0000] {dagbag.py:545} INFO - Filling up the DagBag from /opt/airflow/dags/minio_to_snowflake.py
[2026-06-04T02:59:08.210+0000] {processor.py:840} INFO - DAG(s) 'minio_to_snowflake' retrieved from /opt/airflow/dags/minio_to_snowflake.py
[2026-06-04T02:59:08.273+0000] {logging_mixin.py:188} INFO - [2026-06-04T02:59:08.272+0000] {dag.py:3089} INFO - Sync 1 DAGs
[2026-06-04T02:59:08.335+0000] {logging_mixin.py:188} INFO - [2026-06-04T02:59:08.335+0000] {dag.py:3947} INFO - Setting next_dagrun for minio_to_snowflake to 2026-06-04 02:58:00+00:00, run_after=2026-06-04 02:59:00+00:00
[2026-06-04T02:59:08.393+0000] {processor.py:183} INFO - Processing /opt/airflow/dags/minio_to_snowflake.py took 1.427 seconds
[2026-06-04T02:59:38.634+0000] {processor.py:161} INFO - Started process (PID=54406) to work on /opt/airflow/dags/minio_to_snowflake.py
[2026-06-04T02:59:38.635+0000] {processor.py:830} INFO - Processing file /opt/airflow/dags/minio_to_snowflake.py for tasks to queue
[2026-06-04T02:59:38.639+0000] {logging_mixin.py:188} INFO - [2026-06-04T02:59:38.638+0000] {dagbag.py:545} INFO - Filling up the DagBag from /opt/airflow/dags/minio_to_snowflake.py
[2026-06-04T02:59:39.921+0000] {processor.py:840} INFO - DAG(s) 'minio_to_snowflake' retrieved from /opt/airflow/dags/minio_to_snowflake.py
[2026-06-04T02:59:39.955+0000] {logging_mixin.py:188} INFO - [2026-06-04T02:59:39.954+0000] {dag.py:3089} INFO - Sync 1 DAGs
[2026-06-04T02:59:39.985+0000] {logging_mixin.py:188} INFO - [2026-06-04T02:59:39.985+0000] {dag.py:3947} INFO - Setting next_dagrun for minio_to_snowflake to 2026-06-04 02:58:00+00:00, run_after=2026-06-04 02:59:00+00:00
[2026-06-04T02:59:40.008+0000] {processor.py:183} INFO - Processing /opt/airflow/dags/minio_to_snowflake.py took 1.383 seconds
[2026-06-04T03:00:10.234+0000] {processor.py:161} INFO - Started process (PID=54515) to work on /opt/airflow/dags/minio_to_snowflake.py
[2026-06-04T03:00:10.235+0000] {processor.py:830} INFO - Processing file /opt/airflow/dags/minio_to_snowflake.py for tasks to queue
[2026-06-04T03:00:10.238+0000] {logging_mixin.py:188} INFO - [2026-06-04T03:00:10.237+0000] {dagbag.py:545} INFO - Filling up the DagBag from /opt/airflow/dags/minio_to_snowflake.py
[2026-06-04T03:00:11.482+0000] {processor.py:840} INFO - DAG(s) 'minio_to_snowflake' retrieved from /opt/airflow/dags/minio_to_snowflake.py
[2026-06-04T03:00:11.516+0000] {logging_mixin.py:188} INFO - [2026-06-04T03:00:11.515+0000] {dag.py:3089} INFO - Sync 1 DAGs
[2026-06-04T03:00:11.544+0000] {logging_mixin.py:188} INFO - [2026-06-04T03:00:11.543+0000] {dag.py:3947} INFO - Setting next_dagrun for minio_to_snowflake to 2026-06-04 02:59:00+00:00, run_after=2026-06-04 03:00:00+00:00
[2026-06-04T03:00:11.574+0000] {processor.py:183} INFO - Processing /opt/airflow/dags/minio_to_snowflake.py took 1.349 seconds
[2026-06-04T03:00:41.837+0000] {processor.py:161} INFO - Started process (PID=54618) to work on /opt/airflow/dags/minio_to_snowflake.py
[2026-06-04T03:00:41.841+0000] {processor.py:830} INFO - Processing file /opt/airflow/dags/minio_to_snowflake.py for tasks to queue
[2026-06-04T03:00:41.847+0000] {logging_mixin.py:188} INFO - [2026-06-04T03:00:41.846+0000] {dagbag.py:545} INFO - Filling up the DagBag from /opt/airflow/dags/minio_to_snowflake.py
[2026-06-04T03:00:43.033+0000] {processor.py:840} INFO - DAG(s) 'minio_to_snowflake' retrieved from /opt/airflow/dags/minio_to_snowflake.py
[2026-06-04T03:00:43.077+0000] {logging_mixin.py:188} INFO - [2026-06-04T03:00:43.076+0000] {dag.py:3089} INFO - Sync 1 DAGs
[2026-06-04T03:00:43.106+0000] {logging_mixin.py:188} INFO - [2026-06-04T03:00:43.106+0000] {dag.py:3947} INFO - Setting next_dagrun for minio_to_snowflake to 2026-06-04 02:59:00+00:00, run_after=2026-06-04 03:00:00+00:00
[2026-06-04T03:00:43.129+0000] {processor.py:183} INFO - Processing /opt/airflow/dags/minio_to_snowflake.py took 1.299 seconds
[2026-06-04T03:01:13.416+0000] {processor.py:161} INFO - Started process (PID=54710) to work on /opt/airflow/dags/minio_to_snowflake.py
[2026-06-04T03:01:13.418+0000] {processor.py:830} INFO - Processing file /opt/airflow/dags/minio_to_snowflake.py for tasks to queue
[2026-06-04T03:01:13.422+0000] {logging_mixin.py:188} INFO - [2026-06-04T03:01:13.420+0000] {dagbag.py:545} INFO - Filling up the DagBag from /opt/airflow/dags/minio_to_snowflake.py
[2026-06-04T03:01:14.559+0000] {processor.py:840} INFO - DAG(s) 'minio_to_snowflake' retrieved from /opt/airflow/dags/minio_to_snowflake.py
[2026-06-04T03:01:14.593+0000] {logging_mixin.py:188} INFO - [2026-06-04T03:01:14.592+0000] {dag.py:3089} INFO - Sync 1 DAGs
[2026-06-04T03:01:14.622+0000] {logging_mixin.py:188} INFO - [2026-06-04T03:01:14.621+0000] {dag.py:3947} INFO - Setting next_dagrun for minio_to_snowflake to 2026-06-04 03:00:00+00:00, run_after=2026-06-04 03:01:00+00:00
[2026-06-04T03:01:14.644+0000] {processor.py:183} INFO - Processing /opt/airflow/dags/minio_to_snowflake.py took 1.237 seconds
[2026-06-04T03:01:44.873+0000] {processor.py:161} INFO - Started process (PID=55888) to work on /opt/airflow/dags/minio_to_snowflake.py
[2026-06-04T03:01:44.875+0000] {processor.py:830} INFO - Processing file /opt/airflow/dags/minio_to_snowflake.py for tasks to queue
[2026-06-04T03:01:44.878+0000] {logging_mixin.py:188} INFO - [2026-06-04T03:01:44.877+0000] {dagbag.py:545} INFO - Filling up the DagBag from /opt/airflow/dags/minio_to_snowflake.py
[2026-06-04T03:01:45.977+0000] {processor.py:840} INFO - DAG(s) 'minio_to_snowflake' retrieved from /opt/airflow/dags/minio_to_snowflake.py
[2026-06-04T03:01:46.030+0000] {logging_mixin.py:188} INFO - [2026-06-04T03:01:46.026+0000] {dag.py:3089} INFO - Sync 1 DAGs
[2026-06-04T03:01:46.069+0000] {logging_mixin.py:188} INFO - [2026-06-04T03:01:46.069+0000] {dag.py:3947} INFO - Setting next_dagrun for minio_to_snowflake to 2026-06-04 03:00:00+00:00, run_after=2026-06-04 03:01:00+00:00
[2026-06-04T03:01:46.104+0000] {processor.py:183} INFO - Processing /opt/airflow/dags/minio_to_snowflake.py took 1.238 seconds
[2026-06-04T03:02:16.356+0000] {processor.py:161} INFO - Started process (PID=56001) to work on /opt/airflow/dags/minio_to_snowflake.py
[2026-06-04T03:02:16.363+0000] {processor.py:830} INFO - Processing file /opt/airflow/dags/minio_to_snowflake.py for tasks to queue
[2026-06-04T03:02:16.366+0000] {logging_mixin.py:188} INFO - [2026-06-04T03:02:16.365+0000] {dagbag.py:545} INFO - Filling up the DagBag from /opt/airflow/dags/minio_to_snowflake.py
[2026-06-04T03:02:17.496+0000] {processor.py:840} INFO - DAG(s) 'minio_to_snowflake' retrieved from /opt/airflow/dags/minio_to_snowflake.py
[2026-06-04T03:02:17.532+0000] {logging_mixin.py:188} INFO - [2026-06-04T03:02:17.532+0000] {dag.py:3089} INFO - Sync 1 DAGs
[2026-06-04T03:02:17.563+0000] {logging_mixin.py:188} INFO - [2026-06-04T03:02:17.562+0000] {dag.py:3947} INFO - Setting next_dagrun for minio_to_snowflake to 2026-06-04 03:01:00+00:00, run_after=2026-06-04 03:02:00+00:00
[2026-06-04T03:02:17.588+0000] {processor.py:183} INFO - Processing /opt/airflow/dags/minio_to_snowflake.py took 1.241 seconds
[2026-06-04T03:02:47.812+0000] {processor.py:161} INFO - Started process (PID=56111) to work on /opt/airflow/dags/minio_to_snowflake.py
[2026-06-04T03:02:47.816+0000] {processor.py:830} INFO - Processing file /opt/airflow/dags/minio_to_snowflake.py for tasks to queue
[2026-06-04T03:02:47.819+0000] {logging_mixin.py:188} INFO - [2026-06-04T03:02:47.818+0000] {dagbag.py:545} INFO - Filling up the DagBag from /opt/airflow/dags/minio_to_snowflake.py
[2026-06-04T03:02:49.390+0000] {processor.py:840} INFO - DAG(s) 'minio_to_snowflake' retrieved from /opt/airflow/dags/minio_to_snowflake.py
[2026-06-04T03:02:49.435+0000] {logging_mixin.py:188} INFO - [2026-06-04T03:02:49.430+0000] {dag.py:3089} INFO - Sync 1 DAGs
[2026-06-04T03:02:49.484+0000] {logging_mixin.py:188} INFO - [2026-06-04T03:02:49.483+0000] {dag.py:3947} INFO - Setting next_dagrun for minio_to_snowflake to 2026-06-04 03:01:00+00:00, run_after=2026-06-04 03:02:00+00:00
[2026-06-04T03:02:49.527+0000] {processor.py:183} INFO - Processing /opt/airflow/dags/minio_to_snowflake.py took 1.734 seconds
[2026-06-04T03:03:19.757+0000] {processor.py:161} INFO - Started process (PID=56225) to work on /opt/airflow/dags/minio_to_snowflake.py
[2026-06-04T03:03:19.758+0000] {processor.py:830} INFO - Processing file /opt/airflow/dags/minio_to_snowflake.py for tasks to queue
[2026-06-04T03:03:19.762+0000] {logging_mixin.py:188} INFO - [2026-06-04T03:03:19.761+0000] {dagbag.py:545} INFO - Filling up the DagBag from /opt/airflow/dags/minio_to_snowflake.py
[2026-06-04T03:03:20.884+0000] {processor.py:840} INFO - DAG(s) 'minio_to_snowflake' retrieved from /opt/airflow/dags/minio_to_snowflake.py
[2026-06-04T03:03:20.938+0000] {logging_mixin.py:188} INFO - [2026-06-04T03:03:20.934+0000] {dag.py:3089} INFO - Sync 1 DAGs
[2026-06-04T03:03:20.968+0000] {logging_mixin.py:188} INFO - [2026-06-04T03:03:20.968+0000] {dag.py:3947} INFO - Setting next_dagrun for minio_to_snowflake to 2026-06-04 03:02:00+00:00, run_after=2026-06-04 03:03:00+00:00
[2026-06-04T03:03:20.996+0000] {processor.py:183} INFO - Processing /opt/airflow/dags/minio_to_snowflake.py took 1.248 seconds
[2026-06-04T03:03:51.197+0000] {processor.py:161} INFO - Started process (PID=56340) to work on /opt/airflow/dags/minio_to_snowflake.py
[2026-06-04T03:03:51.198+0000] {processor.py:830} INFO - Processing file /opt/airflow/dags/minio_to_snowflake.py for tasks to queue
[2026-06-04T03:03:51.201+0000] {logging_mixin.py:188} INFO - [2026-06-04T03:03:51.200+0000] {dagbag.py:545} INFO - Filling up the DagBag from /opt/airflow/dags/minio_to_snowflake.py
[2026-06-04T03:03:52.272+0000] {processor.py:840} INFO - DAG(s) 'minio_to_snowflake' retrieved from /opt/airflow/dags/minio_to_snowflake.py
[2026-06-04T03:03:52.309+0000] {logging_mixin.py:188} INFO - [2026-06-04T03:03:52.308+0000] {dag.py:3089} INFO - Sync 1 DAGs
[2026-06-04T03:03:52.344+0000] {logging_mixin.py:188} INFO - [2026-06-04T03:03:52.344+0000] {dag.py:3947} INFO - Setting next_dagrun for minio_to_snowflake to 2026-06-04 03:02:00+00:00, run_after=2026-06-04 03:03:00+00:00
[2026-06-04T03:03:52.369+0000] {processor.py:183} INFO - Processing /opt/airflow/dags/minio_to_snowflake.py took 1.179 seconds
[2026-06-04T03:04:22.505+0000] {processor.py:161} INFO - Started process (PID=57110) to work on /opt/airflow/dags/minio_to_snowflake.py
[2026-06-04T03:04:22.507+0000] {processor.py:830} INFO - Processing file /opt/airflow/dags/minio_to_snowflake.py for tasks to queue
[2026-06-04T03:04:22.510+0000] {logging_mixin.py:188} INFO - [2026-06-04T03:04:22.509+0000] {dagbag.py:545} INFO - Filling up the DagBag from /opt/airflow/dags/minio_to_snowflake.py
[2026-06-04T03:04:23.622+0000] {processor.py:840} INFO - DAG(s) 'minio_to_snowflake' retrieved from /opt/airflow/dags/minio_to_snowflake.py
[2026-06-04T03:04:23.663+0000] {logging_mixin.py:188} INFO - [2026-06-04T03:04:23.662+0000] {dag.py:3089} INFO - Sync 1 DAGs
[2026-06-04T03:04:23.707+0000] {logging_mixin.py:188} INFO - [2026-06-04T03:04:23.706+0000] {dag.py:3947} INFO - Setting next_dagrun for minio_to_snowflake to 2026-06-04 03:03:00+00:00, run_after=2026-06-04 03:04:00+00:00
[2026-06-04T03:04:23.741+0000] {processor.py:183} INFO - Processing /opt/airflow/dags/minio_to_snowflake.py took 1.245 seconds
[2026-06-04T03:04:53.928+0000] {processor.py:161} INFO - Started process (PID=57616) to work on /opt/airflow/dags/minio_to_snowflake.py
[2026-06-04T03:04:53.930+0000] {processor.py:830} INFO - Processing file /opt/airflow/dags/minio_to_snowflake.py for tasks to queue
[2026-06-04T03:04:53.933+0000] {logging_mixin.py:188} INFO - [2026-06-04T03:04:53.932+0000] {dagbag.py:545} INFO - Filling up the DagBag from /opt/airflow/dags/minio_to_snowflake.py
[2026-06-04T03:04:54.912+0000] {processor.py:840} INFO - DAG(s) 'minio_to_snowflake' retrieved from /opt/airflow/dags/minio_to_snowflake.py
[2026-06-04T03:04:54.954+0000] {logging_mixin.py:188} INFO - [2026-06-04T03:04:54.953+0000] {dag.py:3089} INFO - Sync 1 DAGs
[2026-06-04T03:04:54.987+0000] {logging_mixin.py:188} INFO - [2026-06-04T03:04:54.987+0000] {dag.py:3947} INFO - Setting next_dagrun for minio_to_snowflake to 2026-06-04 03:03:00+00:00, run_after=2026-06-04 03:04:00+00:00
[2026-06-04T03:04:55.014+0000] {processor.py:183} INFO - Processing /opt/airflow/dags/minio_to_snowflake.py took 1.094 seconds
[2026-06-04T03:05:25.227+0000] {processor.py:161} INFO - Started process (PID=57724) to work on /opt/airflow/dags/minio_to_snowflake.py
[2026-06-04T03:05:25.228+0000] {processor.py:830} INFO - Processing file /opt/airflow/dags/minio_to_snowflake.py for tasks to queue
[2026-06-04T03:05:25.231+0000] {logging_mixin.py:188} INFO - [2026-06-04T03:05:25.231+0000] {dagbag.py:545} INFO - Filling up the DagBag from /opt/airflow/dags/minio_to_snowflake.py
[2026-06-04T03:05:26.357+0000] {processor.py:840} INFO - DAG(s) 'minio_to_snowflake' retrieved from /opt/airflow/dags/minio_to_snowflake.py
[2026-06-04T03:05:26.393+0000] {logging_mixin.py:188} INFO - [2026-06-04T03:05:26.392+0000] {dag.py:3089} INFO - Sync 1 DAGs
[2026-06-04T03:05:26.426+0000] {logging_mixin.py:188} INFO - [2026-06-04T03:05:26.426+0000] {dag.py:3947} INFO - Setting next_dagrun for minio_to_snowflake to 2026-06-04 03:04:00+00:00, run_after=2026-06-04 03:05:00+00:00
[2026-06-04T03:05:26.450+0000] {processor.py:183} INFO - Processing /opt/airflow/dags/minio_to_snowflake.py took 1.232 seconds
[2026-06-04T03:05:56.688+0000] {processor.py:161} INFO - Started process (PID=57834) to work on /opt/airflow/dags/minio_to_snowflake.py
[2026-06-04T03:05:56.691+0000] {processor.py:830} INFO - Processing file /opt/airflow/dags/minio_to_snowflake.py for tasks to queue
[2026-06-04T03:05:56.693+0000] {logging_mixin.py:188} INFO - [2026-06-04T03:05:56.693+0000] {dagbag.py:545} INFO - Filling up the DagBag from /opt/airflow/dags/minio_to_snowflake.py
[2026-06-04T03:05:57.656+0000] {processor.py:840} INFO - DAG(s) 'minio_to_snowflake' retrieved from /opt/airflow/dags/minio_to_snowflake.py
[2026-06-04T03:05:57.689+0000] {logging_mixin.py:188} INFO - [2026-06-04T03:05:57.689+0000] {dag.py:3089} INFO - Sync 1 DAGs
[2026-06-04T03:05:57.724+0000] {logging_mixin.py:188} INFO - [2026-06-04T03:05:57.723+0000] {dag.py:3947} INFO - Setting next_dagrun for minio_to_snowflake to 2026-06-04 03:04:00+00:00, run_after=2026-06-04 03:05:00+00:00
[2026-06-04T03:05:57.750+0000] {processor.py:183} INFO - Processing /opt/airflow/dags/minio_to_snowflake.py took 1.071 seconds
[2026-06-04T03:06:27.933+0000] {processor.py:161} INFO - Started process (PID=57940) to work on /opt/airflow/dags/minio_to_snowflake.py
[2026-06-04T03:06:27.934+0000] {processor.py:830} INFO - Processing file /opt/airflow/dags/minio_to_snowflake.py for tasks to queue
[2026-06-04T03:06:27.937+0000] {logging_mixin.py:188} INFO - [2026-06-04T03:06:27.936+0000] {dagbag.py:545} INFO - Filling up the DagBag from /opt/airflow/dags/minio_to_snowflake.py
[2026-06-04T03:06:29.539+0000] {processor.py:840} INFO - DAG(s) 'minio_to_snowflake' retrieved from /opt/airflow/dags/minio_to_snowflake.py
[2026-06-04T03:06:29.588+0000] {logging_mixin.py:188} INFO - [2026-06-04T03:06:29.587+0000] {dag.py:3089} INFO - Sync 1 DAGs
[2026-06-04T03:06:29.632+0000] {logging_mixin.py:188} INFO - [2026-06-04T03:06:29.632+0000] {dag.py:3947} INFO - Setting next_dagrun for minio_to_snowflake to 2026-06-04 03:05:00+00:00, run_after=2026-06-04 03:06:00+00:00
[2026-06-04T03:06:29.674+0000] {processor.py:183} INFO - Processing /opt/airflow/dags/minio_to_snowflake.py took 1.750 seconds
[2026-06-04T03:06:59.933+0000] {processor.py:161} INFO - Started process (PID=58058) to work on /opt/airflow/dags/minio_to_snowflake.py
[2026-06-04T03:06:59.935+0000] {processor.py:830} INFO - Processing file /opt/airflow/dags/minio_to_snowflake.py for tasks to queue
[2026-06-04T03:06:59.938+0000] {logging_mixin.py:188} INFO - [2026-06-04T03:06:59.937+0000] {dagbag.py:545} INFO - Filling up the DagBag from /opt/airflow/dags/minio_to_snowflake.py
[2026-06-04T03:07:00.979+0000] {processor.py:840} INFO - DAG(s) 'minio_to_snowflake' retrieved from /opt/airflow/dags/minio_to_snowflake.py
[2026-06-04T03:07:01.028+0000] {logging_mixin.py:188} INFO - [2026-06-04T03:07:01.028+0000] {dag.py:3089} INFO - Sync 1 DAGs
[2026-06-04T03:07:01.092+0000] {logging_mixin.py:188} INFO - [2026-06-04T03:07:01.091+0000] {dag.py:3947} INFO - Setting next_dagrun for minio_to_snowflake to 2026-06-04 03:06:00+00:00, run_after=2026-06-04 03:07:00+00:00
[2026-06-04T03:07:01.134+0000] {processor.py:183} INFO - Processing /opt/airflow/dags/minio_to_snowflake.py took 1.208 seconds
[2026-06-04T03:07:31.395+0000] {processor.py:161} INFO - Started process (PID=59237) to work on /opt/airflow/dags/minio_to_snowflake.py
[2026-06-04T03:07:31.397+0000] {processor.py:830} INFO - Processing file /opt/airflow/dags/minio_to_snowflake.py for tasks to queue
[2026-06-04T03:07:31.399+0000] {logging_mixin.py:188} INFO - [2026-06-04T03:07:31.399+0000] {dagbag.py:545} INFO - Filling up the DagBag from /opt/airflow/dags/minio_to_snowflake.py
[2026-06-04T03:07:32.456+0000] {processor.py:840} INFO - DAG(s) 'minio_to_snowflake' retrieved from /opt/airflow/dags/minio_to_snowflake.py
[2026-06-04T03:07:32.494+0000] {logging_mixin.py:188} INFO - [2026-06-04T03:07:32.493+0000] {dag.py:3089} INFO - Sync 1 DAGs
[2026-06-04T03:07:32.530+0000] {logging_mixin.py:188} INFO - [2026-06-04T03:07:32.530+0000] {dag.py:3947} INFO - Setting next_dagrun for minio_to_snowflake to 2026-06-04 03:07:00+00:00, run_after=2026-06-04 03:08:00+00:00
[2026-06-04T03:07:32.569+0000] {processor.py:183} INFO - Processing /opt/airflow/dags/minio_to_snowflake.py took 1.183 seconds
[2026-06-04T03:08:02.654+0000] {processor.py:161} INFO - Started process (PID=59341) to work on /opt/airflow/dags/minio_to_snowflake.py
[2026-06-04T03:08:02.656+0000] {processor.py:830} INFO - Processing file /opt/airflow/dags/minio_to_snowflake.py for tasks to queue
[2026-06-04T03:08:02.660+0000] {logging_mixin.py:188} INFO - [2026-06-04T03:08:02.659+0000] {dagbag.py:545} INFO - Filling up the DagBag from /opt/airflow/dags/minio_to_snowflake.py
[2026-06-04T03:08:03.612+0000] {processor.py:840} INFO - DAG(s) 'minio_to_snowflake' retrieved from /opt/airflow/dags/minio_to_snowflake.py
[2026-06-04T03:08:03.649+0000] {logging_mixin.py:188} INFO - [2026-06-04T03:08:03.648+0000] {dag.py:3089} INFO - Sync 1 DAGs
[2026-06-04T03:08:03.680+0000] {logging_mixin.py:188} INFO - [2026-06-04T03:08:03.680+0000] {dag.py:3947} INFO - Setting next_dagrun for minio_to_snowflake to 2026-06-04 03:07:00+00:00, run_after=2026-06-04 03:08:00+00:00
[2026-06-04T03:08:03.704+0000] {processor.py:183} INFO - Processing /opt/airflow/dags/minio_to_snowflake.py took 1.058 seconds
[2026-06-04T03:08:33.870+0000] {processor.py:161} INFO - Started process (PID=59454) to work on /opt/airflow/dags/minio_to_snowflake.py
[2026-06-04T03:08:33.871+0000] {processor.py:830} INFO - Processing file /opt/airflow/dags/minio_to_snowflake.py for tasks to queue
[2026-06-04T03:08:33.881+0000] {logging_mixin.py:188} INFO - [2026-06-04T03:08:33.880+0000] {dagbag.py:545} INFO - Filling up the DagBag from /opt/airflow/dags/minio_to_snowflake.py
[2026-06-04T03:08:34.982+0000] {processor.py:840} INFO - DAG(s) 'minio_to_snowflake' retrieved from /opt/airflow/dags/minio_to_snowflake.py
[2026-06-04T03:08:35.017+0000] {logging_mixin.py:188} INFO - [2026-06-04T03:08:35.016+0000] {dag.py:3089} INFO - Sync 1 DAGs
[2026-06-04T03:08:35.046+0000] {logging_mixin.py:188} INFO - [2026-06-04T03:08:35.046+0000] {dag.py:3947} INFO - Setting next_dagrun for minio_to_snowflake to 2026-06-04 03:07:00+00:00, run_after=2026-06-04 03:08:00+00:00
[2026-06-04T03:08:35.071+0000] {processor.py:183} INFO - Processing /opt/airflow/dags/minio_to_snowflake.py took 1.210 seconds
[2026-06-04T03:09:05.278+0000] {processor.py:161} INFO - Started process (PID=59569) to work on /opt/airflow/dags/minio_to_snowflake.py
[2026-06-04T03:09:05.280+0000] {processor.py:830} INFO - Processing file /opt/airflow/dags/minio_to_snowflake.py for tasks to queue
[2026-06-04T03:09:05.283+0000] {logging_mixin.py:188} INFO - [2026-06-04T03:09:05.282+0000] {dagbag.py:545} INFO - Filling up the DagBag from /opt/airflow/dags/minio_to_snowflake.py
[2026-06-04T03:09:06.290+0000] {processor.py:840} INFO - DAG(s) 'minio_to_snowflake' retrieved from /opt/airflow/dags/minio_to_snowflake.py
[2026-06-04T03:09:06.327+0000] {logging_mixin.py:188} INFO - [2026-06-04T03:09:06.326+0000] {dag.py:3089} INFO - Sync 1 DAGs
[2026-06-04T03:09:06.355+0000] {logging_mixin.py:188} INFO - [2026-06-04T03:09:06.355+0000] {dag.py:3947} INFO - Setting next_dagrun for minio_to_snowflake to 2026-06-04 03:08:00+00:00, run_after=2026-06-04 03:09:00+00:00
[2026-06-04T03:09:06.381+0000] {processor.py:183} INFO - Processing /opt/airflow/dags/minio_to_snowflake.py took 1.111 seconds
[2026-06-04T03:09:36.503+0000] {processor.py:161} INFO - Started process (PID=59681) to work on /opt/airflow/dags/minio_to_snowflake.py
[2026-06-04T03:09:36.504+0000] {processor.py:830} INFO - Processing file /opt/airflow/dags/minio_to_snowflake.py for tasks to queue
[2026-06-04T03:09:36.507+0000] {logging_mixin.py:188} INFO - [2026-06-04T03:09:36.507+0000] {dagbag.py:545} INFO - Filling up the DagBag from /opt/airflow/dags/minio_to_snowflake.py
[2026-06-04T03:09:37.454+0000] {processor.py:840} INFO - DAG(s) 'minio_to_snowflake' retrieved from /opt/airflow/dags/minio_to_snowflake.py
[2026-06-04T03:09:37.486+0000] {logging_mixin.py:188} INFO - [2026-06-04T03:09:37.485+0000] {dag.py:3089} INFO - Sync 1 DAGs
[2026-06-04T03:09:37.517+0000] {logging_mixin.py:188} INFO - [2026-06-04T03:09:37.517+0000] {dag.py:3947} INFO - Setting next_dagrun for minio_to_snowflake to 2026-06-04 03:08:00+00:00, run_after=2026-06-04 03:09:00+00:00
[2026-06-04T03:09:37.540+0000] {processor.py:183} INFO - Processing /opt/airflow/dags/minio_to_snowflake.py took 1.045 seconds
[2026-06-04T03:10:07.711+0000] {processor.py:161} INFO - Started process (PID=59792) to work on /opt/airflow/dags/minio_to_snowflake.py
[2026-06-04T03:10:07.713+0000] {processor.py:830} INFO - Processing file /opt/airflow/dags/minio_to_snowflake.py for tasks to queue
[2026-06-04T03:10:07.722+0000] {logging_mixin.py:188} INFO - [2026-06-04T03:10:07.721+0000] {dagbag.py:545} INFO - Filling up the DagBag from /opt/airflow/dags/minio_to_snowflake.py
[2026-06-04T03:10:08.981+0000] {processor.py:840} INFO - DAG(s) 'minio_to_snowflake' retrieved from /opt/airflow/dags/minio_to_snowflake.py
[2026-06-04T03:10:09.072+0000] {logging_mixin.py:188} INFO - [2026-06-04T03:10:09.070+0000] {dag.py:3089} INFO - Sync 1 DAGs
[2026-06-04T03:10:09.124+0000] {logging_mixin.py:188} INFO - [2026-06-04T03:10:09.124+0000] {dag.py:3947} INFO - Setting next_dagrun for minio_to_snowflake to 2026-06-04 03:09:00+00:00, run_after=2026-06-04 03:10:00+00:00
[2026-06-04T03:10:09.158+0000] {processor.py:183} INFO - Processing /opt/airflow/dags/minio_to_snowflake.py took 1.469 seconds
[2026-06-04T03:10:39.412+0000] {processor.py:161} INFO - Started process (PID=60960) to work on /opt/airflow/dags/minio_to_snowflake.py
[2026-06-04T03:10:39.413+0000] {processor.py:830} INFO - Processing file /opt/airflow/dags/minio_to_snowflake.py for tasks to queue
[2026-06-04T03:10:39.416+0000] {logging_mixin.py:188} INFO - [2026-06-04T03:10:39.415+0000] {dagbag.py:545} INFO - Filling up the DagBag from /opt/airflow/dags/minio_to_snowflake.py
[2026-06-04T03:10:40.403+0000] {processor.py:840} INFO - DAG(s) 'minio_to_snowflake' retrieved from /opt/airflow/dags/minio_to_snowflake.py
[2026-06-04T03:10:40.443+0000] {logging_mixin.py:188} INFO - [2026-06-04T03:10:40.442+0000] {dag.py:3089} INFO - Sync 1 DAGs
[2026-06-04T03:10:40.473+0000] {logging_mixin.py:188} INFO - [2026-06-04T03:10:40.472+0000] {dag.py:3947} INFO - Setting next_dagrun for minio_to_snowflake to 2026-06-04 03:10:00+00:00, run_after=2026-06-04 03:11:00+00:00
[2026-06-04T03:10:40.497+0000] {processor.py:183} INFO - Processing /opt/airflow/dags/minio_to_snowflake.py took 1.093 seconds
[2026-06-04T03:11:10.826+0000] {processor.py:161} INFO - Started process (PID=61063) to work on /opt/airflow/dags/minio_to_snowflake.py
[2026-06-04T03:11:10.828+0000] {processor.py:830} INFO - Processing file /opt/airflow/dags/minio_to_snowflake.py for tasks to queue
[2026-06-04T03:11:10.830+0000] {logging_mixin.py:188} INFO - [2026-06-04T03:11:10.830+0000] {dagbag.py:545} INFO - Filling up the DagBag from /opt/airflow/dags/minio_to_snowflake.py
[2026-06-04T03:11:11.805+0000] {processor.py:840} INFO - DAG(s) 'minio_to_snowflake' retrieved from /opt/airflow/dags/minio_to_snowflake.py
[2026-06-04T03:11:11.837+0000] {logging_mixin.py:188} INFO - [2026-06-04T03:11:11.836+0000] {dag.py:3089} INFO - Sync 1 DAGs
[2026-06-04T03:11:11.864+0000] {logging_mixin.py:188} INFO - [2026-06-04T03:11:11.864+0000] {dag.py:3947} INFO - Setting next_dagrun for minio_to_snowflake to 2026-06-04 03:10:00+00:00, run_after=2026-06-04 03:11:00+00:00
[2026-06-04T04:08:26.131+0000] {processor.py:183} INFO - Processing /opt/airflow/dags/minio_to_snowflake.py took 18.786 seconds
[2026-06-04T04:09:02.188+0000] {processor.py:161} INFO - Started process (PID=61331) to work on /opt/airflow/dags/minio_to_snowflake.py
[2026-06-04T04:09:02.232+0000] {processor.py:830} INFO - Processing file /opt/airflow/dags/minio_to_snowflake.py for tasks to queue
[2026-06-04T04:09:02.340+0000] {logging_mixin.py:188} INFO - [2026-06-04T04:09:02.339+0000] {dagbag.py:545} INFO - Filling up the DagBag from /opt/airflow/dags/minio_to_snowflake.py
[2026-06-04T04:09:10.233+0000] {processor.py:840} INFO - DAG(s) 'minio_to_snowflake' retrieved from /opt/airflow/dags/minio_to_snowflake.py
[2026-06-04T04:09:10.337+0000] {logging_mixin.py:188} INFO - [2026-06-04T04:09:10.336+0000] {dag.py:3089} INFO - Sync 1 DAGs
[2026-06-04T04:09:10.444+0000] {logging_mixin.py:188} INFO - [2026-06-04T04:09:10.443+0000] {dag.py:3947} INFO - Setting next_dagrun for minio_to_snowflake to 2026-06-04 04:08:00+00:00, run_after=2026-06-04 04:09:00+00:00
[2026-06-04T04:09:10.513+0000] {processor.py:183} INFO - Processing /opt/airflow/dags/minio_to_snowflake.py took 8.342 seconds
[2026-06-04T04:09:41.150+0000] {processor.py:161} INFO - Started process (PID=62197) to work on /opt/airflow/dags/minio_to_snowflake.py
[2026-06-04T04:09:41.154+0000] {processor.py:830} INFO - Processing file /opt/airflow/dags/minio_to_snowflake.py for tasks to queue
[2026-06-04T04:09:41.163+0000] {logging_mixin.py:188} INFO - [2026-06-04T04:09:41.163+0000] {dagbag.py:545} INFO - Filling up the DagBag from /opt/airflow/dags/minio_to_snowflake.py
[2026-06-04T04:09:44.215+0000] {processor.py:840} INFO - DAG(s) 'minio_to_snowflake' retrieved from /opt/airflow/dags/minio_to_snowflake.py
[2026-06-04T04:09:44.287+0000] {logging_mixin.py:188} INFO - [2026-06-04T04:09:44.286+0000] {dag.py:3089} INFO - Sync 1 DAGs
[2026-06-04T04:09:44.364+0000] {logging_mixin.py:188} INFO - [2026-06-04T04:09:44.364+0000] {dag.py:3947} INFO - Setting next_dagrun for minio_to_snowflake to 2026-06-04 04:08:00+00:00, run_after=2026-06-04 04:09:00+00:00
[2026-06-04T04:09:44.416+0000] {processor.py:183} INFO - Processing /opt/airflow/dags/minio_to_snowflake.py took 3.284 seconds
[2026-06-04T04:10:14.522+0000] {processor.py:161} INFO - Started process (PID=62212) to work on /opt/airflow/dags/minio_to_snowflake.py
[2026-06-04T04:10:14.524+0000] {processor.py:830} INFO - Processing file /opt/airflow/dags/minio_to_snowflake.py for tasks to queue
[2026-06-04T04:10:14.527+0000] {logging_mixin.py:188} INFO - [2026-06-04T04:10:14.526+0000] {dagbag.py:545} INFO - Filling up the DagBag from /opt/airflow/dags/minio_to_snowflake.py
[2026-06-04T04:10:16.756+0000] {processor.py:840} INFO - DAG(s) 'minio_to_snowflake' retrieved from /opt/airflow/dags/minio_to_snowflake.py
[2026-06-04T04:10:16.810+0000] {logging_mixin.py:188} INFO - [2026-06-04T04:10:16.809+0000] {dag.py:3089} INFO - Sync 1 DAGs
[2026-06-04T04:10:16.889+0000] {logging_mixin.py:188} INFO - [2026-06-04T04:10:16.889+0000] {dag.py:3947} INFO - Setting next_dagrun for minio_to_snowflake to 2026-06-04 04:09:00+00:00, run_after=2026-06-04 04:10:00+00:00
[2026-06-04T04:10:16.930+0000] {processor.py:183} INFO - Processing /opt/airflow/dags/minio_to_snowflake.py took 2.432 seconds
[2026-06-04T04:10:47.219+0000] {processor.py:161} INFO - Started process (PID=62310) to work on /opt/airflow/dags/minio_to_snowflake.py
[2026-06-04T04:10:47.220+0000] {processor.py:830} INFO - Processing file /opt/airflow/dags/minio_to_snowflake.py for tasks to queue
[2026-06-04T04:10:47.224+0000] {logging_mixin.py:188} INFO - [2026-06-04T04:10:47.223+0000] {dagbag.py:545} INFO - Filling up the DagBag from /opt/airflow/dags/minio_to_snowflake.py
[2026-06-04T04:10:48.467+0000] {processor.py:840} INFO - DAG(s) 'minio_to_snowflake' retrieved from /opt/airflow/dags/minio_to_snowflake.py
[2026-06-04T04:10:48.507+0000] {logging_mixin.py:188} INFO - [2026-06-04T04:10:48.506+0000] {dag.py:3089} INFO - Sync 1 DAGs
[2026-06-04T04:10:48.535+0000] {logging_mixin.py:188} INFO - [2026-06-04T04:10:48.535+0000] {dag.py:3947} INFO - Setting next_dagrun for minio_to_snowflake to 2026-06-04 04:09:00+00:00, run_after=2026-06-04 04:10:00+00:00
[2026-06-04T04:10:48.566+0000] {processor.py:183} INFO - Processing /opt/airflow/dags/minio_to_snowflake.py took 1.358 seconds
[2026-06-04T04:11:18.887+0000] {processor.py:161} INFO - Started process (PID=62373) to work on /opt/airflow/dags/minio_to_snowflake.py
[2026-06-04T04:11:18.890+0000] {processor.py:830} INFO - Processing file /opt/airflow/dags/minio_to_snowflake.py for tasks to queue
[2026-06-04T04:11:18.893+0000] {logging_mixin.py:188} INFO - [2026-06-04T04:11:18.892+0000] {dagbag.py:545} INFO - Filling up the DagBag from /opt/airflow/dags/minio_to_snowflake.py
[2026-06-04T04:11:20.463+0000] {processor.py:840} INFO - DAG(s) 'minio_to_snowflake' retrieved from /opt/airflow/dags/minio_to_snowflake.py
[2026-06-04T04:11:20.495+0000] {logging_mixin.py:188} INFO - [2026-06-04T04:11:20.494+0000] {dag.py:3089} INFO - Sync 1 DAGs
[2026-06-04T04:11:20.527+0000] {logging_mixin.py:188} INFO - [2026-06-04T04:11:20.527+0000] {dag.py:3947} INFO - Setting next_dagrun for minio_to_snowflake to 2026-06-04 04:10:00+00:00, run_after=2026-06-04 04:11:00+00:00
[2026-06-04T04:11:20.551+0000] {processor.py:183} INFO - Processing /opt/airflow/dags/minio_to_snowflake.py took 1.674 seconds
[2026-06-04T04:11:50.886+0000] {processor.py:161} INFO - Started process (PID=62436) to work on /opt/airflow/dags/minio_to_snowflake.py
[2026-06-04T04:11:50.889+0000] {processor.py:830} INFO - Processing file /opt/airflow/dags/minio_to_snowflake.py for tasks to queue
[2026-06-04T04:11:50.899+0000] {logging_mixin.py:188} INFO - [2026-06-04T04:11:50.898+0000] {dagbag.py:545} INFO - Filling up the DagBag from /opt/airflow/dags/minio_to_snowflake.py
[2026-06-04T04:11:52.039+0000] {processor.py:840} INFO - DAG(s) 'minio_to_snowflake' retrieved from /opt/airflow/dags/minio_to_snowflake.py
[2026-06-04T04:11:52.087+0000] {logging_mixin.py:188} INFO - [2026-06-04T04:11:52.086+0000] {dag.py:3089} INFO - Sync 1 DAGs
[2026-06-04T04:11:52.131+0000] {logging_mixin.py:188} INFO - [2026-06-04T04:11:52.130+0000] {dag.py:3947} INFO - Setting next_dagrun for minio_to_snowflake to 2026-06-04 04:10:00+00:00, run_after=2026-06-04 04:11:00+00:00
[2026-06-04T04:11:52.156+0000] {processor.py:183} INFO - Processing /opt/airflow/dags/minio_to_snowflake.py took 1.305 seconds
[2026-06-04T04:12:22.382+0000] {processor.py:161} INFO - Started process (PID=62496) to work on /opt/airflow/dags/minio_to_snowflake.py
[2026-06-04T04:12:22.384+0000] {processor.py:830} INFO - Processing file /opt/airflow/dags/minio_to_snowflake.py for tasks to queue
[2026-06-04T04:12:22.387+0000] {logging_mixin.py:188} INFO - [2026-06-04T04:12:22.386+0000] {dagbag.py:545} INFO - Filling up the DagBag from /opt/airflow/dags/minio_to_snowflake.py
[2026-06-04T04:12:23.707+0000] {processor.py:840} INFO - DAG(s) 'minio_to_snowflake' retrieved from /opt/airflow/dags/minio_to_snowflake.py
[2026-06-04T04:12:23.750+0000] {logging_mixin.py:188} INFO - [2026-06-04T04:12:23.749+0000] {dag.py:3089} INFO - Sync 1 DAGs
[2026-06-04T04:12:23.786+0000] {logging_mixin.py:188} INFO - [2026-06-04T04:12:23.785+0000] {dag.py:3947} INFO - Setting next_dagrun for minio_to_snowflake to 2026-06-04 04:11:00+00:00, run_after=2026-06-04 04:12:00+00:00
[2026-06-04T04:12:23.821+0000] {processor.py:183} INFO - Processing /opt/airflow/dags/minio_to_snowflake.py took 1.451 seconds
[2026-06-04T04:12:54.060+0000] {processor.py:161} INFO - Started process (PID=62561) to work on /opt/airflow/dags/minio_to_snowflake.py
[2026-06-04T04:12:54.062+0000] {processor.py:830} INFO - Processing file /opt/airflow/dags/minio_to_snowflake.py for tasks to queue
[2026-06-04T04:12:54.065+0000] {logging_mixin.py:188} INFO - [2026-06-04T04:12:54.064+0000] {dagbag.py:545} INFO - Filling up the DagBag from /opt/airflow/dags/minio_to_snowflake.py
[2026-06-04T04:12:55.130+0000] {processor.py:840} INFO - DAG(s) 'minio_to_snowflake' retrieved from /opt/airflow/dags/minio_to_snowflake.py
[2026-06-04T04:12:55.198+0000] {logging_mixin.py:188} INFO - [2026-06-04T04:12:55.192+0000] {dag.py:3089} INFO - Sync 1 DAGs
[2026-06-04T04:12:55.240+0000] {logging_mixin.py:188} INFO - [2026-06-04T04:12:55.240+0000] {dag.py:3947} INFO - Setting next_dagrun for minio_to_snowflake to 2026-06-04 04:11:00+00:00, run_after=2026-06-04 04:12:00+00:00
[2026-06-04T04:12:55.274+0000] {processor.py:183} INFO - Processing /opt/airflow/dags/minio_to_snowflake.py took 1.223 seconds
[2026-06-04T04:13:25.405+0000] {processor.py:161} INFO - Started process (PID=62618) to work on /opt/airflow/dags/minio_to_snowflake.py
[2026-06-04T04:13:25.406+0000] {processor.py:830} INFO - Processing file /opt/airflow/dags/minio_to_snowflake.py for tasks to queue
[2026-06-04T04:13:25.412+0000] {logging_mixin.py:188} INFO - [2026-06-04T04:13:25.412+0000] {dagbag.py:545} INFO - Filling up the DagBag from /opt/airflow/dags/minio_to_snowflake.py
[2026-06-04T04:13:26.425+0000] {processor.py:840} INFO - DAG(s) 'minio_to_snowflake' retrieved from /opt/airflow/dags/minio_to_snowflake.py
[2026-06-04T04:13:26.466+0000] {logging_mixin.py:188} INFO - [2026-06-04T04:13:26.465+0000] {dag.py:3089} INFO - Sync 1 DAGs
[2026-06-04T04:13:26.507+0000] {logging_mixin.py:188} INFO - [2026-06-04T04:13:26.507+0000] {dag.py:3947} INFO - Setting next_dagrun for minio_to_snowflake to 2026-06-04 04:12:00+00:00, run_after=2026-06-04 04:13:00+00:00
[2026-06-04T04:13:26.532+0000] {processor.py:183} INFO - Processing /opt/airflow/dags/minio_to_snowflake.py took 1.138 seconds
[2026-06-04T04:13:56.778+0000] {processor.py:161} INFO - Started process (PID=62679) to work on /opt/airflow/dags/minio_to_snowflake.py
[2026-06-04T04:13:56.780+0000] {processor.py:830} INFO - Processing file /opt/airflow/dags/minio_to_snowflake.py for tasks to queue
[2026-06-04T04:13:56.782+0000] {logging_mixin.py:188} INFO - [2026-06-04T04:13:56.782+0000] {dagbag.py:545} INFO - Filling up the DagBag from /opt/airflow/dags/minio_to_snowflake.py
[2026-06-04T04:13:57.860+0000] {processor.py:840} INFO - DAG(s) 'minio_to_snowflake' retrieved from /opt/airflow/dags/minio_to_snowflake.py
[2026-06-04T04:13:57.901+0000] {logging_mixin.py:188} INFO - [2026-06-04T04:13:57.900+0000] {dag.py:3089} INFO - Sync 1 DAGs
[2026-06-04T04:13:57.947+0000] {logging_mixin.py:188} INFO - [2026-06-04T04:13:57.947+0000] {dag.py:3947} INFO - Setting next_dagrun for minio_to_snowflake to 2026-06-04 04:12:00+00:00, run_after=2026-06-04 04:13:00+00:00
[2026-06-04T04:13:57.972+0000] {processor.py:183} INFO - Processing /opt/airflow/dags/minio_to_snowflake.py took 1.203 seconds
[2026-06-04T04:14:28.089+0000] {processor.py:161} INFO - Started process (PID=62741) to work on /opt/airflow/dags/minio_to_snowflake.py
[2026-06-04T04:14:28.091+0000] {processor.py:830} INFO - Processing file /opt/airflow/dags/minio_to_snowflake.py for tasks to queue
[2026-06-04T04:14:28.093+0000] {logging_mixin.py:188} INFO - [2026-06-04T04:14:28.093+0000] {dagbag.py:545} INFO - Filling up the DagBag from /opt/airflow/dags/minio_to_snowflake.py
[2026-06-04T04:14:29.177+0000] {processor.py:840} INFO - DAG(s) 'minio_to_snowflake' retrieved from /opt/airflow/dags/minio_to_snowflake.py
[2026-06-04T04:14:29.210+0000] {logging_mixin.py:188} INFO - [2026-06-04T04:14:29.209+0000] {dag.py:3089} INFO - Sync 1 DAGs
[2026-06-04T04:14:29.239+0000] {logging_mixin.py:188} INFO - [2026-06-04T04:14:29.239+0000] {dag.py:3947} INFO - Setting next_dagrun for minio_to_snowflake to 2026-06-04 04:13:00+00:00, run_after=2026-06-04 04:14:00+00:00
[2026-06-04T04:14:29.260+0000] {processor.py:183} INFO - Processing /opt/airflow/dags/minio_to_snowflake.py took 1.180 seconds
[2026-06-04T04:14:59.590+0000] {processor.py:161} INFO - Started process (PID=63228) to work on /opt/airflow/dags/minio_to_snowflake.py
[2026-06-04T04:14:59.593+0000] {processor.py:830} INFO - Processing file /opt/airflow/dags/minio_to_snowflake.py for tasks to queue
[2026-06-04T04:14:59.598+0000] {logging_mixin.py:188} INFO - [2026-06-04T04:14:59.598+0000] {dagbag.py:545} INFO - Filling up the DagBag from /opt/airflow/dags/minio_to_snowflake.py
[2026-06-04T04:15:01.483+0000] {processor.py:840} INFO - DAG(s) 'minio_to_snowflake' retrieved from /opt/airflow/dags/minio_to_snowflake.py
[2026-06-04T04:15:01.537+0000] {logging_mixin.py:188} INFO - [2026-06-04T04:15:01.532+0000] {dag.py:3089} INFO - Sync 1 DAGs
[2026-06-04T04:15:01.586+0000] {logging_mixin.py:188} INFO - [2026-06-04T04:15:01.585+0000] {dag.py:3947} INFO - Setting next_dagrun for minio_to_snowflake to 2026-06-04 04:14:00+00:00, run_after=2026-06-04 04:15:00+00:00
[2026-06-04T04:15:01.622+0000] {processor.py:183} INFO - Processing /opt/airflow/dags/minio_to_snowflake.py took 2.041 seconds
[2026-06-04T04:15:31.888+0000] {processor.py:161} INFO - Started process (PID=63948) to work on /opt/airflow/dags/minio_to_snowflake.py
[2026-06-04T04:15:31.890+0000] {processor.py:830} INFO - Processing file /opt/airflow/dags/minio_to_snowflake.py for tasks to queue
[2026-06-04T04:15:31.893+0000] {logging_mixin.py:188} INFO - [2026-06-04T04:15:31.893+0000] {dagbag.py:545} INFO - Filling up the DagBag from /opt/airflow/dags/minio_to_snowflake.py
[2026-06-04T04:15:33.097+0000] {processor.py:840} INFO - DAG(s) 'minio_to_snowflake' retrieved from /opt/airflow/dags/minio_to_snowflake.py
[2026-06-04T04:15:33.134+0000] {logging_mixin.py:188} INFO - [2026-06-04T04:15:33.133+0000] {dag.py:3089} INFO - Sync 1 DAGs
[2026-06-04T04:15:33.170+0000] {logging_mixin.py:188} INFO - [2026-06-04T04:15:33.170+0000] {dag.py:3947} INFO - Setting next_dagrun for minio_to_snowflake to 2026-06-04 04:14:00+00:00, run_after=2026-06-04 04:15:00+00:00
[2026-06-04T04:15:33.196+0000] {processor.py:183} INFO - Processing /opt/airflow/dags/minio_to_snowflake.py took 1.316 seconds
[2026-06-04T04:16:03.547+0000] {processor.py:161} INFO - Started process (PID=64011) to work on /opt/airflow/dags/minio_to_snowflake.py
[2026-06-04T04:16:03.549+0000] {processor.py:830} INFO - Processing file /opt/airflow/dags/minio_to_snowflake.py for tasks to queue
[2026-06-04T04:16:03.551+0000] {logging_mixin.py:188} INFO - [2026-06-04T04:16:03.551+0000] {dagbag.py:545} INFO - Filling up the DagBag from /opt/airflow/dags/minio_to_snowflake.py
[2026-06-04T04:16:04.733+0000] {processor.py:840} INFO - DAG(s) 'minio_to_snowflake' retrieved from /opt/airflow/dags/minio_to_snowflake.py
[2026-06-04T04:16:04.778+0000] {logging_mixin.py:188} INFO - [2026-06-04T04:16:04.772+0000] {dag.py:3089} INFO - Sync 1 DAGs
[2026-06-04T04:16:04.816+0000] {logging_mixin.py:188} INFO - [2026-06-04T04:16:04.816+0000] {dag.py:3947} INFO - Setting next_dagrun for minio_to_snowflake to 2026-06-04 04:15:00+00:00, run_after=2026-06-04 04:16:00+00:00
[2026-06-04T04:16:04.850+0000] {processor.py:183} INFO - Processing /opt/airflow/dags/minio_to_snowflake.py took 1.313 seconds
[2026-06-04T04:16:35.396+0000] {processor.py:161} INFO - Started process (PID=64066) to work on /opt/airflow/dags/minio_to_snowflake.py
[2026-06-04T04:16:35.400+0000] {processor.py:830} INFO - Processing file /opt/airflow/dags/minio_to_snowflake.py for tasks to queue
[2026-06-04T04:16:35.403+0000] {logging_mixin.py:188} INFO - [2026-06-04T04:16:35.402+0000] {dagbag.py:545} INFO - Filling up the DagBag from /opt/airflow/dags/minio_to_snowflake.py
[2026-06-04T04:16:37.302+0000] {processor.py:840} INFO - DAG(s) 'minio_to_snowflake' retrieved from /opt/airflow/dags/minio_to_snowflake.py
[2026-06-04T04:16:37.350+0000] {logging_mixin.py:188} INFO - [2026-06-04T04:16:37.350+0000] {dag.py:3089} INFO - Sync 1 DAGs
[2026-06-04T04:16:37.391+0000] {logging_mixin.py:188} INFO - [2026-06-04T04:16:37.387+0000] {dag.py:3947} INFO - Setting next_dagrun for minio_to_snowflake to 2026-06-04 04:15:00+00:00, run_after=2026-06-04 04:16:00+00:00
[2026-06-04T04:16:37.416+0000] {processor.py:183} INFO - Processing /opt/airflow/dags/minio_to_snowflake.py took 2.036 seconds
[2026-06-04T04:17:07.712+0000] {processor.py:161} INFO - Started process (PID=64120) to work on /opt/airflow/dags/minio_to_snowflake.py
[2026-06-04T04:17:07.714+0000] {processor.py:830} INFO - Processing file /opt/airflow/dags/minio_to_snowflake.py for tasks to queue
[2026-06-04T04:17:07.717+0000] {logging_mixin.py:188} INFO - [2026-06-04T04:17:07.716+0000] {dagbag.py:545} INFO - Filling up the DagBag from /opt/airflow/dags/minio_to_snowflake.py
[2026-06-04T04:17:08.760+0000] {processor.py:840} INFO - DAG(s) 'minio_to_snowflake' retrieved from /opt/airflow/dags/minio_to_snowflake.py
[2026-06-04T04:17:08.793+0000] {logging_mixin.py:188} INFO - [2026-06-04T04:17:08.792+0000] {dag.py:3089} INFO - Sync 1 DAGs
[2026-06-04T04:17:08.826+0000] {logging_mixin.py:188} INFO - [2026-06-04T04:17:08.826+0000] {dag.py:3947} INFO - Setting next_dagrun for minio_to_snowflake to 2026-06-04 04:16:00+00:00, run_after=2026-06-04 04:17:00+00:00
[2026-06-04T04:17:08.852+0000] {processor.py:183} INFO - Processing /opt/airflow/dags/minio_to_snowflake.py took 1.149 seconds
[2026-06-04T04:17:38.995+0000] {processor.py:161} INFO - Started process (PID=64175) to work on /opt/airflow/dags/minio_to_snowflake.py
[2026-06-04T04:17:39.005+0000] {processor.py:830} INFO - Processing file /opt/airflow/dags/minio_to_snowflake.py for tasks to queue
[2026-06-04T04:17:39.029+0000] {logging_mixin.py:188} INFO - [2026-06-04T04:17:39.023+0000] {dagbag.py:545} INFO - Filling up the DagBag from /opt/airflow/dags/minio_to_snowflake.py
[2026-06-04T04:17:40.601+0000] {processor.py:840} INFO - DAG(s) 'minio_to_snowflake' retrieved from /opt/airflow/dags/minio_to_snowflake.py
[2026-06-04T04:17:40.635+0000] {logging_mixin.py:188} INFO - [2026-06-04T04:17:40.635+0000] {dag.py:3089} INFO - Sync 1 DAGs
[2026-06-04T04:17:40.672+0000] {logging_mixin.py:188} INFO - [2026-06-04T04:17:40.672+0000] {dag.py:3947} INFO - Setting next_dagrun for minio_to_snowflake to 2026-06-04 04:16:00+00:00, run_after=2026-06-04 04:17:00+00:00
[2026-06-04T04:17:40.715+0000] {processor.py:183} INFO - Processing /opt/airflow/dags/minio_to_snowflake.py took 1.740 seconds
[2026-06-04T04:18:10.986+0000] {processor.py:161} INFO - Started process (PID=64227) to work on /opt/airflow/dags/minio_to_snowflake.py
[2026-06-04T04:18:10.988+0000] {processor.py:830} INFO - Processing file /opt/airflow/dags/minio_to_snowflake.py for tasks to queue
[2026-06-04T04:18:10.992+0000] {logging_mixin.py:188} INFO - [2026-06-04T04:18:10.991+0000] {dagbag.py:545} INFO - Filling up the DagBag from /opt/airflow/dags/minio_to_snowflake.py
[2026-06-04T04:18:12.230+0000] {processor.py:840} INFO - DAG(s) 'minio_to_snowflake' retrieved from /opt/airflow/dags/minio_to_snowflake.py
[2026-06-04T04:18:12.267+0000] {logging_mixin.py:188} INFO - [2026-06-04T04:18:12.266+0000] {dag.py:3089} INFO - Sync 1 DAGs
[2026-06-04T04:18:12.300+0000] {logging_mixin.py:188} INFO - [2026-06-04T04:18:12.299+0000] {dag.py:3947} INFO - Setting next_dagrun for minio_to_snowflake to 2026-06-04 04:17:00+00:00, run_after=2026-06-04 04:18:00+00:00
[2026-06-04T04:18:12.330+0000] {processor.py:183} INFO - Processing /opt/airflow/dags/minio_to_snowflake.py took 1.355 seconds
[2026-06-04T04:18:42.698+0000] {processor.py:161} INFO - Started process (PID=64281) to work on /opt/airflow/dags/minio_to_snowflake.py
[2026-06-04T04:18:42.700+0000] {processor.py:830} INFO - Processing file /opt/airflow/dags/minio_to_snowflake.py for tasks to queue
[2026-06-04T04:18:42.704+0000] {logging_mixin.py:188} INFO - [2026-06-04T04:18:42.703+0000] {dagbag.py:545} INFO - Filling up the DagBag from /opt/airflow/dags/minio_to_snowflake.py
[2026-06-04T04:18:43.949+0000] {processor.py:840} INFO - DAG(s) 'minio_to_snowflake' retrieved from /opt/airflow/dags/minio_to_snowflake.py
[2026-06-04T04:18:43.980+0000] {logging_mixin.py:188} INFO - [2026-06-04T04:18:43.979+0000] {dag.py:3089} INFO - Sync 1 DAGs
[2026-06-04T04:18:44.007+0000] {logging_mixin.py:188} INFO - [2026-06-04T04:18:44.006+0000] {dag.py:3947} INFO - Setting next_dagrun for minio_to_snowflake to 2026-06-04 04:17:00+00:00, run_after=2026-06-04 04:18:00+00:00
[2026-06-04T04:18:44.031+0000] {processor.py:183} INFO - Processing /opt/airflow/dags/minio_to_snowflake.py took 1.341 seconds
[2026-06-04T04:19:14.325+0000] {processor.py:161} INFO - Started process (PID=64342) to work on /opt/airflow/dags/minio_to_snowflake.py
[2026-06-04T04:19:14.329+0000] {processor.py:830} INFO - Processing file /opt/airflow/dags/minio_to_snowflake.py for tasks to queue
[2026-06-04T04:19:14.341+0000] {logging_mixin.py:188} INFO - [2026-06-04T04:19:14.340+0000] {dagbag.py:545} INFO - Filling up the DagBag from /opt/airflow/dags/minio_to_snowflake.py
[2026-06-04T04:19:16.312+0000] {processor.py:840} INFO - DAG(s) 'minio_to_snowflake' retrieved from /opt/airflow/dags/minio_to_snowflake.py
[2026-06-04T04:19:16.421+0000] {logging_mixin.py:188} INFO - [2026-06-04T04:19:16.420+0000] {dag.py:3089} INFO - Sync 1 DAGs
[2026-06-04T04:19:16.464+0000] {logging_mixin.py:188} INFO - [2026-06-04T04:19:16.464+0000] {dag.py:3947} INFO - Setting next_dagrun for minio_to_snowflake to 2026-06-04 04:18:00+00:00, run_after=2026-06-04 04:19:00+00:00
[2026-06-04T04:19:16.491+0000] {processor.py:183} INFO - Processing /opt/airflow/dags/minio_to_snowflake.py took 2.199 seconds
[2026-06-04T04:19:46.726+0000] {processor.py:161} INFO - Started process (PID=64433) to work on /opt/airflow/dags/minio_to_snowflake.py
[2026-06-04T04:19:46.728+0000] {processor.py:830} INFO - Processing file /opt/airflow/dags/minio_to_snowflake.py for tasks to queue
[2026-06-04T04:19:46.732+0000] {logging_mixin.py:188} INFO - [2026-06-04T04:19:46.731+0000] {dagbag.py:545} INFO - Filling up the DagBag from /opt/airflow/dags/minio_to_snowflake.py
[2026-06-04T04:19:48.123+0000] {processor.py:840} INFO - DAG(s) 'minio_to_snowflake' retrieved from /opt/airflow/dags/minio_to_snowflake.py
[2026-06-04T04:19:48.159+0000] {logging_mixin.py:188} INFO - [2026-06-04T04:19:48.158+0000] {dag.py:3089} INFO - Sync 1 DAGs
[2026-06-04T04:19:48.192+0000] {logging_mixin.py:188} INFO - [2026-06-04T04:19:48.192+0000] {dag.py:3947} INFO - Setting next_dagrun for minio_to_snowflake to 2026-06-04 04:18:00+00:00, run_after=2026-06-04 04:19:00+00:00
[2026-06-04T04:19:48.218+0000] {processor.py:183} INFO - Processing /opt/airflow/dags/minio_to_snowflake.py took 1.506 seconds
[2026-06-04T04:20:18.652+0000] {processor.py:161} INFO - Started process (PID=64515) to work on /opt/airflow/dags/minio_to_snowflake.py
[2026-06-04T04:20:18.654+0000] {processor.py:830} INFO - Processing file /opt/airflow/dags/minio_to_snowflake.py for tasks to queue
[2026-06-04T04:20:18.658+0000] {logging_mixin.py:188} INFO - [2026-06-04T04:20:18.658+0000] {dagbag.py:545} INFO - Filling up the DagBag from /opt/airflow/dags/minio_to_snowflake.py
[2026-06-04T04:20:20.332+0000] {processor.py:840} INFO - DAG(s) 'minio_to_snowflake' retrieved from /opt/airflow/dags/minio_to_snowflake.py
[2026-06-04T04:20:20.371+0000] {logging_mixin.py:188} INFO - [2026-06-04T04:20:20.370+0000] {dag.py:3089} INFO - Sync 1 DAGs
[2026-06-04T04:20:20.403+0000] {logging_mixin.py:188} INFO - [2026-06-04T04:20:20.403+0000] {dag.py:3947} INFO - Setting next_dagrun for minio_to_snowflake to 2026-06-04 04:19:00+00:00, run_after=2026-06-04 04:20:00+00:00
[2026-06-04T04:20:20.428+0000] {processor.py:183} INFO - Processing /opt/airflow/dags/minio_to_snowflake.py took 1.784 seconds
[2026-06-04T04:20:50.730+0000] {processor.py:161} INFO - Started process (PID=64631) to work on /opt/airflow/dags/minio_to_snowflake.py
[2026-06-04T04:20:50.732+0000] {processor.py:830} INFO - Processing file /opt/airflow/dags/minio_to_snowflake.py for tasks to queue
[2026-06-04T04:20:50.735+0000] {logging_mixin.py:188} INFO - [2026-06-04T04:20:50.735+0000] {dagbag.py:545} INFO - Filling up the DagBag from /opt/airflow/dags/minio_to_snowflake.py
[2026-06-04T04:20:51.915+0000] {processor.py:840} INFO - DAG(s) 'minio_to_snowflake' retrieved from /opt/airflow/dags/minio_to_snowflake.py
[2026-06-04T04:20:51.961+0000] {logging_mixin.py:188} INFO - [2026-06-04T04:20:51.961+0000] {dag.py:3089} INFO - Sync 1 DAGs
[2026-06-04T04:20:52.006+0000] {logging_mixin.py:188} INFO - [2026-06-04T04:20:52.006+0000] {dag.py:3947} INFO - Setting next_dagrun for minio_to_snowflake to 2026-06-04 04:19:00+00:00, run_after=2026-06-04 04:20:00+00:00
[2026-06-04T04:20:52.029+0000] {processor.py:183} INFO - Processing /opt/airflow/dags/minio_to_snowflake.py took 1.308 seconds
[2026-06-04T04:21:22.256+0000] {processor.py:161} INFO - Started process (PID=64744) to work on /opt/airflow/dags/minio_to_snowflake.py
[2026-06-04T04:21:22.259+0000] {processor.py:830} INFO - Processing file /opt/airflow/dags/minio_to_snowflake.py for tasks to queue
[2026-06-04T04:21:22.264+0000] {logging_mixin.py:188} INFO - [2026-06-04T04:21:22.263+0000] {dagbag.py:545} INFO - Filling up the DagBag from /opt/airflow/dags/minio_to_snowflake.py
[2026-06-04T04:21:23.380+0000] {processor.py:840} INFO - DAG(s) 'minio_to_snowflake' retrieved from /opt/airflow/dags/minio_to_snowflake.py
[2026-06-04T04:21:23.417+0000] {logging_mixin.py:188} INFO - [2026-06-04T04:21:23.416+0000] {dag.py:3089} INFO - Sync 1 DAGs
[2026-06-04T04:21:23.449+0000] {logging_mixin.py:188} INFO - [2026-06-04T04:21:23.448+0000] {dag.py:3947} INFO - Setting next_dagrun for minio_to_snowflake to 2026-06-04 04:20:00+00:00, run_after=2026-06-04 04:21:00+00:00
[2026-06-04T04:21:23.479+0000] {processor.py:183} INFO - Processing /opt/airflow/dags/minio_to_snowflake.py took 1.230 seconds
[2026-06-04T04:21:53.669+0000] {processor.py:161} INFO - Started process (PID=64860) to work on /opt/airflow/dags/minio_to_snowflake.py
[2026-06-04T04:21:53.672+0000] {processor.py:830} INFO - Processing file /opt/airflow/dags/minio_to_snowflake.py for tasks to queue
[2026-06-04T04:21:53.676+0000] {logging_mixin.py:188} INFO - [2026-06-04T04:21:53.675+0000] {dagbag.py:545} INFO - Filling up the DagBag from /opt/airflow/dags/minio_to_snowflake.py
[2026-06-04T04:21:54.755+0000] {processor.py:840} INFO - DAG(s) 'minio_to_snowflake' retrieved from /opt/airflow/dags/minio_to_snowflake.py
[2026-06-04T04:21:54.789+0000] {logging_mixin.py:188} INFO - [2026-06-04T04:21:54.786+0000] {dag.py:3089} INFO - Sync 1 DAGs
[2026-06-04T04:21:54.823+0000] {logging_mixin.py:188} INFO - [2026-06-04T04:21:54.823+0000] {dag.py:3947} INFO - Setting next_dagrun for minio_to_snowflake to 2026-06-04 04:20:00+00:00, run_after=2026-06-04 04:21:00+00:00
[2026-06-04T04:21:54.850+0000] {processor.py:183} INFO - Processing /opt/airflow/dags/minio_to_snowflake.py took 1.190 seconds
[2026-06-04T04:22:25.070+0000] {processor.py:161} INFO - Started process (PID=64974) to work on /opt/airflow/dags/minio_to_snowflake.py
[2026-06-04T04:22:25.072+0000] {processor.py:830} INFO - Processing file /opt/airflow/dags/minio_to_snowflake.py for tasks to queue
[2026-06-04T04:22:25.074+0000] {logging_mixin.py:188} INFO - [2026-06-04T04:22:25.074+0000] {dagbag.py:545} INFO - Filling up the DagBag from /opt/airflow/dags/minio_to_snowflake.py
[2026-06-04T04:22:26.420+0000] {processor.py:840} INFO - DAG(s) 'minio_to_snowflake' retrieved from /opt/airflow/dags/minio_to_snowflake.py
[2026-06-04T04:22:26.457+0000] {logging_mixin.py:188} INFO - [2026-06-04T04:22:26.456+0000] {dag.py:3089} INFO - Sync 1 DAGs
[2026-06-04T04:22:26.489+0000] {logging_mixin.py:188} INFO - [2026-06-04T04:22:26.489+0000] {dag.py:3947} INFO - Setting next_dagrun for minio_to_snowflake to 2026-06-04 04:21:00+00:00, run_after=2026-06-04 04:22:00+00:00
[2026-06-04T04:22:26.517+0000] {processor.py:183} INFO - Processing /opt/airflow/dags/minio_to_snowflake.py took 1.456 seconds
[2026-06-04T04:22:56.762+0000] {processor.py:161} INFO - Started process (PID=65079) to work on /opt/airflow/dags/minio_to_snowflake.py
[2026-06-04T04:22:56.764+0000] {processor.py:830} INFO - Processing file /opt/airflow/dags/minio_to_snowflake.py for tasks to queue
[2026-06-04T04:22:56.766+0000] {logging_mixin.py:188} INFO - [2026-06-04T04:22:56.766+0000] {dagbag.py:545} INFO - Filling up the DagBag from /opt/airflow/dags/minio_to_snowflake.py
[2026-06-04T04:22:57.812+0000] {processor.py:840} INFO - DAG(s) 'minio_to_snowflake' retrieved from /opt/airflow/dags/minio_to_snowflake.py
[2026-06-04T04:22:57.865+0000] {logging_mixin.py:188} INFO - [2026-06-04T04:22:57.864+0000] {dag.py:3089} INFO - Sync 1 DAGs
[2026-06-04T04:22:57.930+0000] {logging_mixin.py:188} INFO - [2026-06-04T04:22:57.929+0000] {dag.py:3947} INFO - Setting next_dagrun for minio_to_snowflake to 2026-06-04 04:22:00+00:00, run_after=2026-06-04 04:23:00+00:00
[2026-06-04T04:22:57.963+0000] {processor.py:183} INFO - Processing /opt/airflow/dags/minio_to_snowflake.py took 1.210 seconds
[2026-06-04T04:23:28.066+0000] {processor.py:161} INFO - Started process (PID=66259) to work on /opt/airflow/dags/minio_to_snowflake.py
[2026-06-04T04:23:28.068+0000] {processor.py:830} INFO - Processing file /opt/airflow/dags/minio_to_snowflake.py for tasks to queue
[2026-06-04T04:23:28.072+0000] {logging_mixin.py:188} INFO - [2026-06-04T04:23:28.072+0000] {dagbag.py:545} INFO - Filling up the DagBag from /opt/airflow/dags/minio_to_snowflake.py
[2026-06-04T04:23:29.319+0000] {processor.py:840} INFO - DAG(s) 'minio_to_snowflake' retrieved from /opt/airflow/dags/minio_to_snowflake.py
[2026-06-04T04:23:29.361+0000] {logging_mixin.py:188} INFO - [2026-06-04T04:23:29.360+0000] {dag.py:3089} INFO - Sync 1 DAGs
[2026-06-04T04:23:29.389+0000] {logging_mixin.py:188} INFO - [2026-06-04T04:23:29.389+0000] {dag.py:3947} INFO - Setting next_dagrun for minio_to_snowflake to 2026-06-04 04:22:00+00:00, run_after=2026-06-04 04:23:00+00:00
[2026-06-04T04:23:29.420+0000] {processor.py:183} INFO - Processing /opt/airflow/dags/minio_to_snowflake.py took 1.362 seconds
[2026-06-04T04:23:59.515+0000] {processor.py:161} INFO - Started process (PID=66375) to work on /opt/airflow/dags/minio_to_snowflake.py
[2026-06-04T04:23:59.516+0000] {processor.py:830} INFO - Processing file /opt/airflow/dags/minio_to_snowflake.py for tasks to queue
[2026-06-04T04:23:59.519+0000] {logging_mixin.py:188} INFO - [2026-06-04T04:23:59.518+0000] {dagbag.py:545} INFO - Filling up the DagBag from /opt/airflow/dags/minio_to_snowflake.py
[2026-06-04T04:24:00.850+0000] {processor.py:840} INFO - DAG(s) 'minio_to_snowflake' retrieved from /opt/airflow/dags/minio_to_snowflake.py
[2026-06-04T04:24:00.889+0000] {logging_mixin.py:188} INFO - [2026-06-04T04:24:00.888+0000] {dag.py:3089} INFO - Sync 1 DAGs
[2026-06-04T04:24:00.920+0000] {logging_mixin.py:188} INFO - [2026-06-04T04:24:00.919+0000] {dag.py:3947} INFO - Setting next_dagrun for minio_to_snowflake to 2026-06-04 04:23:00+00:00, run_after=2026-06-04 04:24:00+00:00
[2026-06-04T04:24:00.946+0000] {processor.py:183} INFO - Processing /opt/airflow/dags/minio_to_snowflake.py took 1.441 seconds
[2026-06-04T04:24:31.243+0000] {processor.py:161} INFO - Started process (PID=66489) to work on /opt/airflow/dags/minio_to_snowflake.py
[2026-06-04T04:24:31.252+0000] {processor.py:830} INFO - Processing file /opt/airflow/dags/minio_to_snowflake.py for tasks to queue
[2026-06-04T04:24:31.258+0000] {logging_mixin.py:188} INFO - [2026-06-04T04:24:31.257+0000] {dagbag.py:545} INFO - Filling up the DagBag from /opt/airflow/dags/minio_to_snowflake.py
[2026-06-04T04:24:32.304+0000] {processor.py:840} INFO - DAG(s) 'minio_to_snowflake' retrieved from /opt/airflow/dags/minio_to_snowflake.py
[2026-06-04T04:24:32.345+0000] {logging_mixin.py:188} INFO - [2026-06-04T04:24:32.344+0000] {dag.py:3089} INFO - Sync 1 DAGs
[2026-06-04T04:24:32.380+0000] {logging_mixin.py:188} INFO - [2026-06-04T04:24:32.380+0000] {dag.py:3947} INFO - Setting next_dagrun for minio_to_snowflake to 2026-06-04 04:23:00+00:00, run_after=2026-06-04 04:24:00+00:00
[2026-06-04T04:24:32.404+0000] {processor.py:183} INFO - Processing /opt/airflow/dags/minio_to_snowflake.py took 1.169 seconds
[2026-06-04T04:25:02.660+0000] {processor.py:161} INFO - Started process (PID=66604) to work on /opt/airflow/dags/minio_to_snowflake.py
[2026-06-04T04:25:02.662+0000] {processor.py:830} INFO - Processing file /opt/airflow/dags/minio_to_snowflake.py for tasks to queue
[2026-06-04T04:25:02.667+0000] {logging_mixin.py:188} INFO - [2026-06-04T04:25:02.667+0000] {dagbag.py:545} INFO - Filling up the DagBag from /opt/airflow/dags/minio_to_snowflake.py
[2026-06-04T04:25:04.249+0000] {processor.py:840} INFO - DAG(s) 'minio_to_snowflake' retrieved from /opt/airflow/dags/minio_to_snowflake.py
[2026-06-04T04:25:04.285+0000] {logging_mixin.py:188} INFO - [2026-06-04T04:25:04.284+0000] {dag.py:3089} INFO - Sync 1 DAGs
[2026-06-04T04:25:04.317+0000] {logging_mixin.py:188} INFO - [2026-06-04T04:25:04.317+0000] {dag.py:3947} INFO - Setting next_dagrun for minio_to_snowflake to 2026-06-04 04:24:00+00:00, run_after=2026-06-04 04:25:00+00:00
[2026-06-04T04:25:04.345+0000] {processor.py:183} INFO - Processing /opt/airflow/dags/minio_to_snowflake.py took 1.695 seconds
[2026-06-04T04:25:34.636+0000] {processor.py:161} INFO - Started process (PID=66716) to work on /opt/airflow/dags/minio_to_snowflake.py
[2026-06-04T04:25:34.638+0000] {processor.py:830} INFO - Processing file /opt/airflow/dags/minio_to_snowflake.py for tasks to queue
[2026-06-04T04:25:34.641+0000] {logging_mixin.py:188} INFO - [2026-06-04T04:25:34.641+0000] {dagbag.py:545} INFO - Filling up the DagBag from /opt/airflow/dags/minio_to_snowflake.py
[2026-06-04T04:25:35.937+0000] {processor.py:840} INFO - DAG(s) 'minio_to_snowflake' retrieved from /opt/airflow/dags/minio_to_snowflake.py
[2026-06-04T04:25:35.989+0000] {logging_mixin.py:188} INFO - [2026-06-04T04:25:35.987+0000] {dag.py:3089} INFO - Sync 1 DAGs
[2026-06-04T04:25:36.050+0000] {logging_mixin.py:188} INFO - [2026-06-04T04:25:36.049+0000] {dag.py:3947} INFO - Setting next_dagrun for minio_to_snowflake to 2026-06-04 04:24:00+00:00, run_after=2026-06-04 04:25:00+00:00
[2026-06-04T04:25:36.099+0000] {processor.py:183} INFO - Processing /opt/airflow/dags/minio_to_snowflake.py took 1.471 seconds
[2026-06-04T04:26:06.234+0000] {processor.py:161} INFO - Started process (PID=67804) to work on /opt/airflow/dags/minio_to_snowflake.py
[2026-06-04T04:26:06.236+0000] {processor.py:830} INFO - Processing file /opt/airflow/dags/minio_to_snowflake.py for tasks to queue
[2026-06-04T04:26:06.239+0000] {logging_mixin.py:188} INFO - [2026-06-04T04:26:06.238+0000] {dagbag.py:545} INFO - Filling up the DagBag from /opt/airflow/dags/minio_to_snowflake.py
[2026-06-04T04:26:07.710+0000] {processor.py:840} INFO - DAG(s) 'minio_to_snowflake' retrieved from /opt/airflow/dags/minio_to_snowflake.py
[2026-06-04T04:26:07.771+0000] {logging_mixin.py:188} INFO - [2026-06-04T04:26:07.770+0000] {dag.py:3089} INFO - Sync 1 DAGs
[2026-06-04T04:26:07.832+0000] {logging_mixin.py:188} INFO - [2026-06-04T04:26:07.831+0000] {dag.py:3947} INFO - Setting next_dagrun for minio_to_snowflake to 2026-06-04 04:25:00+00:00, run_after=2026-06-04 04:26:00+00:00
[2026-06-04T04:26:07.865+0000] {processor.py:183} INFO - Processing /opt/airflow/dags/minio_to_snowflake.py took 1.640 seconds
[2026-06-04T04:26:38.165+0000] {processor.py:161} INFO - Started process (PID=67989) to work on /opt/airflow/dags/minio_to_snowflake.py
[2026-06-04T04:26:38.167+0000] {processor.py:830} INFO - Processing file /opt/airflow/dags/minio_to_snowflake.py for tasks to queue
[2026-06-04T04:26:38.169+0000] {logging_mixin.py:188} INFO - [2026-06-04T04:26:38.169+0000] {dagbag.py:545} INFO - Filling up the DagBag from /opt/airflow/dags/minio_to_snowflake.py
[2026-06-04T04:26:39.420+0000] {processor.py:840} INFO - DAG(s) 'minio_to_snowflake' retrieved from /opt/airflow/dags/minio_to_snowflake.py
[2026-06-04T04:26:39.452+0000] {logging_mixin.py:188} INFO - [2026-06-04T04:26:39.451+0000] {dag.py:3089} INFO - Sync 1 DAGs
[2026-06-04T04:26:39.487+0000] {logging_mixin.py:188} INFO - [2026-06-04T04:26:39.487+0000] {dag.py:3947} INFO - Setting next_dagrun for minio_to_snowflake to 2026-06-04 04:25:00+00:00, run_after=2026-06-04 04:26:00+00:00
[2026-06-04T04:26:39.517+0000] {processor.py:183} INFO - Processing /opt/airflow/dags/minio_to_snowflake.py took 1.361 seconds
[2026-06-04T04:27:09.782+0000] {processor.py:161} INFO - Started process (PID=68103) to work on /opt/airflow/dags/minio_to_snowflake.py
[2026-06-04T04:27:09.783+0000] {processor.py:830} INFO - Processing file /opt/airflow/dags/minio_to_snowflake.py for tasks to queue
[2026-06-04T04:27:09.786+0000] {logging_mixin.py:188} INFO - [2026-06-04T04:27:09.785+0000] {dagbag.py:545} INFO - Filling up the DagBag from /opt/airflow/dags/minio_to_snowflake.py
[2026-06-04T04:27:10.834+0000] {processor.py:840} INFO - DAG(s) 'minio_to_snowflake' retrieved from /opt/airflow/dags/minio_to_snowflake.py
[2026-06-04T04:27:10.876+0000] {logging_mixin.py:188} INFO - [2026-06-04T04:27:10.875+0000] {dag.py:3089} INFO - Sync 1 DAGs
[2026-06-04T04:27:10.908+0000] {logging_mixin.py:188} INFO - [2026-06-04T04:27:10.907+0000] {dag.py:3947} INFO - Setting next_dagrun for minio_to_snowflake to 2026-06-04 04:26:00+00:00, run_after=2026-06-04 04:27:00+00:00
[2026-06-04T04:27:10.933+0000] {processor.py:183} INFO - Processing /opt/airflow/dags/minio_to_snowflake.py took 1.159 seconds
[2026-06-04T04:27:41.051+0000] {processor.py:161} INFO - Started process (PID=68216) to work on /opt/airflow/dags/minio_to_snowflake.py
[2026-06-04T04:27:41.053+0000] {processor.py:830} INFO - Processing file /opt/airflow/dags/minio_to_snowflake.py for tasks to queue
[2026-06-04T04:27:41.055+0000] {logging_mixin.py:188} INFO - [2026-06-04T04:27:41.055+0000] {dagbag.py:545} INFO - Filling up the DagBag from /opt/airflow/dags/minio_to_snowflake.py
[2026-06-04T04:27:42.096+0000] {processor.py:840} INFO - DAG(s) 'minio_to_snowflake' retrieved from /opt/airflow/dags/minio_to_snowflake.py
[2026-06-04T04:27:42.137+0000] {logging_mixin.py:188} INFO - [2026-06-04T04:27:42.134+0000] {dag.py:3089} INFO - Sync 1 DAGs
[2026-06-04T04:27:42.178+0000] {logging_mixin.py:188} INFO - [2026-06-04T04:27:42.178+0000] {dag.py:3947} INFO - Setting next_dagrun for minio_to_snowflake to 2026-06-04 04:26:00+00:00, run_after=2026-06-04 04:27:00+00:00
[2026-06-04T04:27:42.207+0000] {processor.py:183} INFO - Processing /opt/airflow/dags/minio_to_snowflake.py took 1.168 seconds
[2026-06-04T04:28:12.384+0000] {processor.py:161} INFO - Started process (PID=68332) to work on /opt/airflow/dags/minio_to_snowflake.py
[2026-06-04T04:28:12.386+0000] {processor.py:830} INFO - Processing file /opt/airflow/dags/minio_to_snowflake.py for tasks to queue
[2026-06-04T04:28:12.390+0000] {logging_mixin.py:188} INFO - [2026-06-04T04:28:12.389+0000] {dagbag.py:545} INFO - Filling up the DagBag from /opt/airflow/dags/minio_to_snowflake.py
[2026-06-04T04:28:14.085+0000] {processor.py:840} INFO - DAG(s) 'minio_to_snowflake' retrieved from /opt/airflow/dags/minio_to_snowflake.py
[2026-06-04T04:28:14.123+0000] {logging_mixin.py:188} INFO - [2026-06-04T04:28:14.122+0000] {dag.py:3089} INFO - Sync 1 DAGs
[2026-06-04T04:28:14.159+0000] {logging_mixin.py:188} INFO - [2026-06-04T04:28:14.158+0000] {dag.py:3947} INFO - Setting next_dagrun for minio_to_snowflake to 2026-06-04 04:27:00+00:00, run_after=2026-06-04 04:28:00+00:00
[2026-06-04T04:28:14.200+0000] {processor.py:183} INFO - Processing /opt/airflow/dags/minio_to_snowflake.py took 1.824 seconds
[2026-06-04T04:28:44.825+0000] {processor.py:161} INFO - Started process (PID=68445) to work on /opt/airflow/dags/minio_to_snowflake.py
[2026-06-04T04:28:44.829+0000] {processor.py:830} INFO - Processing file /opt/airflow/dags/minio_to_snowflake.py for tasks to queue
[2026-06-04T04:28:44.834+0000] {logging_mixin.py:188} INFO - [2026-06-04T04:28:44.831+0000] {dagbag.py:545} INFO - Filling up the DagBag from /opt/airflow/dags/minio_to_snowflake.py
[2026-06-04T04:28:46.377+0000] {processor.py:840} INFO - DAG(s) 'minio_to_snowflake' retrieved from /opt/airflow/dags/minio_to_snowflake.py
[2026-06-04T04:28:46.431+0000] {logging_mixin.py:188} INFO - [2026-06-04T04:28:46.428+0000] {dag.py:3089} INFO - Sync 1 DAGs
[2026-06-04T04:28:46.462+0000] {logging_mixin.py:188} INFO - [2026-06-04T04:28:46.462+0000] {dag.py:3947} INFO - Setting next_dagrun for minio_to_snowflake to 2026-06-04 04:27:00+00:00, run_after=2026-06-04 04:28:00+00:00
[2026-06-04T04:28:46.490+0000] {processor.py:183} INFO - Processing /opt/airflow/dags/minio_to_snowflake.py took 1.670 seconds
[2026-06-04T04:29:16.778+0000] {processor.py:161} INFO - Started process (PID=69610) to work on /opt/airflow/dags/minio_to_snowflake.py
[2026-06-04T04:29:16.780+0000] {processor.py:830} INFO - Processing file /opt/airflow/dags/minio_to_snowflake.py for tasks to queue
[2026-06-04T04:29:16.783+0000] {logging_mixin.py:188} INFO - [2026-06-04T04:29:16.782+0000] {dagbag.py:545} INFO - Filling up the DagBag from /opt/airflow/dags/minio_to_snowflake.py
[2026-06-04T04:29:18.284+0000] {processor.py:840} INFO - DAG(s) 'minio_to_snowflake' retrieved from /opt/airflow/dags/minio_to_snowflake.py
[2026-06-04T04:29:18.404+0000] {logging_mixin.py:188} INFO - [2026-06-04T04:29:18.404+0000] {dag.py:3089} INFO - Sync 1 DAGs
[2026-06-04T04:29:18.485+0000] {logging_mixin.py:188} INFO - [2026-06-04T04:29:18.485+0000] {dag.py:3947} INFO - Setting next_dagrun for minio_to_snowflake to 2026-06-04 04:28:00+00:00, run_after=2026-06-04 04:29:00+00:00
[2026-06-04T04:29:18.533+0000] {processor.py:183} INFO - Processing /opt/airflow/dags/minio_to_snowflake.py took 1.770 seconds
[2026-06-04T04:29:48.878+0000] {processor.py:161} INFO - Started process (PID=69715) to work on /opt/airflow/dags/minio_to_snowflake.py
[2026-06-04T04:29:48.880+0000] {processor.py:830} INFO - Processing file /opt/airflow/dags/minio_to_snowflake.py for tasks to queue
[2026-06-04T04:29:48.884+0000] {logging_mixin.py:188} INFO - [2026-06-04T04:29:48.883+0000] {dagbag.py:545} INFO - Filling up the DagBag from /opt/airflow/dags/minio_to_snowflake.py
[2026-06-04T04:29:50.254+0000] {processor.py:840} INFO - DAG(s) 'minio_to_snowflake' retrieved from /opt/airflow/dags/minio_to_snowflake.py
[2026-06-04T04:29:50.295+0000] {logging_mixin.py:188} INFO - [2026-06-04T04:29:50.294+0000] {dag.py:3089} INFO - Sync 1 DAGs
[2026-06-04T04:29:50.327+0000] {logging_mixin.py:188} INFO - [2026-06-04T04:29:50.327+0000] {dag.py:3947} INFO - Setting next_dagrun for minio_to_snowflake to 2026-06-04 04:28:00+00:00, run_after=2026-06-04 04:29:00+00:00
[2026-06-04T04:29:50.353+0000] {processor.py:183} INFO - Processing /opt/airflow/dags/minio_to_snowflake.py took 1.491 seconds
[2026-06-04T04:30:20.635+0000] {processor.py:161} INFO - Started process (PID=69829) to work on /opt/airflow/dags/minio_to_snowflake.py
[2026-06-04T04:30:20.636+0000] {processor.py:830} INFO - Processing file /opt/airflow/dags/minio_to_snowflake.py for tasks to queue
[2026-06-04T04:30:20.639+0000] {logging_mixin.py:188} INFO - [2026-06-04T04:30:20.638+0000] {dagbag.py:545} INFO - Filling up the DagBag from /opt/airflow/dags/minio_to_snowflake.py
[2026-06-04T04:30:21.693+0000] {processor.py:840} INFO - DAG(s) 'minio_to_snowflake' retrieved from /opt/airflow/dags/minio_to_snowflake.py
[2026-06-04T04:30:21.728+0000] {logging_mixin.py:188} INFO - [2026-06-04T04:30:21.726+0000] {dag.py:3089} INFO - Sync 1 DAGs
[2026-06-04T04:30:21.760+0000] {logging_mixin.py:188} INFO - [2026-06-04T04:30:21.759+0000] {dag.py:3947} INFO - Setting next_dagrun for minio_to_snowflake to 2026-06-04 04:29:00+00:00, run_after=2026-06-04 04:30:00+00:00
[2026-06-04T04:30:21.784+0000] {processor.py:183} INFO - Processing /opt/airflow/dags/minio_to_snowflake.py took 1.158 seconds
[2026-06-04T04:30:51.853+0000] {processor.py:161} INFO - Started process (PID=69936) to work on /opt/airflow/dags/minio_to_snowflake.py
[2026-06-04T04:30:51.854+0000] {processor.py:830} INFO - Processing file /opt/airflow/dags/minio_to_snowflake.py for tasks to queue
[2026-06-04T04:30:51.859+0000] {logging_mixin.py:188} INFO - [2026-06-04T04:30:51.858+0000] {dagbag.py:545} INFO - Filling up the DagBag from /opt/airflow/dags/minio_to_snowflake.py
[2026-06-04T04:30:53.123+0000] {processor.py:840} INFO - DAG(s) 'minio_to_snowflake' retrieved from /opt/airflow/dags/minio_to_snowflake.py
[2026-06-04T04:30:53.159+0000] {logging_mixin.py:188} INFO - [2026-06-04T04:30:53.159+0000] {dag.py:3089} INFO - Sync 1 DAGs
[2026-06-04T04:30:53.187+0000] {logging_mixin.py:188} INFO - [2026-06-04T04:30:53.187+0000] {dag.py:3947} INFO - Setting next_dagrun for minio_to_snowflake to 2026-06-04 04:29:00+00:00, run_after=2026-06-04 04:30:00+00:00
[2026-06-04T04:30:53.212+0000] {processor.py:183} INFO - Processing /opt/airflow/dags/minio_to_snowflake.py took 1.367 seconds
[2026-06-04T04:31:23.785+0000] {processor.py:161} INFO - Started process (PID=70047) to work on /opt/airflow/dags/minio_to_snowflake.py
[2026-06-04T04:31:23.787+0000] {processor.py:830} INFO - Processing file /opt/airflow/dags/minio_to_snowflake.py for tasks to queue
[2026-06-04T04:31:23.789+0000] {logging_mixin.py:188} INFO - [2026-06-04T04:31:23.788+0000] {dagbag.py:545} INFO - Filling up the DagBag from /opt/airflow/dags/minio_to_snowflake.py
[2026-06-04T04:31:25.031+0000] {processor.py:840} INFO - DAG(s) 'minio_to_snowflake' retrieved from /opt/airflow/dags/minio_to_snowflake.py
[2026-06-04T04:31:25.072+0000] {logging_mixin.py:188} INFO - [2026-06-04T04:31:25.072+0000] {dag.py:3089} INFO - Sync 1 DAGs
[2026-06-04T04:31:25.100+0000] {logging_mixin.py:188} INFO - [2026-06-04T04:31:25.100+0000] {dag.py:3947} INFO - Setting next_dagrun for minio_to_snowflake to 2026-06-04 04:30:00+00:00, run_after=2026-06-04 04:31:00+00:00
[2026-06-04T04:31:25.126+0000] {processor.py:183} INFO - Processing /opt/airflow/dags/minio_to_snowflake.py took 1.350 seconds
[2026-06-04T04:31:55.442+0000] {processor.py:161} INFO - Started process (PID=70160) to work on /opt/airflow/dags/minio_to_snowflake.py
[2026-06-04T04:31:55.444+0000] {processor.py:830} INFO - Processing file /opt/airflow/dags/minio_to_snowflake.py for tasks to queue
[2026-06-04T04:31:55.447+0000] {logging_mixin.py:188} INFO - [2026-06-04T04:31:55.447+0000] {dagbag.py:545} INFO - Filling up the DagBag from /opt/airflow/dags/minio_to_snowflake.py
[2026-06-04T04:31:56.801+0000] {processor.py:840} INFO - DAG(s) 'minio_to_snowflake' retrieved from /opt/airflow/dags/minio_to_snowflake.py
[2026-06-04T04:31:56.837+0000] {logging_mixin.py:188} INFO - [2026-06-04T04:31:56.836+0000] {dag.py:3089} INFO - Sync 1 DAGs
[2026-06-04T04:31:56.867+0000] {logging_mixin.py:188} INFO - [2026-06-04T04:31:56.867+0000] {dag.py:3947} INFO - Setting next_dagrun for minio_to_snowflake to 2026-06-04 04:30:00+00:00, run_after=2026-06-04 04:31:00+00:00
[2026-06-04T04:31:56.901+0000] {processor.py:183} INFO - Processing /opt/airflow/dags/minio_to_snowflake.py took 1.468 seconds
[2026-06-04T04:32:27.333+0000] {processor.py:161} INFO - Started process (PID=71316) to work on /opt/airflow/dags/minio_to_snowflake.py
[2026-06-04T04:32:27.334+0000] {processor.py:830} INFO - Processing file /opt/airflow/dags/minio_to_snowflake.py for tasks to queue
[2026-06-04T04:32:27.349+0000] {logging_mixin.py:188} INFO - [2026-06-04T04:32:27.349+0000] {dagbag.py:545} INFO - Filling up the DagBag from /opt/airflow/dags/minio_to_snowflake.py
[2026-06-04T04:32:28.893+0000] {processor.py:840} INFO - DAG(s) 'minio_to_snowflake' retrieved from /opt/airflow/dags/minio_to_snowflake.py
[2026-06-04T04:32:28.931+0000] {logging_mixin.py:188} INFO - [2026-06-04T04:32:28.931+0000] {dag.py:3089} INFO - Sync 1 DAGs
[2026-06-04T04:32:28.965+0000] {logging_mixin.py:188} INFO - [2026-06-04T04:32:28.964+0000] {dag.py:3947} INFO - Setting next_dagrun for minio_to_snowflake to 2026-06-04 04:31:00+00:00, run_after=2026-06-04 04:32:00+00:00
[2026-06-04T04:32:28.996+0000] {processor.py:183} INFO - Processing /opt/airflow/dags/minio_to_snowflake.py took 1.676 seconds
[2026-06-04T04:32:59.247+0000] {processor.py:161} INFO - Started process (PID=71429) to work on /opt/airflow/dags/minio_to_snowflake.py
[2026-06-04T04:32:59.248+0000] {processor.py:830} INFO - Processing file /opt/airflow/dags/minio_to_snowflake.py for tasks to queue
[2026-06-04T04:32:59.251+0000] {logging_mixin.py:188} INFO - [2026-06-04T04:32:59.251+0000] {dagbag.py:545} INFO - Filling up the DagBag from /opt/airflow/dags/minio_to_snowflake.py
[2026-06-04T04:33:00.291+0000] {processor.py:840} INFO - DAG(s) 'minio_to_snowflake' retrieved from /opt/airflow/dags/minio_to_snowflake.py
[2026-06-04T04:33:00.336+0000] {logging_mixin.py:188} INFO - [2026-06-04T04:33:00.335+0000] {dag.py:3089} INFO - Sync 1 DAGs
[2026-06-04T04:33:00.371+0000] {logging_mixin.py:188} INFO - [2026-06-04T04:33:00.371+0000] {dag.py:3947} INFO - Setting next_dagrun for minio_to_snowflake to 2026-06-04 04:32:00+00:00, run_after=2026-06-04 04:33:00+00:00
[2026-06-04T04:33:00.397+0000] {processor.py:183} INFO - Processing /opt/airflow/dags/minio_to_snowflake.py took 1.158 seconds
[2026-06-04T04:33:30.549+0000] {processor.py:161} INFO - Started process (PID=71508) to work on /opt/airflow/dags/minio_to_snowflake.py
[2026-06-04T04:33:30.550+0000] {processor.py:830} INFO - Processing file /opt/airflow/dags/minio_to_snowflake.py for tasks to queue
[2026-06-04T04:33:30.553+0000] {logging_mixin.py:188} INFO - [2026-06-04T04:33:30.553+0000] {dagbag.py:545} INFO - Filling up the DagBag from /opt/airflow/dags/minio_to_snowflake.py
[2026-06-04T04:33:31.614+0000] {processor.py:840} INFO - DAG(s) 'minio_to_snowflake' retrieved from /opt/airflow/dags/minio_to_snowflake.py
[2026-06-04T04:33:31.648+0000] {logging_mixin.py:188} INFO - [2026-06-04T04:33:31.647+0000] {dag.py:3089} INFO - Sync 1 DAGs
[2026-06-04T04:33:31.689+0000] {logging_mixin.py:188} INFO - [2026-06-04T04:33:31.689+0000] {dag.py:3947} INFO - Setting next_dagrun for minio_to_snowflake to 2026-06-04 04:32:00+00:00, run_after=2026-06-04 04:33:00+00:00
[2026-06-04T04:33:31.720+0000] {processor.py:183} INFO - Processing /opt/airflow/dags/minio_to_snowflake.py took 1.186 seconds
[2026-06-04T04:34:01.975+0000] {processor.py:161} INFO - Started process (PID=71589) to work on /opt/airflow/dags/minio_to_snowflake.py
[2026-06-04T04:34:01.979+0000] {processor.py:830} INFO - Processing file /opt/airflow/dags/minio_to_snowflake.py for tasks to queue
[2026-06-04T04:34:01.992+0000] {logging_mixin.py:188} INFO - [2026-06-04T04:34:01.991+0000] {dagbag.py:545} INFO - Filling up the DagBag from /opt/airflow/dags/minio_to_snowflake.py
[2026-06-04T04:34:03.359+0000] {processor.py:840} INFO - DAG(s) 'minio_to_snowflake' retrieved from /opt/airflow/dags/minio_to_snowflake.py
[2026-06-04T04:34:03.406+0000] {logging_mixin.py:188} INFO - [2026-06-04T04:34:03.404+0000] {dag.py:3089} INFO - Sync 1 DAGs
[2026-06-04T04:34:03.447+0000] {logging_mixin.py:188} INFO - [2026-06-04T04:34:03.446+0000] {dag.py:3947} INFO - Setting next_dagrun for minio_to_snowflake to 2026-06-04 04:33:00+00:00, run_after=2026-06-04 04:34:00+00:00
[2026-06-04T04:34:03.478+0000] {processor.py:183} INFO - Processing /opt/airflow/dags/minio_to_snowflake.py took 1.537 seconds
[2026-06-04T04:34:34.030+0000] {processor.py:161} INFO - Started process (PID=71674) to work on /opt/airflow/dags/minio_to_snowflake.py
[2026-06-04T04:34:34.033+0000] {processor.py:830} INFO - Processing file /opt/airflow/dags/minio_to_snowflake.py for tasks to queue
[2026-06-04T04:34:34.039+0000] {logging_mixin.py:188} INFO - [2026-06-04T04:34:34.038+0000] {dagbag.py:545} INFO - Filling up the DagBag from /opt/airflow/dags/minio_to_snowflake.py
[2026-06-04T04:34:35.069+0000] {processor.py:840} INFO - DAG(s) 'minio_to_snowflake' retrieved from /opt/airflow/dags/minio_to_snowflake.py
[2026-06-04T04:34:35.102+0000] {logging_mixin.py:188} INFO - [2026-06-04T04:34:35.101+0000] {dag.py:3089} INFO - Sync 1 DAGs
[2026-06-04T04:34:35.132+0000] {logging_mixin.py:188} INFO - [2026-06-04T04:34:35.132+0000] {dag.py:3947} INFO - Setting next_dagrun for minio_to_snowflake to 2026-06-04 04:33:00+00:00, run_after=2026-06-04 04:34:00+00:00
[2026-06-04T04:34:35.158+0000] {processor.py:183} INFO - Processing /opt/airflow/dags/minio_to_snowflake.py took 1.136 seconds
[2026-06-04T04:35:05.276+0000] {processor.py:161} INFO - Started process (PID=71758) to work on /opt/airflow/dags/minio_to_snowflake.py
[2026-06-04T04:35:05.278+0000] {processor.py:830} INFO - Processing file /opt/airflow/dags/minio_to_snowflake.py for tasks to queue
[2026-06-04T04:35:05.281+0000] {logging_mixin.py:188} INFO - [2026-06-04T04:35:05.281+0000] {dagbag.py:545} INFO - Filling up the DagBag from /opt/airflow/dags/minio_to_snowflake.py
[2026-06-04T04:35:06.772+0000] {processor.py:840} INFO - DAG(s) 'minio_to_snowflake' retrieved from /opt/airflow/dags/minio_to_snowflake.py
[2026-06-04T04:35:06.824+0000] {logging_mixin.py:188} INFO - [2026-06-04T04:35:06.823+0000] {dag.py:3089} INFO - Sync 1 DAGs
[2026-06-04T04:35:06.867+0000] {logging_mixin.py:188} INFO - [2026-06-04T04:35:06.867+0000] {dag.py:3947} INFO - Setting next_dagrun for minio_to_snowflake to 2026-06-04 04:34:00+00:00, run_after=2026-06-04 04:35:00+00:00
[2026-06-04T04:35:06.894+0000] {processor.py:183} INFO - Processing /opt/airflow/dags/minio_to_snowflake.py took 1.629 seconds
[2026-06-04T04:35:37.127+0000] {processor.py:161} INFO - Started process (PID=71846) to work on /opt/airflow/dags/minio_to_snowflake.py
[2026-06-04T04:35:37.129+0000] {processor.py:830} INFO - Processing file /opt/airflow/dags/minio_to_snowflake.py for tasks to queue
[2026-06-04T04:35:37.132+0000] {logging_mixin.py:188} INFO - [2026-06-04T04:35:37.131+0000] {dagbag.py:545} INFO - Filling up the DagBag from /opt/airflow/dags/minio_to_snowflake.py
[2026-06-04T04:35:38.232+0000] {processor.py:840} INFO - DAG(s) 'minio_to_snowflake' retrieved from /opt/airflow/dags/minio_to_snowflake.py
[2026-06-04T04:35:38.267+0000] {logging_mixin.py:188} INFO - [2026-06-04T04:35:38.267+0000] {dag.py:3089} INFO - Sync 1 DAGs
[2026-06-04T04:35:38.302+0000] {logging_mixin.py:188} INFO - [2026-06-04T04:35:38.302+0000] {dag.py:3947} INFO - Setting next_dagrun for minio_to_snowflake to 2026-06-04 04:34:00+00:00, run_after=2026-06-04 04:35:00+00:00
[2026-06-04T04:35:38.326+0000] {processor.py:183} INFO - Processing /opt/airflow/dags/minio_to_snowflake.py took 1.207 seconds
[2026-06-04T04:36:08.645+0000] {processor.py:161} INFO - Started process (PID=72970) to work on /opt/airflow/dags/minio_to_snowflake.py
[2026-06-04T04:36:08.646+0000] {processor.py:830} INFO - Processing file /opt/airflow/dags/minio_to_snowflake.py for tasks to queue
[2026-06-04T04:36:08.675+0000] {logging_mixin.py:188} INFO - [2026-06-04T04:36:08.666+0000] {dagbag.py:545} INFO - Filling up the DagBag from /opt/airflow/dags/minio_to_snowflake.py
[2026-06-04T04:36:09.939+0000] {processor.py:840} INFO - DAG(s) 'minio_to_snowflake' retrieved from /opt/airflow/dags/minio_to_snowflake.py
[2026-06-04T04:36:09.973+0000] {logging_mixin.py:188} INFO - [2026-06-04T04:36:09.972+0000] {dag.py:3089} INFO - Sync 1 DAGs
[2026-06-04T04:36:10.004+0000] {logging_mixin.py:188} INFO - [2026-06-04T04:36:10.004+0000] {dag.py:3947} INFO - Setting next_dagrun for minio_to_snowflake to 2026-06-04 04:35:00+00:00, run_after=2026-06-04 04:36:00+00:00
[2026-06-04T04:36:10.031+0000] {processor.py:183} INFO - Processing /opt/airflow/dags/minio_to_snowflake.py took 1.397 seconds
[2026-06-04T04:36:40.291+0000] {processor.py:161} INFO - Started process (PID=73080) to work on /opt/airflow/dags/minio_to_snowflake.py
[2026-06-04T04:36:40.296+0000] {processor.py:830} INFO - Processing file /opt/airflow/dags/minio_to_snowflake.py for tasks to queue
[2026-06-04T04:36:40.300+0000] {logging_mixin.py:188} INFO - [2026-06-04T04:36:40.299+0000] {dagbag.py:545} INFO - Filling up the DagBag from /opt/airflow/dags/minio_to_snowflake.py
[2026-06-04T04:36:41.520+0000] {processor.py:840} INFO - DAG(s) 'minio_to_snowflake' retrieved from /opt/airflow/dags/minio_to_snowflake.py
[2026-06-04T04:36:41.562+0000] {logging_mixin.py:188} INFO - [2026-06-04T04:36:41.562+0000] {dag.py:3089} INFO - Sync 1 DAGs
[2026-06-04T04:36:41.594+0000] {logging_mixin.py:188} INFO - [2026-06-04T04:36:41.593+0000] {dag.py:3947} INFO - Setting next_dagrun for minio_to_snowflake to 2026-06-04 04:35:00+00:00, run_after=2026-06-04 04:36:00+00:00
[2026-06-04T04:36:41.619+0000] {processor.py:183} INFO - Processing /opt/airflow/dags/minio_to_snowflake.py took 1.337 seconds
[2026-06-04T04:37:11.889+0000] {processor.py:161} INFO - Started process (PID=73167) to work on /opt/airflow/dags/minio_to_snowflake.py
[2026-06-04T04:37:11.890+0000] {processor.py:830} INFO - Processing file /opt/airflow/dags/minio_to_snowflake.py for tasks to queue
[2026-06-04T04:37:11.895+0000] {logging_mixin.py:188} INFO - [2026-06-04T04:37:11.894+0000] {dagbag.py:545} INFO - Filling up the DagBag from /opt/airflow/dags/minio_to_snowflake.py
[2026-06-04T04:37:13.228+0000] {processor.py:840} INFO - DAG(s) 'minio_to_snowflake' retrieved from /opt/airflow/dags/minio_to_snowflake.py
[2026-06-04T04:37:13.296+0000] {logging_mixin.py:188} INFO - [2026-06-04T04:37:13.286+0000] {dag.py:3089} INFO - Sync 1 DAGs
[2026-06-04T04:37:13.343+0000] {logging_mixin.py:188} INFO - [2026-06-04T04:37:13.342+0000] {dag.py:3947} INFO - Setting next_dagrun for minio_to_snowflake to 2026-06-04 04:36:00+00:00, run_after=2026-06-04 04:37:00+00:00
[2026-06-04T04:37:13.385+0000] {processor.py:183} INFO - Processing /opt/airflow/dags/minio_to_snowflake.py took 1.506 seconds
[2026-06-04T04:37:43.658+0000] {processor.py:161} INFO - Started process (PID=73251) to work on /opt/airflow/dags/minio_to_snowflake.py
[2026-06-04T04:37:43.662+0000] {processor.py:830} INFO - Processing file /opt/airflow/dags/minio_to_snowflake.py for tasks to queue
[2026-06-04T04:37:43.665+0000] {logging_mixin.py:188} INFO - [2026-06-04T04:37:43.664+0000] {dagbag.py:545} INFO - Filling up the DagBag from /opt/airflow/dags/minio_to_snowflake.py
[2026-06-04T04:37:44.882+0000] {processor.py:840} INFO - DAG(s) 'minio_to_snowflake' retrieved from /opt/airflow/dags/minio_to_snowflake.py
[2026-06-04T04:37:44.923+0000] {logging_mixin.py:188} INFO - [2026-06-04T04:37:44.922+0000] {dag.py:3089} INFO - Sync 1 DAGs
[2026-06-04T04:37:44.955+0000] {logging_mixin.py:188} INFO - [2026-06-04T04:37:44.955+0000] {dag.py:3947} INFO - Setting next_dagrun for minio_to_snowflake to 2026-06-04 04:36:00+00:00, run_after=2026-06-04 04:37:00+00:00
[2026-06-04T04:37:44.978+0000] {processor.py:183} INFO - Processing /opt/airflow/dags/minio_to_snowflake.py took 1.330 seconds
[2026-06-04T04:38:15.089+0000] {processor.py:161} INFO - Started process (PID=73337) to work on /opt/airflow/dags/minio_to_snowflake.py
[2026-06-04T04:38:15.091+0000] {processor.py:830} INFO - Processing file /opt/airflow/dags/minio_to_snowflake.py for tasks to queue
[2026-06-04T04:38:15.095+0000] {logging_mixin.py:188} INFO - [2026-06-04T04:38:15.095+0000] {dagbag.py:545} INFO - Filling up the DagBag from /opt/airflow/dags/minio_to_snowflake.py
[2026-06-04T04:38:16.650+0000] {processor.py:840} INFO - DAG(s) 'minio_to_snowflake' retrieved from /opt/airflow/dags/minio_to_snowflake.py
[2026-06-04T04:38:16.861+0000] {logging_mixin.py:188} INFO - [2026-06-04T04:38:16.860+0000] {dag.py:3089} INFO - Sync 1 DAGs
[2026-06-04T04:38:16.983+0000] {logging_mixin.py:188} INFO - [2026-06-04T04:38:16.983+0000] {dag.py:3947} INFO - Setting next_dagrun for minio_to_snowflake to 2026-06-04 04:37:00+00:00, run_after=2026-06-04 04:38:00+00:00
[2026-06-04T04:38:17.096+0000] {processor.py:183} INFO - Processing /opt/airflow/dags/minio_to_snowflake.py took 2.030 seconds
[2026-06-04T04:38:47.505+0000] {processor.py:161} INFO - Started process (PID=73427) to work on /opt/airflow/dags/minio_to_snowflake.py
[2026-06-04T04:38:47.506+0000] {processor.py:830} INFO - Processing file /opt/airflow/dags/minio_to_snowflake.py for tasks to queue
[2026-06-04T04:38:47.509+0000] {logging_mixin.py:188} INFO - [2026-06-04T04:38:47.509+0000] {dagbag.py:545} INFO - Filling up the DagBag from /opt/airflow/dags/minio_to_snowflake.py
[2026-06-04T04:38:48.662+0000] {processor.py:840} INFO - DAG(s) 'minio_to_snowflake' retrieved from /opt/airflow/dags/minio_to_snowflake.py
[2026-06-04T04:38:48.699+0000] {logging_mixin.py:188} INFO - [2026-06-04T04:38:48.697+0000] {dag.py:3089} INFO - Sync 1 DAGs
[2026-06-04T04:38:48.730+0000] {logging_mixin.py:188} INFO - [2026-06-04T04:38:48.730+0000] {dag.py:3947} INFO - Setting next_dagrun for minio_to_snowflake to 2026-06-04 04:37:00+00:00, run_after=2026-06-04 04:38:00+00:00
[2026-06-04T04:38:48.756+0000] {processor.py:183} INFO - Processing /opt/airflow/dags/minio_to_snowflake.py took 1.260 seconds
[2026-06-04T04:39:19.029+0000] {processor.py:161} INFO - Started process (PID=73505) to work on /opt/airflow/dags/minio_to_snowflake.py
[2026-06-04T04:39:19.031+0000] {processor.py:830} INFO - Processing file /opt/airflow/dags/minio_to_snowflake.py for tasks to queue
[2026-06-04T04:39:19.034+0000] {logging_mixin.py:188} INFO - [2026-06-04T04:39:19.033+0000] {dagbag.py:545} INFO - Filling up the DagBag from /opt/airflow/dags/minio_to_snowflake.py
[2026-06-04T04:39:20.137+0000] {processor.py:840} INFO - DAG(s) 'minio_to_snowflake' retrieved from /opt/airflow/dags/minio_to_snowflake.py
[2026-06-04T04:39:20.175+0000] {logging_mixin.py:188} INFO - [2026-06-04T04:39:20.175+0000] {dag.py:3089} INFO - Sync 1 DAGs
[2026-06-04T04:39:20.213+0000] {logging_mixin.py:188} INFO - [2026-06-04T04:39:20.213+0000] {dag.py:3947} INFO - Setting next_dagrun for minio_to_snowflake to 2026-06-04 04:38:00+00:00, run_after=2026-06-04 04:39:00+00:00
[2026-06-04T04:39:20.244+0000] {processor.py:183} INFO - Processing /opt/airflow/dags/minio_to_snowflake.py took 1.223 seconds
[2026-06-04T04:39:50.480+0000] {processor.py:161} INFO - Started process (PID=73592) to work on /opt/airflow/dags/minio_to_snowflake.py
[2026-06-04T04:39:50.481+0000] {processor.py:830} INFO - Processing file /opt/airflow/dags/minio_to_snowflake.py for tasks to queue
[2026-06-04T04:39:50.483+0000] {logging_mixin.py:188} INFO - [2026-06-04T04:39:50.483+0000] {dagbag.py:545} INFO - Filling up the DagBag from /opt/airflow/dags/minio_to_snowflake.py
[2026-06-04T04:39:51.505+0000] {processor.py:840} INFO - DAG(s) 'minio_to_snowflake' retrieved from /opt/airflow/dags/minio_to_snowflake.py
[2026-06-04T04:39:51.544+0000] {logging_mixin.py:188} INFO - [2026-06-04T04:39:51.537+0000] {dag.py:3089} INFO - Sync 1 DAGs
[2026-06-04T04:39:51.576+0000] {logging_mixin.py:188} INFO - [2026-06-04T04:39:51.576+0000] {dag.py:3947} INFO - Setting next_dagrun for minio_to_snowflake to 2026-06-04 04:38:00+00:00, run_after=2026-06-04 04:39:00+00:00
[2026-06-04T04:39:51.599+0000] {processor.py:183} INFO - Processing /opt/airflow/dags/minio_to_snowflake.py took 1.128 seconds
[2026-06-04T04:40:21.774+0000] {processor.py:161} INFO - Started process (PID=74742) to work on /opt/airflow/dags/minio_to_snowflake.py
[2026-06-04T04:40:21.776+0000] {processor.py:830} INFO - Processing file /opt/airflow/dags/minio_to_snowflake.py for tasks to queue
[2026-06-04T04:40:21.779+0000] {logging_mixin.py:188} INFO - [2026-06-04T04:40:21.778+0000] {dagbag.py:545} INFO - Filling up the DagBag from /opt/airflow/dags/minio_to_snowflake.py
[2026-06-04T04:40:23.070+0000] {processor.py:840} INFO - DAG(s) 'minio_to_snowflake' retrieved from /opt/airflow/dags/minio_to_snowflake.py
[2026-06-04T04:40:23.103+0000] {logging_mixin.py:188} INFO - [2026-06-04T04:40:23.103+0000] {dag.py:3089} INFO - Sync 1 DAGs
[2026-06-04T04:40:23.162+0000] {logging_mixin.py:188} INFO - [2026-06-04T04:40:23.161+0000] {dag.py:3947} INFO - Setting next_dagrun for minio_to_snowflake to 2026-06-04 04:39:00+00:00, run_after=2026-06-04 04:40:00+00:00
[2026-06-04T04:40:23.223+0000] {processor.py:183} INFO - Processing /opt/airflow/dags/minio_to_snowflake.py took 1.456 seconds
[2026-06-04T04:40:53.521+0000] {processor.py:161} INFO - Started process (PID=74835) to work on /opt/airflow/dags/minio_to_snowflake.py
[2026-06-04T04:40:53.523+0000] {processor.py:830} INFO - Processing file /opt/airflow/dags/minio_to_snowflake.py for tasks to queue
[2026-06-04T04:40:53.526+0000] {logging_mixin.py:188} INFO - [2026-06-04T04:40:53.526+0000] {dagbag.py:545} INFO - Filling up the DagBag from /opt/airflow/dags/minio_to_snowflake.py
[2026-06-04T04:40:54.536+0000] {processor.py:840} INFO - DAG(s) 'minio_to_snowflake' retrieved from /opt/airflow/dags/minio_to_snowflake.py
[2026-06-04T04:40:54.606+0000] {logging_mixin.py:188} INFO - [2026-06-04T04:40:54.596+0000] {dag.py:3089} INFO - Sync 1 DAGs
[2026-06-04T04:40:54.673+0000] {logging_mixin.py:188} INFO - [2026-06-04T04:40:54.673+0000] {dag.py:3947} INFO - Setting next_dagrun for minio_to_snowflake to 2026-06-04 04:39:00+00:00, run_after=2026-06-04 04:40:00+00:00
[2026-06-04T04:40:54.739+0000] {processor.py:183} INFO - Processing /opt/airflow/dags/minio_to_snowflake.py took 1.225 seconds
[2026-06-04T04:41:24.968+0000] {processor.py:161} INFO - Started process (PID=74925) to work on /opt/airflow/dags/minio_to_snowflake.py
[2026-06-04T04:41:24.970+0000] {processor.py:830} INFO - Processing file /opt/airflow/dags/minio_to_snowflake.py for tasks to queue
[2026-06-04T04:41:24.972+0000] {logging_mixin.py:188} INFO - [2026-06-04T04:41:24.972+0000] {dagbag.py:545} INFO - Filling up the DagBag from /opt/airflow/dags/minio_to_snowflake.py
[2026-06-04T04:41:26.066+0000] {processor.py:840} INFO - DAG(s) 'minio_to_snowflake' retrieved from /opt/airflow/dags/minio_to_snowflake.py
[2026-06-04T04:41:26.102+0000] {logging_mixin.py:188} INFO - [2026-06-04T04:41:26.101+0000] {dag.py:3089} INFO - Sync 1 DAGs
[2026-06-04T04:41:26.137+0000] {logging_mixin.py:188} INFO - [2026-06-04T04:41:26.137+0000] {dag.py:3947} INFO - Setting next_dagrun for minio_to_snowflake to 2026-06-04 04:40:00+00:00, run_after=2026-06-04 04:41:00+00:00
[2026-06-04T04:41:26.166+0000] {processor.py:183} INFO - Processing /opt/airflow/dags/minio_to_snowflake.py took 1.208 seconds
[2026-06-04T04:41:56.447+0000] {processor.py:161} INFO - Started process (PID=75011) to work on /opt/airflow/dags/minio_to_snowflake.py
[2026-06-04T04:41:56.452+0000] {processor.py:830} INFO - Processing file /opt/airflow/dags/minio_to_snowflake.py for tasks to queue
[2026-06-04T04:41:56.456+0000] {logging_mixin.py:188} INFO - [2026-06-04T04:41:56.455+0000] {dagbag.py:545} INFO - Filling up the DagBag from /opt/airflow/dags/minio_to_snowflake.py
[2026-06-04T04:41:57.703+0000] {processor.py:840} INFO - DAG(s) 'minio_to_snowflake' retrieved from /opt/airflow/dags/minio_to_snowflake.py
[2026-06-04T04:41:57.740+0000] {logging_mixin.py:188} INFO - [2026-06-04T04:41:57.739+0000] {dag.py:3089} INFO - Sync 1 DAGs
[2026-06-04T04:41:57.769+0000] {logging_mixin.py:188} INFO - [2026-06-04T04:41:57.769+0000] {dag.py:3947} INFO - Setting next_dagrun for minio_to_snowflake to 2026-06-04 04:40:00+00:00, run_after=2026-06-04 04:41:00+00:00
[2026-06-04T04:41:57.792+0000] {processor.py:183} INFO - Processing /opt/airflow/dags/minio_to_snowflake.py took 1.355 seconds
[2026-06-04T04:42:30.013+0000] {processor.py:161} INFO - Started process (PID=75099) to work on /opt/airflow/dags/minio_to_snowflake.py
[2026-06-04T04:42:30.021+0000] {processor.py:830} INFO - Processing file /opt/airflow/dags/minio_to_snowflake.py for tasks to queue
[2026-06-04T04:42:30.036+0000] {logging_mixin.py:188} INFO - [2026-06-04T04:42:30.036+0000] {dagbag.py:545} INFO - Filling up the DagBag from /opt/airflow/dags/minio_to_snowflake.py
[2026-06-04T04:42:37.234+0000] {processor.py:840} INFO - DAG(s) 'minio_to_snowflake' retrieved from /opt/airflow/dags/minio_to_snowflake.py
[2026-06-04T04:42:37.459+0000] {logging_mixin.py:188} INFO - [2026-06-04T04:42:37.458+0000] {dag.py:3089} INFO - Sync 1 DAGs
[2026-06-04T04:42:37.693+0000] {logging_mixin.py:188} INFO - [2026-06-04T04:42:37.693+0000] {dag.py:3947} INFO - Setting next_dagrun for minio_to_snowflake to 2026-06-04 04:41:00+00:00, run_after=2026-06-04 04:42:00+00:00
[2026-06-04T04:42:37.878+0000] {processor.py:183} INFO - Processing /opt/airflow/dags/minio_to_snowflake.py took 7.882 seconds
[2026-06-04T04:43:08.026+0000] {processor.py:161} INFO - Started process (PID=75189) to work on /opt/airflow/dags/minio_to_snowflake.py
[2026-06-04T04:43:08.032+0000] {processor.py:830} INFO - Processing file /opt/airflow/dags/minio_to_snowflake.py for tasks to queue
[2026-06-04T04:43:08.036+0000] {logging_mixin.py:188} INFO - [2026-06-04T04:43:08.035+0000] {dagbag.py:545} INFO - Filling up the DagBag from /opt/airflow/dags/minio_to_snowflake.py
[2026-06-04T04:43:09.155+0000] {processor.py:840} INFO - DAG(s) 'minio_to_snowflake' retrieved from /opt/airflow/dags/minio_to_snowflake.py
[2026-06-04T04:43:09.193+0000] {logging_mixin.py:188} INFO - [2026-06-04T04:43:09.192+0000] {dag.py:3089} INFO - Sync 1 DAGs
[2026-06-04T04:43:09.223+0000] {logging_mixin.py:188} INFO - [2026-06-04T04:43:09.223+0000] {dag.py:3947} INFO - Setting next_dagrun for minio_to_snowflake to 2026-06-04 04:42:00+00:00, run_after=2026-06-04 04:43:00+00:00
[2026-06-04T04:43:09.248+0000] {processor.py:183} INFO - Processing /opt/airflow/dags/minio_to_snowflake.py took 1.230 seconds
[2026-06-04T04:43:39.652+0000] {processor.py:161} INFO - Started process (PID=75276) to work on /opt/airflow/dags/minio_to_snowflake.py
[2026-06-04T04:43:39.654+0000] {processor.py:830} INFO - Processing file /opt/airflow/dags/minio_to_snowflake.py for tasks to queue
[2026-06-04T04:43:39.660+0000] {logging_mixin.py:188} INFO - [2026-06-04T04:43:39.660+0000] {dagbag.py:545} INFO - Filling up the DagBag from /opt/airflow/dags/minio_to_snowflake.py
[2026-06-04T04:43:40.618+0000] {processor.py:840} INFO - DAG(s) 'minio_to_snowflake' retrieved from /opt/airflow/dags/minio_to_snowflake.py
[2026-06-04T04:43:40.653+0000] {logging_mixin.py:188} INFO - [2026-06-04T04:43:40.653+0000] {dag.py:3089} INFO - Sync 1 DAGs
[2026-06-04T04:43:40.709+0000] {logging_mixin.py:188} INFO - [2026-06-04T04:43:40.709+0000] {dag.py:3947} INFO - Setting next_dagrun for minio_to_snowflake to 2026-06-04 04:42:00+00:00, run_after=2026-06-04 04:43:00+00:00
[2026-06-04T04:43:40.738+0000] {processor.py:183} INFO - Processing /opt/airflow/dags/minio_to_snowflake.py took 1.093 seconds
[2026-06-04T04:44:10.923+0000] {processor.py:161} INFO - Started process (PID=76434) to work on /opt/airflow/dags/minio_to_snowflake.py
[2026-06-04T04:44:10.927+0000] {processor.py:830} INFO - Processing file /opt/airflow/dags/minio_to_snowflake.py for tasks to queue
[2026-06-04T04:44:10.930+0000] {logging_mixin.py:188} INFO - [2026-06-04T04:44:10.929+0000] {dagbag.py:545} INFO - Filling up the DagBag from /opt/airflow/dags/minio_to_snowflake.py
[2026-06-04T04:44:11.996+0000] {processor.py:840} INFO - DAG(s) 'minio_to_snowflake' retrieved from /opt/airflow/dags/minio_to_snowflake.py
[2026-06-04T04:44:12.054+0000] {logging_mixin.py:188} INFO - [2026-06-04T04:44:12.054+0000] {dag.py:3089} INFO - Sync 1 DAGs
[2026-06-04T04:44:12.137+0000] {logging_mixin.py:188} INFO - [2026-06-04T04:44:12.137+0000] {dag.py:3947} INFO - Setting next_dagrun for minio_to_snowflake to 2026-06-04 04:43:00+00:00, run_after=2026-06-04 04:44:00+00:00
[2026-06-04T04:44:12.244+0000] {processor.py:183} INFO - Processing /opt/airflow/dags/minio_to_snowflake.py took 1.329 seconds
[2026-06-04T04:44:42.473+0000] {processor.py:161} INFO - Started process (PID=76513) to work on /opt/airflow/dags/minio_to_snowflake.py
[2026-06-04T04:44:42.478+0000] {processor.py:830} INFO - Processing file /opt/airflow/dags/minio_to_snowflake.py for tasks to queue
[2026-06-04T04:44:42.482+0000] {logging_mixin.py:188} INFO - [2026-06-04T04:44:42.482+0000] {dagbag.py:545} INFO - Filling up the DagBag from /opt/airflow/dags/minio_to_snowflake.py
[2026-06-04T04:44:43.845+0000] {processor.py:840} INFO - DAG(s) 'minio_to_snowflake' retrieved from /opt/airflow/dags/minio_to_snowflake.py
[2026-06-04T04:44:43.891+0000] {logging_mixin.py:188} INFO - [2026-06-04T04:44:43.890+0000] {dag.py:3089} INFO - Sync 1 DAGs
[2026-06-04T04:44:43.922+0000] {logging_mixin.py:188} INFO - [2026-06-04T04:44:43.921+0000] {dag.py:3947} INFO - Setting next_dagrun for minio_to_snowflake to 2026-06-04 04:43:00+00:00, run_after=2026-06-04 04:44:00+00:00
[2026-06-04T04:44:43.949+0000] {processor.py:183} INFO - Processing /opt/airflow/dags/minio_to_snowflake.py took 1.484 seconds
[2026-06-04T04:45:14.047+0000] {processor.py:161} INFO - Started process (PID=76593) to work on /opt/airflow/dags/minio_to_snowflake.py
[2026-06-04T04:45:14.054+0000] {processor.py:830} INFO - Processing file /opt/airflow/dags/minio_to_snowflake.py for tasks to queue
[2026-06-04T04:45:14.057+0000] {logging_mixin.py:188} INFO - [2026-06-04T04:45:14.056+0000] {dagbag.py:545} INFO - Filling up the DagBag from /opt/airflow/dags/minio_to_snowflake.py
[2026-06-04T04:45:15.416+0000] {processor.py:840} INFO - DAG(s) 'minio_to_snowflake' retrieved from /opt/airflow/dags/minio_to_snowflake.py
[2026-06-04T04:45:15.460+0000] {logging_mixin.py:188} INFO - [2026-06-04T04:45:15.459+0000] {dag.py:3089} INFO - Sync 1 DAGs
[2026-06-04T04:45:15.503+0000] {logging_mixin.py:188} INFO - [2026-06-04T04:45:15.503+0000] {dag.py:3947} INFO - Setting next_dagrun for minio_to_snowflake to 2026-06-04 04:44:00+00:00, run_after=2026-06-04 04:45:00+00:00
[2026-06-04T04:45:15.529+0000] {processor.py:183} INFO - Processing /opt/airflow/dags/minio_to_snowflake.py took 1.494 seconds
[2026-06-04T04:45:45.609+0000] {processor.py:161} INFO - Started process (PID=76678) to work on /opt/airflow/dags/minio_to_snowflake.py
[2026-06-04T04:45:45.610+0000] {processor.py:830} INFO - Processing file /opt/airflow/dags/minio_to_snowflake.py for tasks to queue
[2026-06-04T04:45:45.613+0000] {logging_mixin.py:188} INFO - [2026-06-04T04:45:45.613+0000] {dagbag.py:545} INFO - Filling up the DagBag from /opt/airflow/dags/minio_to_snowflake.py
[2026-06-04T04:45:46.806+0000] {processor.py:840} INFO - DAG(s) 'minio_to_snowflake' retrieved from /opt/airflow/dags/minio_to_snowflake.py
[2026-06-04T04:45:46.858+0000] {logging_mixin.py:188} INFO - [2026-06-04T04:45:46.857+0000] {dag.py:3089} INFO - Sync 1 DAGs
[2026-06-04T04:45:46.912+0000] {logging_mixin.py:188} INFO - [2026-06-04T04:45:46.912+0000] {dag.py:3947} INFO - Setting next_dagrun for minio_to_snowflake to 2026-06-04 04:44:00+00:00, run_after=2026-06-04 04:45:00+00:00
[2026-06-04T04:45:46.942+0000] {processor.py:183} INFO - Processing /opt/airflow/dags/minio_to_snowflake.py took 1.319 seconds
[2026-06-04T04:46:17.196+0000] {processor.py:161} INFO - Started process (PID=76763) to work on /opt/airflow/dags/minio_to_snowflake.py
[2026-06-04T04:46:17.198+0000] {processor.py:830} INFO - Processing file /opt/airflow/dags/minio_to_snowflake.py for tasks to queue
[2026-06-04T04:46:17.200+0000] {logging_mixin.py:188} INFO - [2026-06-04T04:46:17.200+0000] {dagbag.py:545} INFO - Filling up the DagBag from /opt/airflow/dags/minio_to_snowflake.py
[2026-06-04T04:46:18.568+0000] {processor.py:840} INFO - DAG(s) 'minio_to_snowflake' retrieved from /opt/airflow/dags/minio_to_snowflake.py
[2026-06-04T04:46:18.617+0000] {logging_mixin.py:188} INFO - [2026-06-04T04:46:18.616+0000] {dag.py:3089} INFO - Sync 1 DAGs
[2026-06-04T04:46:18.655+0000] {logging_mixin.py:188} INFO - [2026-06-04T04:46:18.655+0000] {dag.py:3947} INFO - Setting next_dagrun for minio_to_snowflake to 2026-06-04 04:45:00+00:00, run_after=2026-06-04 04:46:00+00:00
[2026-06-04T04:46:18.682+0000] {processor.py:183} INFO - Processing /opt/airflow/dags/minio_to_snowflake.py took 1.495 seconds
[2026-06-04T04:46:49.007+0000] {processor.py:161} INFO - Started process (PID=76849) to work on /opt/airflow/dags/minio_to_snowflake.py
[2026-06-04T04:46:49.011+0000] {processor.py:830} INFO - Processing file /opt/airflow/dags/minio_to_snowflake.py for tasks to queue
[2026-06-04T04:46:49.032+0000] {logging_mixin.py:188} INFO - [2026-06-04T04:46:49.025+0000] {dagbag.py:545} INFO - Filling up the DagBag from /opt/airflow/dags/minio_to_snowflake.py
[2026-06-04T04:46:50.270+0000] {processor.py:840} INFO - DAG(s) 'minio_to_snowflake' retrieved from /opt/airflow/dags/minio_to_snowflake.py
[2026-06-04T04:46:50.313+0000] {logging_mixin.py:188} INFO - [2026-06-04T04:46:50.312+0000] {dag.py:3089} INFO - Sync 1 DAGs
[2026-06-04T04:46:50.354+0000] {logging_mixin.py:188} INFO - [2026-06-04T04:46:50.353+0000] {dag.py:3947} INFO - Setting next_dagrun for minio_to_snowflake to 2026-06-04 04:45:00+00:00, run_after=2026-06-04 04:46:00+00:00
[2026-06-04T04:46:50.378+0000] {processor.py:183} INFO - Processing /opt/airflow/dags/minio_to_snowflake.py took 1.386 seconds
[2026-06-04T04:47:20.443+0000] {processor.py:161} INFO - Started process (PID=76932) to work on /opt/airflow/dags/minio_to_snowflake.py
[2026-06-04T04:47:20.445+0000] {processor.py:830} INFO - Processing file /opt/airflow/dags/minio_to_snowflake.py for tasks to queue
[2026-06-04T04:47:20.449+0000] {logging_mixin.py:188} INFO - [2026-06-04T04:47:20.448+0000] {dagbag.py:545} INFO - Filling up the DagBag from /opt/airflow/dags/minio_to_snowflake.py
[2026-06-04T04:47:21.538+0000] {processor.py:840} INFO - DAG(s) 'minio_to_snowflake' retrieved from /opt/airflow/dags/minio_to_snowflake.py
[2026-06-04T04:47:21.573+0000] {logging_mixin.py:188} INFO - [2026-06-04T04:47:21.572+0000] {dag.py:3089} INFO - Sync 1 DAGs
[2026-06-04T04:47:21.603+0000] {logging_mixin.py:188} INFO - [2026-06-04T04:47:21.602+0000] {dag.py:3947} INFO - Setting next_dagrun for minio_to_snowflake to 2026-06-04 04:46:00+00:00, run_after=2026-06-04 04:47:00+00:00
[2026-06-04T04:47:21.625+0000] {processor.py:183} INFO - Processing /opt/airflow/dags/minio_to_snowflake.py took 1.192 seconds
[2026-06-04T04:47:51.833+0000] {processor.py:161} INFO - Started process (PID=77015) to work on /opt/airflow/dags/minio_to_snowflake.py
[2026-06-04T04:47:51.835+0000] {processor.py:830} INFO - Processing file /opt/airflow/dags/minio_to_snowflake.py for tasks to queue
[2026-06-04T04:47:51.838+0000] {logging_mixin.py:188} INFO - [2026-06-04T04:47:51.837+0000] {dagbag.py:545} INFO - Filling up the DagBag from /opt/airflow/dags/minio_to_snowflake.py
[2026-06-04T04:47:52.993+0000] {processor.py:840} INFO - DAG(s) 'minio_to_snowflake' retrieved from /opt/airflow/dags/minio_to_snowflake.py
[2026-06-04T04:47:53.045+0000] {logging_mixin.py:188} INFO - [2026-06-04T04:47:53.044+0000] {dag.py:3089} INFO - Sync 1 DAGs
[2026-06-04T04:47:53.073+0000] {logging_mixin.py:188} INFO - [2026-06-04T04:47:53.072+0000] {dag.py:3947} INFO - Setting next_dagrun for minio_to_snowflake to 2026-06-04 04:47:00+00:00, run_after=2026-06-04 04:48:00+00:00
[2026-06-04T04:47:53.098+0000] {processor.py:183} INFO - Processing /opt/airflow/dags/minio_to_snowflake.py took 1.276 seconds
[2026-06-04T04:48:23.379+0000] {processor.py:161} INFO - Started process (PID=78173) to work on /opt/airflow/dags/minio_to_snowflake.py
[2026-06-04T04:48:23.380+0000] {processor.py:830} INFO - Processing file /opt/airflow/dags/minio_to_snowflake.py for tasks to queue
[2026-06-04T04:48:23.383+0000] {logging_mixin.py:188} INFO - [2026-06-04T04:48:23.383+0000] {dagbag.py:545} INFO - Filling up the DagBag from /opt/airflow/dags/minio_to_snowflake.py
[2026-06-04T04:48:24.425+0000] {processor.py:840} INFO - DAG(s) 'minio_to_snowflake' retrieved from /opt/airflow/dags/minio_to_snowflake.py
[2026-06-04T04:48:24.478+0000] {logging_mixin.py:188} INFO - [2026-06-04T04:48:24.477+0000] {dag.py:3089} INFO - Sync 1 DAGs
[2026-06-04T04:48:24.542+0000] {logging_mixin.py:188} INFO - [2026-06-04T04:48:24.541+0000] {dag.py:3947} INFO - Setting next_dagrun for minio_to_snowflake to 2026-06-04 04:47:00+00:00, run_after=2026-06-04 04:48:00+00:00
[2026-06-04T04:48:24.588+0000] {processor.py:183} INFO - Processing /opt/airflow/dags/minio_to_snowflake.py took 1.218 seconds
[2026-06-04T04:48:54.822+0000] {processor.py:161} INFO - Started process (PID=78265) to work on /opt/airflow/dags/minio_to_snowflake.py
[2026-06-04T04:48:54.824+0000] {processor.py:830} INFO - Processing file /opt/airflow/dags/minio_to_snowflake.py for tasks to queue
[2026-06-04T04:48:54.826+0000] {logging_mixin.py:188} INFO - [2026-06-04T04:48:54.826+0000] {dagbag.py:545} INFO - Filling up the DagBag from /opt/airflow/dags/minio_to_snowflake.py
[2026-06-04T04:48:56.099+0000] {processor.py:840} INFO - DAG(s) 'minio_to_snowflake' retrieved from /opt/airflow/dags/minio_to_snowflake.py
[2026-06-04T04:48:56.134+0000] {logging_mixin.py:188} INFO - [2026-06-04T04:48:56.134+0000] {dag.py:3089} INFO - Sync 1 DAGs
[2026-06-04T04:48:56.168+0000] {logging_mixin.py:188} INFO - [2026-06-04T04:48:56.168+0000] {dag.py:3947} INFO - Setting next_dagrun for minio_to_snowflake to 2026-06-04 04:47:00+00:00, run_after=2026-06-04 04:48:00+00:00
[2026-06-04T04:48:56.193+0000] {processor.py:183} INFO - Processing /opt/airflow/dags/minio_to_snowflake.py took 1.382 seconds
[2026-06-04T04:49:26.553+0000] {processor.py:161} INFO - Started process (PID=78356) to work on /opt/airflow/dags/minio_to_snowflake.py
[2026-06-04T04:49:26.554+0000] {processor.py:830} INFO - Processing file /opt/airflow/dags/minio_to_snowflake.py for tasks to queue
[2026-06-04T04:49:26.557+0000] {logging_mixin.py:188} INFO - [2026-06-04T04:49:26.556+0000] {dagbag.py:545} INFO - Filling up the DagBag from /opt/airflow/dags/minio_to_snowflake.py
[2026-06-04T04:49:27.655+0000] {processor.py:840} INFO - DAG(s) 'minio_to_snowflake' retrieved from /opt/airflow/dags/minio_to_snowflake.py
[2026-06-04T04:49:27.690+0000] {logging_mixin.py:188} INFO - [2026-06-04T04:49:27.689+0000] {dag.py:3089} INFO - Sync 1 DAGs
[2026-06-04T04:49:27.723+0000] {logging_mixin.py:188} INFO - [2026-06-04T04:49:27.723+0000] {dag.py:3947} INFO - Setting next_dagrun for minio_to_snowflake to 2026-06-04 04:48:00+00:00, run_after=2026-06-04 04:49:00+00:00
[2026-06-04T04:49:27.748+0000] {processor.py:183} INFO - Processing /opt/airflow/dags/minio_to_snowflake.py took 1.204 seconds
[2026-06-04T04:49:57.982+0000] {processor.py:161} INFO - Started process (PID=78448) to work on /opt/airflow/dags/minio_to_snowflake.py
[2026-06-04T04:49:57.983+0000] {processor.py:830} INFO - Processing file /opt/airflow/dags/minio_to_snowflake.py for tasks to queue
[2026-06-04T04:49:57.987+0000] {logging_mixin.py:188} INFO - [2026-06-04T04:49:57.986+0000] {dagbag.py:545} INFO - Filling up the DagBag from /opt/airflow/dags/minio_to_snowflake.py
[2026-06-04T04:49:58.972+0000] {processor.py:840} INFO - DAG(s) 'minio_to_snowflake' retrieved from /opt/airflow/dags/minio_to_snowflake.py
[2026-06-04T04:49:59.011+0000] {logging_mixin.py:188} INFO - [2026-06-04T04:49:59.008+0000] {dag.py:3089} INFO - Sync 1 DAGs
[2026-06-04T04:49:59.083+0000] {logging_mixin.py:188} INFO - [2026-06-04T04:49:59.083+0000] {dag.py:3947} INFO - Setting next_dagrun for minio_to_snowflake to 2026-06-04 04:48:00+00:00, run_after=2026-06-04 04:49:00+00:00
[2026-06-04T04:49:59.104+0000] {processor.py:183} INFO - Processing /opt/airflow/dags/minio_to_snowflake.py took 1.130 seconds
[2026-06-04T04:50:29.240+0000] {processor.py:161} INFO - Started process (PID=78531) to work on /opt/airflow/dags/minio_to_snowflake.py
[2026-06-04T04:50:29.241+0000] {processor.py:830} INFO - Processing file /opt/airflow/dags/minio_to_snowflake.py for tasks to queue
[2026-06-04T04:50:29.244+0000] {logging_mixin.py:188} INFO - [2026-06-04T04:50:29.243+0000] {dagbag.py:545} INFO - Filling up the DagBag from /opt/airflow/dags/minio_to_snowflake.py
[2026-06-04T04:50:30.570+0000] {processor.py:840} INFO - DAG(s) 'minio_to_snowflake' retrieved from /opt/airflow/dags/minio_to_snowflake.py
[2026-06-04T04:50:30.617+0000] {logging_mixin.py:188} INFO - [2026-06-04T04:50:30.616+0000] {dag.py:3089} INFO - Sync 1 DAGs
[2026-06-04T04:50:30.651+0000] {logging_mixin.py:188} INFO - [2026-06-04T04:50:30.650+0000] {dag.py:3947} INFO - Setting next_dagrun for minio_to_snowflake to 2026-06-04 04:49:00+00:00, run_after=2026-06-04 04:50:00+00:00
[2026-06-04T04:50:30.676+0000] {processor.py:183} INFO - Processing /opt/airflow/dags/minio_to_snowflake.py took 1.444 seconds
[2026-06-04T04:51:00.920+0000] {processor.py:161} INFO - Started process (PID=78620) to work on /opt/airflow/dags/minio_to_snowflake.py
[2026-06-04T04:51:00.922+0000] {processor.py:830} INFO - Processing file /opt/airflow/dags/minio_to_snowflake.py for tasks to queue
[2026-06-04T04:51:00.926+0000] {logging_mixin.py:188} INFO - [2026-06-04T04:51:00.924+0000] {dagbag.py:545} INFO - Filling up the DagBag from /opt/airflow/dags/minio_to_snowflake.py
[2026-06-04T04:51:01.915+0000] {processor.py:840} INFO - DAG(s) 'minio_to_snowflake' retrieved from /opt/airflow/dags/minio_to_snowflake.py
[2026-06-04T04:51:01.950+0000] {logging_mixin.py:188} INFO - [2026-06-04T04:51:01.949+0000] {dag.py:3089} INFO - Sync 1 DAGs
[2026-06-04T04:51:01.977+0000] {logging_mixin.py:188} INFO - [2026-06-04T04:51:01.976+0000] {dag.py:3947} INFO - Setting next_dagrun for minio_to_snowflake to 2026-06-04 04:50:00+00:00, run_after=2026-06-04 04:51:00+00:00
[2026-06-04T04:51:01.997+0000] {processor.py:183} INFO - Processing /opt/airflow/dags/minio_to_snowflake.py took 1.088 seconds
[2026-06-04T04:51:32.120+0000] {processor.py:161} INFO - Started process (PID=78700) to work on /opt/airflow/dags/minio_to_snowflake.py
[2026-06-04T04:51:32.121+0000] {processor.py:830} INFO - Processing file /opt/airflow/dags/minio_to_snowflake.py for tasks to queue
[2026-06-04T04:51:32.125+0000] {logging_mixin.py:188} INFO - [2026-06-04T04:51:32.124+0000] {dagbag.py:545} INFO - Filling up the DagBag from /opt/airflow/dags/minio_to_snowflake.py
[2026-06-04T04:51:33.164+0000] {processor.py:840} INFO - DAG(s) 'minio_to_snowflake' retrieved from /opt/airflow/dags/minio_to_snowflake.py
[2026-06-04T04:51:33.195+0000] {logging_mixin.py:188} INFO - [2026-06-04T04:51:33.195+0000] {dag.py:3089} INFO - Sync 1 DAGs
[2026-06-04T04:51:33.223+0000] {logging_mixin.py:188} INFO - [2026-06-04T04:51:33.223+0000] {dag.py:3947} INFO - Setting next_dagrun for minio_to_snowflake to 2026-06-04 04:50:00+00:00, run_after=2026-06-04 04:51:00+00:00
[2026-06-04T04:51:33.246+0000] {processor.py:183} INFO - Processing /opt/airflow/dags/minio_to_snowflake.py took 1.135 seconds
[2026-06-04T04:52:03.447+0000] {processor.py:161} INFO - Started process (PID=79856) to work on /opt/airflow/dags/minio_to_snowflake.py
[2026-06-04T04:52:03.449+0000] {processor.py:830} INFO - Processing file /opt/airflow/dags/minio_to_snowflake.py for tasks to queue
[2026-06-04T04:52:03.452+0000] {logging_mixin.py:188} INFO - [2026-06-04T04:52:03.451+0000] {dagbag.py:545} INFO - Filling up the DagBag from /opt/airflow/dags/minio_to_snowflake.py
[2026-06-04T04:52:04.524+0000] {processor.py:840} INFO - DAG(s) 'minio_to_snowflake' retrieved from /opt/airflow/dags/minio_to_snowflake.py
[2026-06-04T04:52:04.568+0000] {logging_mixin.py:188} INFO - [2026-06-04T04:52:04.567+0000] {dag.py:3089} INFO - Sync 1 DAGs
[2026-06-04T04:52:04.603+0000] {logging_mixin.py:188} INFO - [2026-06-04T04:52:04.603+0000] {dag.py:3947} INFO - Setting next_dagrun for minio_to_snowflake to 2026-06-04 04:51:00+00:00, run_after=2026-06-04 04:52:00+00:00
[2026-06-04T04:52:04.631+0000] {processor.py:183} INFO - Processing /opt/airflow/dags/minio_to_snowflake.py took 1.192 seconds
[2026-06-04T04:52:34.805+0000] {processor.py:161} INFO - Started process (PID=79942) to work on /opt/airflow/dags/minio_to_snowflake.py
[2026-06-04T04:52:34.807+0000] {processor.py:830} INFO - Processing file /opt/airflow/dags/minio_to_snowflake.py for tasks to queue
[2026-06-04T04:52:34.809+0000] {logging_mixin.py:188} INFO - [2026-06-04T04:52:34.809+0000] {dagbag.py:545} INFO - Filling up the DagBag from /opt/airflow/dags/minio_to_snowflake.py
[2026-06-04T04:52:35.970+0000] {processor.py:840} INFO - DAG(s) 'minio_to_snowflake' retrieved from /opt/airflow/dags/minio_to_snowflake.py
[2026-06-04T04:52:36.002+0000] {logging_mixin.py:188} INFO - [2026-06-04T04:52:36.002+0000] {dag.py:3089} INFO - Sync 1 DAGs
[2026-06-04T04:52:36.037+0000] {logging_mixin.py:188} INFO - [2026-06-04T04:52:36.036+0000] {dag.py:3947} INFO - Setting next_dagrun for minio_to_snowflake to 2026-06-04 04:51:00+00:00, run_after=2026-06-04 04:52:00+00:00
[2026-06-04T04:52:36.062+0000] {processor.py:183} INFO - Processing /opt/airflow/dags/minio_to_snowflake.py took 1.267 seconds
[2026-06-04T04:53:06.449+0000] {processor.py:161} INFO - Started process (PID=80027) to work on /opt/airflow/dags/minio_to_snowflake.py
[2026-06-04T04:53:06.451+0000] {processor.py:830} INFO - Processing file /opt/airflow/dags/minio_to_snowflake.py for tasks to queue
[2026-06-04T04:53:06.455+0000] {logging_mixin.py:188} INFO - [2026-06-04T04:53:06.454+0000] {dagbag.py:545} INFO - Filling up the DagBag from /opt/airflow/dags/minio_to_snowflake.py
[2026-06-04T04:53:08.921+0000] {processor.py:840} INFO - DAG(s) 'minio_to_snowflake' retrieved from /opt/airflow/dags/minio_to_snowflake.py
[2026-06-04T04:53:08.960+0000] {logging_mixin.py:188} INFO - [2026-06-04T04:53:08.957+0000] {dag.py:3089} INFO - Sync 1 DAGs
[2026-06-04T04:53:08.995+0000] {logging_mixin.py:188} INFO - [2026-06-04T04:53:08.995+0000] {dag.py:3947} INFO - Setting next_dagrun for minio_to_snowflake to 2026-06-04 04:52:00+00:00, run_after=2026-06-04 04:53:00+00:00
[2026-06-04T04:53:09.054+0000] {processor.py:183} INFO - Processing /opt/airflow/dags/minio_to_snowflake.py took 2.624 seconds
[2026-06-04T04:53:39.110+0000] {processor.py:161} INFO - Started process (PID=80113) to work on /opt/airflow/dags/minio_to_snowflake.py
[2026-06-04T04:53:39.111+0000] {processor.py:830} INFO - Processing file /opt/airflow/dags/minio_to_snowflake.py for tasks to queue
[2026-06-04T04:53:39.119+0000] {logging_mixin.py:188} INFO - [2026-06-04T04:53:39.118+0000] {dagbag.py:545} INFO - Filling up the DagBag from /opt/airflow/dags/minio_to_snowflake.py
[2026-06-04T04:53:40.142+0000] {processor.py:840} INFO - DAG(s) 'minio_to_snowflake' retrieved from /opt/airflow/dags/minio_to_snowflake.py
[2026-06-04T04:53:40.174+0000] {logging_mixin.py:188} INFO - [2026-06-04T04:53:40.173+0000] {dag.py:3089} INFO - Sync 1 DAGs
[2026-06-04T04:53:40.200+0000] {logging_mixin.py:188} INFO - [2026-06-04T04:53:40.199+0000] {dag.py:3947} INFO - Setting next_dagrun for minio_to_snowflake to 2026-06-04 04:52:00+00:00, run_after=2026-06-04 04:53:00+00:00
[2026-06-04T04:53:40.220+0000] {processor.py:183} INFO - Processing /opt/airflow/dags/minio_to_snowflake.py took 1.118 seconds
[2026-06-04T04:54:10.409+0000] {processor.py:161} INFO - Started process (PID=80192) to work on /opt/airflow/dags/minio_to_snowflake.py
[2026-06-04T04:54:10.411+0000] {processor.py:830} INFO - Processing file /opt/airflow/dags/minio_to_snowflake.py for tasks to queue
[2026-06-04T04:54:10.416+0000] {logging_mixin.py:188} INFO - [2026-06-04T04:54:10.414+0000] {dagbag.py:545} INFO - Filling up the DagBag from /opt/airflow/dags/minio_to_snowflake.py
[2026-06-04T04:54:11.674+0000] {processor.py:840} INFO - DAG(s) 'minio_to_snowflake' retrieved from /opt/airflow/dags/minio_to_snowflake.py
[2026-06-04T04:54:11.714+0000] {logging_mixin.py:188} INFO - [2026-06-04T04:54:11.714+0000] {dag.py:3089} INFO - Sync 1 DAGs
[2026-06-04T04:54:11.747+0000] {logging_mixin.py:188} INFO - [2026-06-04T04:54:11.746+0000] {dag.py:3947} INFO - Setting next_dagrun for minio_to_snowflake to 2026-06-04 04:53:00+00:00, run_after=2026-06-04 04:54:00+00:00
[2026-06-04T04:54:11.773+0000] {processor.py:183} INFO - Processing /opt/airflow/dags/minio_to_snowflake.py took 1.373 seconds
[2026-06-04T04:54:42.096+0000] {processor.py:161} INFO - Started process (PID=80272) to work on /opt/airflow/dags/minio_to_snowflake.py
[2026-06-04T04:54:42.098+0000] {processor.py:830} INFO - Processing file /opt/airflow/dags/minio_to_snowflake.py for tasks to queue
[2026-06-04T04:54:42.100+0000] {logging_mixin.py:188} INFO - [2026-06-04T04:54:42.100+0000] {dagbag.py:545} INFO - Filling up the DagBag from /opt/airflow/dags/minio_to_snowflake.py
[2026-06-04T04:54:43.278+0000] {processor.py:840} INFO - DAG(s) 'minio_to_snowflake' retrieved from /opt/airflow/dags/minio_to_snowflake.py
[2026-06-04T04:54:43.315+0000] {logging_mixin.py:188} INFO - [2026-06-04T04:54:43.314+0000] {dag.py:3089} INFO - Sync 1 DAGs
[2026-06-04T04:54:43.350+0000] {logging_mixin.py:188} INFO - [2026-06-04T04:54:43.350+0000] {dag.py:3947} INFO - Setting next_dagrun for minio_to_snowflake to 2026-06-04 04:53:00+00:00, run_after=2026-06-04 04:54:00+00:00
[2026-06-04T04:54:43.377+0000] {processor.py:183} INFO - Processing /opt/airflow/dags/minio_to_snowflake.py took 1.289 seconds
[2026-06-04T04:55:15.918+0000] {processor.py:161} INFO - Started process (PID=80356) to work on /opt/airflow/dags/minio_to_snowflake.py
[2026-06-04T04:55:16.054+0000] {processor.py:830} INFO - Processing file /opt/airflow/dags/minio_to_snowflake.py for tasks to queue
[2026-06-04T04:55:16.129+0000] {logging_mixin.py:188} INFO - [2026-06-04T04:55:16.128+0000] {dagbag.py:545} INFO - Filling up the DagBag from /opt/airflow/dags/minio_to_snowflake.py
[2026-06-04T04:55:19.637+0000] {processor.py:840} INFO - DAG(s) 'minio_to_snowflake' retrieved from /opt/airflow/dags/minio_to_snowflake.py
[2026-06-04T04:55:19.687+0000] {logging_mixin.py:188} INFO - [2026-06-04T04:55:19.686+0000] {dag.py:3089} INFO - Sync 1 DAGs
[2026-06-04T04:55:19.723+0000] {logging_mixin.py:188} INFO - [2026-06-04T04:55:19.723+0000] {dag.py:3947} INFO - Setting next_dagrun for minio_to_snowflake to 2026-06-04 04:54:00+00:00, run_after=2026-06-04 04:55:00+00:00
[2026-06-04T04:55:19.759+0000] {processor.py:183} INFO - Processing /opt/airflow/dags/minio_to_snowflake.py took 3.919 seconds
[2026-06-04T04:55:50.077+0000] {processor.py:161} INFO - Started process (PID=80430) to work on /opt/airflow/dags/minio_to_snowflake.py
[2026-06-04T04:55:50.079+0000] {processor.py:830} INFO - Processing file /opt/airflow/dags/minio_to_snowflake.py for tasks to queue
[2026-06-04T04:55:50.086+0000] {logging_mixin.py:188} INFO - [2026-06-04T04:55:50.086+0000] {dagbag.py:545} INFO - Filling up the DagBag from /opt/airflow/dags/minio_to_snowflake.py
[2026-06-04T04:55:51.456+0000] {processor.py:840} INFO - DAG(s) 'minio_to_snowflake' retrieved from /opt/airflow/dags/minio_to_snowflake.py
[2026-06-04T04:55:51.502+0000] {logging_mixin.py:188} INFO - [2026-06-04T04:55:51.498+0000] {dag.py:3089} INFO - Sync 1 DAGs
[2026-06-04T04:55:51.542+0000] {logging_mixin.py:188} INFO - [2026-06-04T04:55:51.542+0000] {dag.py:3947} INFO - Setting next_dagrun for minio_to_snowflake to 2026-06-04 04:55:00+00:00, run_after=2026-06-04 04:56:00+00:00
[2026-06-04T04:55:51.575+0000] {processor.py:183} INFO - Processing /opt/airflow/dags/minio_to_snowflake.py took 1.512 seconds
[2026-06-04T04:56:21.992+0000] {processor.py:161} INFO - Started process (PID=81580) to work on /opt/airflow/dags/minio_to_snowflake.py
[2026-06-04T04:56:21.993+0000] {processor.py:830} INFO - Processing file /opt/airflow/dags/minio_to_snowflake.py for tasks to queue
[2026-06-04T04:56:21.996+0000] {logging_mixin.py:188} INFO - [2026-06-04T04:56:21.996+0000] {dagbag.py:545} INFO - Filling up the DagBag from /opt/airflow/dags/minio_to_snowflake.py
[2026-06-04T04:56:23.196+0000] {processor.py:840} INFO - DAG(s) 'minio_to_snowflake' retrieved from /opt/airflow/dags/minio_to_snowflake.py
[2026-06-04T04:56:23.250+0000] {logging_mixin.py:188} INFO - [2026-06-04T04:56:23.247+0000] {dag.py:3089} INFO - Sync 1 DAGs
[2026-06-04T04:56:23.301+0000] {logging_mixin.py:188} INFO - [2026-06-04T04:56:23.300+0000] {dag.py:3947} INFO - Setting next_dagrun for minio_to_snowflake to 2026-06-04 04:55:00+00:00, run_after=2026-06-04 04:56:00+00:00
[2026-06-04T04:56:23.345+0000] {processor.py:183} INFO - Processing /opt/airflow/dags/minio_to_snowflake.py took 1.361 seconds
[2026-06-04T04:56:53.697+0000] {processor.py:161} INFO - Started process (PID=81669) to work on /opt/airflow/dags/minio_to_snowflake.py
[2026-06-04T04:56:53.699+0000] {processor.py:830} INFO - Processing file /opt/airflow/dags/minio_to_snowflake.py for tasks to queue
[2026-06-04T04:56:53.707+0000] {logging_mixin.py:188} INFO - [2026-06-04T04:56:53.706+0000] {dagbag.py:545} INFO - Filling up the DagBag from /opt/airflow/dags/minio_to_snowflake.py
[2026-06-04T04:56:54.789+0000] {processor.py:840} INFO - DAG(s) 'minio_to_snowflake' retrieved from /opt/airflow/dags/minio_to_snowflake.py
[2026-06-04T04:56:54.826+0000] {logging_mixin.py:188} INFO - [2026-06-04T04:56:54.826+0000] {dag.py:3089} INFO - Sync 1 DAGs
[2026-06-04T04:56:54.861+0000] {logging_mixin.py:188} INFO - [2026-06-04T04:56:54.861+0000] {dag.py:3947} INFO - Setting next_dagrun for minio_to_snowflake to 2026-06-04 04:55:00+00:00, run_after=2026-06-04 04:56:00+00:00
[2026-06-04T04:56:54.887+0000] {processor.py:183} INFO - Processing /opt/airflow/dags/minio_to_snowflake.py took 1.200 seconds
[2026-06-04T04:57:25.266+0000] {processor.py:161} INFO - Started process (PID=81757) to work on /opt/airflow/dags/minio_to_snowflake.py
[2026-06-04T04:57:25.267+0000] {processor.py:830} INFO - Processing file /opt/airflow/dags/minio_to_snowflake.py for tasks to queue
[2026-06-04T04:57:25.277+0000] {logging_mixin.py:188} INFO - [2026-06-04T04:57:25.276+0000] {dagbag.py:545} INFO - Filling up the DagBag from /opt/airflow/dags/minio_to_snowflake.py
[2026-06-04T04:57:26.861+0000] {processor.py:840} INFO - DAG(s) 'minio_to_snowflake' retrieved from /opt/airflow/dags/minio_to_snowflake.py
[2026-06-04T04:57:26.909+0000] {logging_mixin.py:188} INFO - [2026-06-04T04:57:26.908+0000] {dag.py:3089} INFO - Sync 1 DAGs
[2026-06-04T04:57:26.947+0000] {logging_mixin.py:188} INFO - [2026-06-04T04:57:26.947+0000] {dag.py:3947} INFO - Setting next_dagrun for minio_to_snowflake to 2026-06-04 04:56:00+00:00, run_after=2026-06-04 04:57:00+00:00
[2026-06-04T04:57:27.032+0000] {processor.py:183} INFO - Processing /opt/airflow/dags/minio_to_snowflake.py took 1.782 seconds
[2026-06-04T04:57:57.561+0000] {processor.py:161} INFO - Started process (PID=81842) to work on /opt/airflow/dags/minio_to_snowflake.py
[2026-06-04T04:57:57.563+0000] {processor.py:830} INFO - Processing file /opt/airflow/dags/minio_to_snowflake.py for tasks to queue
[2026-06-04T04:57:57.565+0000] {logging_mixin.py:188} INFO - [2026-06-04T04:57:57.565+0000] {dagbag.py:545} INFO - Filling up the DagBag from /opt/airflow/dags/minio_to_snowflake.py
[2026-06-04T04:57:59.029+0000] {processor.py:840} INFO - DAG(s) 'minio_to_snowflake' retrieved from /opt/airflow/dags/minio_to_snowflake.py
[2026-06-04T04:57:59.111+0000] {logging_mixin.py:188} INFO - [2026-06-04T04:57:59.110+0000] {dag.py:3089} INFO - Sync 1 DAGs
[2026-06-04T04:57:59.154+0000] {logging_mixin.py:188} INFO - [2026-06-04T04:57:59.154+0000] {dag.py:3947} INFO - Setting next_dagrun for minio_to_snowflake to 2026-06-04 04:56:00+00:00, run_after=2026-06-04 04:57:00+00:00
[2026-06-04T04:57:59.186+0000] {processor.py:183} INFO - Processing /opt/airflow/dags/minio_to_snowflake.py took 1.634 seconds
[2026-06-04T04:58:29.337+0000] {processor.py:161} INFO - Started process (PID=81929) to work on /opt/airflow/dags/minio_to_snowflake.py
[2026-06-04T04:58:29.339+0000] {processor.py:830} INFO - Processing file /opt/airflow/dags/minio_to_snowflake.py for tasks to queue
[2026-06-04T04:58:29.341+0000] {logging_mixin.py:188} INFO - [2026-06-04T04:58:29.341+0000] {dagbag.py:545} INFO - Filling up the DagBag from /opt/airflow/dags/minio_to_snowflake.py
[2026-06-04T04:58:30.491+0000] {processor.py:840} INFO - DAG(s) 'minio_to_snowflake' retrieved from /opt/airflow/dags/minio_to_snowflake.py
[2026-06-04T04:58:30.524+0000] {logging_mixin.py:188} INFO - [2026-06-04T04:58:30.523+0000] {dag.py:3089} INFO - Sync 1 DAGs
[2026-06-04T04:58:30.568+0000] {logging_mixin.py:188} INFO - [2026-06-04T04:58:30.567+0000] {dag.py:3947} INFO - Setting next_dagrun for minio_to_snowflake to 2026-06-04 04:57:00+00:00, run_after=2026-06-04 04:58:00+00:00
[2026-06-04T04:58:30.592+0000] {processor.py:183} INFO - Processing /opt/airflow/dags/minio_to_snowflake.py took 1.266 seconds
[2026-06-04T04:59:00.831+0000] {processor.py:161} INFO - Started process (PID=82018) to work on /opt/airflow/dags/minio_to_snowflake.py
[2026-06-04T04:59:00.832+0000] {processor.py:830} INFO - Processing file /opt/airflow/dags/minio_to_snowflake.py for tasks to queue
[2026-06-04T04:59:00.837+0000] {logging_mixin.py:188} INFO - [2026-06-04T04:59:00.835+0000] {dagbag.py:545} INFO - Filling up the DagBag from /opt/airflow/dags/minio_to_snowflake.py
[2026-06-04T04:59:01.934+0000] {processor.py:840} INFO - DAG(s) 'minio_to_snowflake' retrieved from /opt/airflow/dags/minio_to_snowflake.py
[2026-06-04T04:59:01.971+0000] {logging_mixin.py:188} INFO - [2026-06-04T04:59:01.971+0000] {dag.py:3089} INFO - Sync 1 DAGs
[2026-06-04T04:59:02.004+0000] {logging_mixin.py:188} INFO - [2026-06-04T04:59:02.003+0000] {dag.py:3947} INFO - Setting next_dagrun for minio_to_snowflake to 2026-06-04 04:58:00+00:00, run_after=2026-06-04 04:59:00+00:00
[2026-06-04T04:59:02.031+0000] {processor.py:183} INFO - Processing /opt/airflow/dags/minio_to_snowflake.py took 1.210 seconds
[2026-06-04T04:59:32.581+0000] {processor.py:161} INFO - Started process (PID=82103) to work on /opt/airflow/dags/minio_to_snowflake.py
[2026-06-04T04:59:32.583+0000] {processor.py:830} INFO - Processing file /opt/airflow/dags/minio_to_snowflake.py for tasks to queue
[2026-06-04T04:59:32.586+0000] {logging_mixin.py:188} INFO - [2026-06-04T04:59:32.586+0000] {dagbag.py:545} INFO - Filling up the DagBag from /opt/airflow/dags/minio_to_snowflake.py
[2026-06-04T04:59:33.636+0000] {processor.py:840} INFO - DAG(s) 'minio_to_snowflake' retrieved from /opt/airflow/dags/minio_to_snowflake.py
[2026-06-04T04:59:33.670+0000] {logging_mixin.py:188} INFO - [2026-06-04T04:59:33.669+0000] {dag.py:3089} INFO - Sync 1 DAGs
[2026-06-04T04:59:33.697+0000] {logging_mixin.py:188} INFO - [2026-06-04T04:59:33.696+0000] {dag.py:3947} INFO - Setting next_dagrun for minio_to_snowflake to 2026-06-04 04:58:00+00:00, run_after=2026-06-04 04:59:00+00:00
[2026-06-04T04:59:33.719+0000] {processor.py:183} INFO - Processing /opt/airflow/dags/minio_to_snowflake.py took 1.147 seconds
[2026-06-04T05:00:03.795+0000] {processor.py:161} INFO - Started process (PID=83260) to work on /opt/airflow/dags/minio_to_snowflake.py
[2026-06-04T05:00:03.797+0000] {processor.py:830} INFO - Processing file /opt/airflow/dags/minio_to_snowflake.py for tasks to queue
[2026-06-04T05:00:03.799+0000] {logging_mixin.py:188} INFO - [2026-06-04T05:00:03.799+0000] {dagbag.py:545} INFO - Filling up the DagBag from /opt/airflow/dags/minio_to_snowflake.py
[2026-06-04T05:00:04.901+0000] {processor.py:840} INFO - DAG(s) 'minio_to_snowflake' retrieved from /opt/airflow/dags/minio_to_snowflake.py
[2026-06-04T05:00:04.933+0000] {logging_mixin.py:188} INFO - [2026-06-04T05:00:04.932+0000] {dag.py:3089} INFO - Sync 1 DAGs
[2026-06-04T05:00:04.962+0000] {logging_mixin.py:188} INFO - [2026-06-04T05:00:04.961+0000] {dag.py:3947} INFO - Setting next_dagrun for minio_to_snowflake to 2026-06-04 04:59:00+00:00, run_after=2026-06-04 05:00:00+00:00
[2026-06-04T05:00:04.984+0000] {processor.py:183} INFO - Processing /opt/airflow/dags/minio_to_snowflake.py took 1.197 seconds
[2026-06-04T05:00:35.475+0000] {processor.py:161} INFO - Started process (PID=83331) to work on /opt/airflow/dags/minio_to_snowflake.py
[2026-06-04T05:00:35.477+0000] {processor.py:830} INFO - Processing file /opt/airflow/dags/minio_to_snowflake.py for tasks to queue
[2026-06-04T05:00:35.480+0000] {logging_mixin.py:188} INFO - [2026-06-04T05:00:35.479+0000] {dagbag.py:545} INFO - Filling up the DagBag from /opt/airflow/dags/minio_to_snowflake.py
[2026-06-04T05:00:36.760+0000] {processor.py:840} INFO - DAG(s) 'minio_to_snowflake' retrieved from /opt/airflow/dags/minio_to_snowflake.py
[2026-06-04T05:00:36.796+0000] {logging_mixin.py:188} INFO - [2026-06-04T05:00:36.795+0000] {dag.py:3089} INFO - Sync 1 DAGs
[2026-06-04T05:00:36.844+0000] {logging_mixin.py:188} INFO - [2026-06-04T05:00:36.844+0000] {dag.py:3947} INFO - Setting next_dagrun for minio_to_snowflake to 2026-06-04 04:59:00+00:00, run_after=2026-06-04 05:00:00+00:00
[2026-06-04T05:00:36.876+0000] {processor.py:183} INFO - Processing /opt/airflow/dags/minio_to_snowflake.py took 1.415 seconds
[2026-06-04T05:01:07.275+0000] {processor.py:161} INFO - Started process (PID=83404) to work on /opt/airflow/dags/minio_to_snowflake.py
[2026-06-04T05:01:07.283+0000] {processor.py:830} INFO - Processing file /opt/airflow/dags/minio_to_snowflake.py for tasks to queue
[2026-06-04T05:01:07.318+0000] {logging_mixin.py:188} INFO - [2026-06-04T05:01:07.317+0000] {dagbag.py:545} INFO - Filling up the DagBag from /opt/airflow/dags/minio_to_snowflake.py
[2026-06-04T05:01:08.559+0000] {processor.py:840} INFO - DAG(s) 'minio_to_snowflake' retrieved from /opt/airflow/dags/minio_to_snowflake.py
[2026-06-04T05:01:08.597+0000] {logging_mixin.py:188} INFO - [2026-06-04T05:01:08.595+0000] {dag.py:3089} INFO - Sync 1 DAGs
[2026-06-04T05:01:08.645+0000] {logging_mixin.py:188} INFO - [2026-06-04T05:01:08.644+0000] {dag.py:3947} INFO - Setting next_dagrun for minio_to_snowflake to 2026-06-04 05:00:00+00:00, run_after=2026-06-04 05:01:00+00:00
[2026-06-04T05:01:08.671+0000] {processor.py:183} INFO - Processing /opt/airflow/dags/minio_to_snowflake.py took 1.464 seconds
[2026-06-04T05:01:38.936+0000] {processor.py:161} INFO - Started process (PID=83479) to work on /opt/airflow/dags/minio_to_snowflake.py
[2026-06-04T05:01:38.940+0000] {processor.py:830} INFO - Processing file /opt/airflow/dags/minio_to_snowflake.py for tasks to queue
[2026-06-04T05:01:38.943+0000] {logging_mixin.py:188} INFO - [2026-06-04T05:01:38.943+0000] {dagbag.py:545} INFO - Filling up the DagBag from /opt/airflow/dags/minio_to_snowflake.py
[2026-06-04T05:01:40.126+0000] {processor.py:840} INFO - DAG(s) 'minio_to_snowflake' retrieved from /opt/airflow/dags/minio_to_snowflake.py
[2026-06-04T05:01:40.162+0000] {logging_mixin.py:188} INFO - [2026-06-04T05:01:40.159+0000] {dag.py:3089} INFO - Sync 1 DAGs
[2026-06-04T05:01:40.192+0000] {logging_mixin.py:188} INFO - [2026-06-04T05:01:40.191+0000] {dag.py:3947} INFO - Setting next_dagrun for minio_to_snowflake to 2026-06-04 05:00:00+00:00, run_after=2026-06-04 05:01:00+00:00
[2026-06-04T05:01:40.215+0000] {processor.py:183} INFO - Processing /opt/airflow/dags/minio_to_snowflake.py took 1.288 seconds
[2026-06-04T05:02:10.607+0000] {processor.py:161} INFO - Started process (PID=83558) to work on /opt/airflow/dags/minio_to_snowflake.py
[2026-06-04T05:02:10.609+0000] {processor.py:830} INFO - Processing file /opt/airflow/dags/minio_to_snowflake.py for tasks to queue
[2026-06-04T05:02:10.612+0000] {logging_mixin.py:188} INFO - [2026-06-04T05:02:10.611+0000] {dagbag.py:545} INFO - Filling up the DagBag from /opt/airflow/dags/minio_to_snowflake.py
[2026-06-04T05:02:11.975+0000] {processor.py:840} INFO - DAG(s) 'minio_to_snowflake' retrieved from /opt/airflow/dags/minio_to_snowflake.py
[2026-06-04T05:02:12.011+0000] {logging_mixin.py:188} INFO - [2026-06-04T05:02:12.011+0000] {dag.py:3089} INFO - Sync 1 DAGs
[2026-06-04T05:02:12.039+0000] {logging_mixin.py:188} INFO - [2026-06-04T05:02:12.039+0000] {dag.py:3947} INFO - Setting next_dagrun for minio_to_snowflake to 2026-06-04 05:01:00+00:00, run_after=2026-06-04 05:02:00+00:00
[2026-06-04T05:02:12.069+0000] {processor.py:183} INFO - Processing /opt/airflow/dags/minio_to_snowflake.py took 1.470 seconds
[2026-06-04T05:02:42.348+0000] {processor.py:161} INFO - Started process (PID=83640) to work on /opt/airflow/dags/minio_to_snowflake.py
[2026-06-04T05:02:42.349+0000] {processor.py:830} INFO - Processing file /opt/airflow/dags/minio_to_snowflake.py for tasks to queue
[2026-06-04T05:02:42.352+0000] {logging_mixin.py:188} INFO - [2026-06-04T05:02:42.351+0000] {dagbag.py:545} INFO - Filling up the DagBag from /opt/airflow/dags/minio_to_snowflake.py
[2026-06-04T05:02:43.380+0000] {processor.py:840} INFO - DAG(s) 'minio_to_snowflake' retrieved from /opt/airflow/dags/minio_to_snowflake.py
[2026-06-04T05:02:43.411+0000] {logging_mixin.py:188} INFO - [2026-06-04T05:02:43.410+0000] {dag.py:3089} INFO - Sync 1 DAGs
[2026-06-04T05:02:43.435+0000] {logging_mixin.py:188} INFO - [2026-06-04T05:02:43.435+0000] {dag.py:3947} INFO - Setting next_dagrun for minio_to_snowflake to 2026-06-04 05:01:00+00:00, run_after=2026-06-04 05:02:00+00:00
[2026-06-04T05:02:43.455+0000] {processor.py:183} INFO - Processing /opt/airflow/dags/minio_to_snowflake.py took 1.118 seconds
[2026-06-04T05:03:13.610+0000] {processor.py:161} INFO - Started process (PID=83715) to work on /opt/airflow/dags/minio_to_snowflake.py
[2026-06-04T05:03:13.612+0000] {processor.py:830} INFO - Processing file /opt/airflow/dags/minio_to_snowflake.py for tasks to queue
[2026-06-04T05:03:13.615+0000] {logging_mixin.py:188} INFO - [2026-06-04T05:03:13.614+0000] {dagbag.py:545} INFO - Filling up the DagBag from /opt/airflow/dags/minio_to_snowflake.py
[2026-06-04T05:03:14.667+0000] {processor.py:840} INFO - DAG(s) 'minio_to_snowflake' retrieved from /opt/airflow/dags/minio_to_snowflake.py
[2026-06-04T05:03:14.698+0000] {logging_mixin.py:188} INFO - [2026-06-04T05:03:14.697+0000] {dag.py:3089} INFO - Sync 1 DAGs
[2026-06-04T05:03:14.722+0000] {logging_mixin.py:188} INFO - [2026-06-04T05:03:14.722+0000] {dag.py:3947} INFO - Setting next_dagrun for minio_to_snowflake to 2026-06-04 05:02:00+00:00, run_after=2026-06-04 05:03:00+00:00
[2026-06-04T05:03:14.745+0000] {processor.py:183} INFO - Processing /opt/airflow/dags/minio_to_snowflake.py took 1.147 seconds
[2026-06-04T05:03:45.024+0000] {processor.py:161} INFO - Started process (PID=83798) to work on /opt/airflow/dags/minio_to_snowflake.py
[2026-06-04T05:03:45.031+0000] {processor.py:830} INFO - Processing file /opt/airflow/dags/minio_to_snowflake.py for tasks to queue
[2026-06-04T05:03:45.034+0000] {logging_mixin.py:188} INFO - [2026-06-04T05:03:45.034+0000] {dagbag.py:545} INFO - Filling up the DagBag from /opt/airflow/dags/minio_to_snowflake.py
[2026-06-04T05:03:47.057+0000] {processor.py:840} INFO - DAG(s) 'minio_to_snowflake' retrieved from /opt/airflow/dags/minio_to_snowflake.py
[2026-06-04T05:03:47.143+0000] {logging_mixin.py:188} INFO - [2026-06-04T05:03:47.142+0000] {dag.py:3089} INFO - Sync 1 DAGs
[2026-06-04T05:03:47.206+0000] {logging_mixin.py:188} INFO - [2026-06-04T05:03:47.206+0000] {dag.py:3947} INFO - Setting next_dagrun for minio_to_snowflake to 2026-06-04 05:02:00+00:00, run_after=2026-06-04 05:03:00+00:00
[2026-06-04T05:03:47.249+0000] {processor.py:183} INFO - Processing /opt/airflow/dags/minio_to_snowflake.py took 2.237 seconds
[2026-06-04T05:04:18.465+0000] {processor.py:161} INFO - Started process (PID=84026) to work on /opt/airflow/dags/minio_to_snowflake.py
[2026-06-04T05:04:18.513+0000] {processor.py:830} INFO - Processing file /opt/airflow/dags/minio_to_snowflake.py for tasks to queue
[2026-06-04T05:04:18.585+0000] {logging_mixin.py:188} INFO - [2026-06-04T05:04:18.576+0000] {dagbag.py:545} INFO - Filling up the DagBag from /opt/airflow/dags/minio_to_snowflake.py
[2026-06-04T05:04:23.075+0000] {processor.py:840} INFO - DAG(s) 'minio_to_snowflake' retrieved from /opt/airflow/dags/minio_to_snowflake.py
[2026-06-04T05:04:23.160+0000] {logging_mixin.py:188} INFO - [2026-06-04T05:04:23.159+0000] {dag.py:3089} INFO - Sync 1 DAGs
[2026-06-04T05:04:23.239+0000] {logging_mixin.py:188} INFO - [2026-06-04T05:04:23.228+0000] {dag.py:3947} INFO - Setting next_dagrun for minio_to_snowflake to 2026-06-04 05:03:00+00:00, run_after=2026-06-04 05:04:00+00:00
[2026-06-04T05:04:23.356+0000] {processor.py:183} INFO - Processing /opt/airflow/dags/minio_to_snowflake.py took 4.917 seconds
[2026-06-04T05:04:53.620+0000] {processor.py:161} INFO - Started process (PID=86711) to work on /opt/airflow/dags/minio_to_snowflake.py
[2026-06-04T05:04:53.622+0000] {processor.py:830} INFO - Processing file /opt/airflow/dags/minio_to_snowflake.py for tasks to queue
[2026-06-04T05:04:53.625+0000] {logging_mixin.py:188} INFO - [2026-06-04T05:04:53.625+0000] {dagbag.py:545} INFO - Filling up the DagBag from /opt/airflow/dags/minio_to_snowflake.py
[2026-06-04T05:04:55.239+0000] {processor.py:840} INFO - DAG(s) 'minio_to_snowflake' retrieved from /opt/airflow/dags/minio_to_snowflake.py
[2026-06-04T05:04:55.275+0000] {logging_mixin.py:188} INFO - [2026-06-04T05:04:55.275+0000] {dag.py:3089} INFO - Sync 1 DAGs
[2026-06-04T05:04:55.320+0000] {logging_mixin.py:188} INFO - [2026-06-04T05:04:55.319+0000] {dag.py:3947} INFO - Setting next_dagrun for minio_to_snowflake to 2026-06-04 05:03:00+00:00, run_after=2026-06-04 05:04:00+00:00
[2026-06-04T05:04:55.349+0000] {processor.py:183} INFO - Processing /opt/airflow/dags/minio_to_snowflake.py took 1.741 seconds
[2026-06-04T05:05:25.593+0000] {processor.py:161} INFO - Started process (PID=87269) to work on /opt/airflow/dags/minio_to_snowflake.py
[2026-06-04T05:05:25.595+0000] {processor.py:830} INFO - Processing file /opt/airflow/dags/minio_to_snowflake.py for tasks to queue
[2026-06-04T05:05:25.599+0000] {logging_mixin.py:188} INFO - [2026-06-04T05:05:25.598+0000] {dagbag.py:545} INFO - Filling up the DagBag from /opt/airflow/dags/minio_to_snowflake.py
[2026-06-04T05:05:26.790+0000] {processor.py:840} INFO - DAG(s) 'minio_to_snowflake' retrieved from /opt/airflow/dags/minio_to_snowflake.py
[2026-06-04T05:05:26.835+0000] {logging_mixin.py:188} INFO - [2026-06-04T05:05:26.834+0000] {dag.py:3089} INFO - Sync 1 DAGs
[2026-06-04T05:05:26.867+0000] {logging_mixin.py:188} INFO - [2026-06-04T05:05:26.867+0000] {dag.py:3947} INFO - Setting next_dagrun for minio_to_snowflake to 2026-06-04 05:04:00+00:00, run_after=2026-06-04 05:05:00+00:00
[2026-06-04T05:05:26.903+0000] {processor.py:183} INFO - Processing /opt/airflow/dags/minio_to_snowflake.py took 1.320 seconds
[2026-06-04T05:05:57.222+0000] {processor.py:161} INFO - Started process (PID=87353) to work on /opt/airflow/dags/minio_to_snowflake.py
[2026-06-04T05:05:57.225+0000] {processor.py:830} INFO - Processing file /opt/airflow/dags/minio_to_snowflake.py for tasks to queue
[2026-06-04T05:05:57.229+0000] {logging_mixin.py:188} INFO - [2026-06-04T05:05:57.229+0000] {dagbag.py:545} INFO - Filling up the DagBag from /opt/airflow/dags/minio_to_snowflake.py
[2026-06-04T05:05:58.456+0000] {processor.py:840} INFO - DAG(s) 'minio_to_snowflake' retrieved from /opt/airflow/dags/minio_to_snowflake.py
[2026-06-04T05:05:58.488+0000] {logging_mixin.py:188} INFO - [2026-06-04T05:05:58.487+0000] {dag.py:3089} INFO - Sync 1 DAGs
[2026-06-04T05:05:58.515+0000] {logging_mixin.py:188} INFO - [2026-06-04T05:05:58.515+0000] {dag.py:3947} INFO - Setting next_dagrun for minio_to_snowflake to 2026-06-04 05:04:00+00:00, run_after=2026-06-04 05:05:00+00:00
[2026-06-04T05:05:58.540+0000] {processor.py:183} INFO - Processing /opt/airflow/dags/minio_to_snowflake.py took 1.334 seconds
[2026-06-04T05:06:28.814+0000] {processor.py:161} INFO - Started process (PID=87432) to work on /opt/airflow/dags/minio_to_snowflake.py
[2026-06-04T05:06:28.816+0000] {processor.py:830} INFO - Processing file /opt/airflow/dags/minio_to_snowflake.py for tasks to queue
[2026-06-04T05:06:28.820+0000] {logging_mixin.py:188} INFO - [2026-06-04T05:06:28.819+0000] {dagbag.py:545} INFO - Filling up the DagBag from /opt/airflow/dags/minio_to_snowflake.py
[2026-06-04T05:06:29.899+0000] {processor.py:840} INFO - DAG(s) 'minio_to_snowflake' retrieved from /opt/airflow/dags/minio_to_snowflake.py
[2026-06-04T05:06:29.928+0000] {logging_mixin.py:188} INFO - [2026-06-04T05:06:29.927+0000] {dag.py:3089} INFO - Sync 1 DAGs
[2026-06-04T05:06:29.955+0000] {logging_mixin.py:188} INFO - [2026-06-04T05:06:29.955+0000] {dag.py:3947} INFO - Setting next_dagrun for minio_to_snowflake to 2026-06-04 05:05:00+00:00, run_after=2026-06-04 05:06:00+00:00
[2026-06-04T05:06:29.976+0000] {processor.py:183} INFO - Processing /opt/airflow/dags/minio_to_snowflake.py took 1.172 seconds
