[2026-06-05T00:00:08.934+0000] {processor.py:161} INFO - Started process (PID=91197) to work on /opt/airflow/dags/minio_to_snowflake.py
[2026-06-05T00:00:08.936+0000] {processor.py:830} INFO - Processing file /opt/airflow/dags/minio_to_snowflake.py for tasks to queue
[2026-06-05T00:00:08.940+0000] {logging_mixin.py:188} INFO - [2026-06-05T00:00:08.939+0000] {dagbag.py:545} INFO - Filling up the DagBag from /opt/airflow/dags/minio_to_snowflake.py
[2026-06-05T00:00:09.972+0000] {processor.py:840} INFO - DAG(s) 'minio_to_snowflake' retrieved from /opt/airflow/dags/minio_to_snowflake.py
[2026-06-05T00:00:10.002+0000] {logging_mixin.py:188} INFO - [2026-06-05T00:00:10.001+0000] {dag.py:3089} INFO - Sync 1 DAGs
[2026-06-05T00:00:10.028+0000] {logging_mixin.py:188} INFO - [2026-06-05T00:00:10.028+0000] {dag.py:3947} INFO - Setting next_dagrun for minio_to_snowflake to 2026-06-04 23:59:00+00:00, run_after=2026-06-05 00:00:00+00:00
[2026-06-05T00:00:10.058+0000] {processor.py:183} INFO - Processing /opt/airflow/dags/minio_to_snowflake.py took 1.133 seconds
[2026-06-05T00:00:40.170+0000] {processor.py:161} INFO - Started process (PID=91297) to work on /opt/airflow/dags/minio_to_snowflake.py
[2026-06-05T00:00:40.171+0000] {processor.py:830} INFO - Processing file /opt/airflow/dags/minio_to_snowflake.py for tasks to queue
[2026-06-05T00:00:40.173+0000] {logging_mixin.py:188} INFO - [2026-06-05T00:00:40.173+0000] {dagbag.py:545} INFO - Filling up the DagBag from /opt/airflow/dags/minio_to_snowflake.py
[2026-06-05T00:00:41.239+0000] {processor.py:840} INFO - DAG(s) 'minio_to_snowflake' retrieved from /opt/airflow/dags/minio_to_snowflake.py
[2026-06-05T00:00:41.272+0000] {logging_mixin.py:188} INFO - [2026-06-05T00:00:41.272+0000] {dag.py:3089} INFO - Sync 1 DAGs
[2026-06-05T00:00:41.305+0000] {logging_mixin.py:188} INFO - [2026-06-05T00:00:41.305+0000] {dag.py:3947} INFO - Setting next_dagrun for minio_to_snowflake to 2026-06-05 00:00:00+00:00, run_after=2026-06-05 00:01:00+00:00
[2026-06-05T00:00:41.332+0000] {processor.py:183} INFO - Processing /opt/airflow/dags/minio_to_snowflake.py took 1.170 seconds
[2026-06-05T00:01:11.562+0000] {processor.py:161} INFO - Started process (PID=92451) to work on /opt/airflow/dags/minio_to_snowflake.py
[2026-06-05T00:01:11.564+0000] {processor.py:830} INFO - Processing file /opt/airflow/dags/minio_to_snowflake.py for tasks to queue
[2026-06-05T00:01:11.567+0000] {logging_mixin.py:188} INFO - [2026-06-05T00:01:11.566+0000] {dagbag.py:545} INFO - Filling up the DagBag from /opt/airflow/dags/minio_to_snowflake.py
[2026-06-05T00:01:12.593+0000] {processor.py:840} INFO - DAG(s) 'minio_to_snowflake' retrieved from /opt/airflow/dags/minio_to_snowflake.py
[2026-06-05T00:01:12.631+0000] {logging_mixin.py:188} INFO - [2026-06-05T00:01:12.630+0000] {dag.py:3089} INFO - Sync 1 DAGs
[2026-06-05T00:01:12.663+0000] {logging_mixin.py:188} INFO - [2026-06-05T00:01:12.663+0000] {dag.py:3947} INFO - Setting next_dagrun for minio_to_snowflake to 2026-06-05 00:00:00+00:00, run_after=2026-06-05 00:01:00+00:00
[2026-06-05T00:01:12.688+0000] {processor.py:183} INFO - Processing /opt/airflow/dags/minio_to_snowflake.py took 1.136 seconds
[2026-06-05T00:01:42.868+0000] {processor.py:161} INFO - Started process (PID=92529) to work on /opt/airflow/dags/minio_to_snowflake.py
[2026-06-05T00:01:42.879+0000] {processor.py:830} INFO - Processing file /opt/airflow/dags/minio_to_snowflake.py for tasks to queue
[2026-06-05T00:01:42.882+0000] {logging_mixin.py:188} INFO - [2026-06-05T00:01:42.881+0000] {dagbag.py:545} INFO - Filling up the DagBag from /opt/airflow/dags/minio_to_snowflake.py
[2026-06-05T00:01:44.101+0000] {processor.py:840} INFO - DAG(s) 'minio_to_snowflake' retrieved from /opt/airflow/dags/minio_to_snowflake.py
[2026-06-05T00:01:44.130+0000] {logging_mixin.py:188} INFO - [2026-06-05T00:01:44.130+0000] {dag.py:3089} INFO - Sync 1 DAGs
[2026-06-05T00:01:44.155+0000] {logging_mixin.py:188} INFO - [2026-06-05T00:01:44.155+0000] {dag.py:3947} INFO - Setting next_dagrun for minio_to_snowflake to 2026-06-05 00:00:00+00:00, run_after=2026-06-05 00:01:00+00:00
[2026-06-05T00:01:44.183+0000] {processor.py:183} INFO - Processing /opt/airflow/dags/minio_to_snowflake.py took 1.325 seconds
[2026-06-05T00:02:14.438+0000] {processor.py:161} INFO - Started process (PID=92634) to work on /opt/airflow/dags/minio_to_snowflake.py
[2026-06-05T00:02:14.439+0000] {processor.py:830} INFO - Processing file /opt/airflow/dags/minio_to_snowflake.py for tasks to queue
[2026-06-05T00:02:14.442+0000] {logging_mixin.py:188} INFO - [2026-06-05T00:02:14.442+0000] {dagbag.py:545} INFO - Filling up the DagBag from /opt/airflow/dags/minio_to_snowflake.py
[2026-06-05T00:02:15.724+0000] {processor.py:840} INFO - DAG(s) 'minio_to_snowflake' retrieved from /opt/airflow/dags/minio_to_snowflake.py
[2026-06-05T00:02:15.802+0000] {logging_mixin.py:188} INFO - [2026-06-05T00:02:15.801+0000] {dag.py:3089} INFO - Sync 1 DAGs
[2026-06-05T00:02:15.867+0000] {logging_mixin.py:188} INFO - [2026-06-05T00:02:15.859+0000] {dag.py:3947} INFO - Setting next_dagrun for minio_to_snowflake to 2026-06-05 00:01:00+00:00, run_after=2026-06-05 00:02:00+00:00
[2026-06-05T00:02:15.897+0000] {processor.py:183} INFO - Processing /opt/airflow/dags/minio_to_snowflake.py took 1.469 seconds
[2026-06-05T00:02:46.228+0000] {processor.py:161} INFO - Started process (PID=92740) to work on /opt/airflow/dags/minio_to_snowflake.py
[2026-06-05T00:02:46.229+0000] {processor.py:830} INFO - Processing file /opt/airflow/dags/minio_to_snowflake.py for tasks to queue
[2026-06-05T00:02:46.232+0000] {logging_mixin.py:188} INFO - [2026-06-05T00:02:46.232+0000] {dagbag.py:545} INFO - Filling up the DagBag from /opt/airflow/dags/minio_to_snowflake.py
[2026-06-05T00:02:47.591+0000] {processor.py:840} INFO - DAG(s) 'minio_to_snowflake' retrieved from /opt/airflow/dags/minio_to_snowflake.py
[2026-06-05T00:02:47.630+0000] {logging_mixin.py:188} INFO - [2026-06-05T00:02:47.629+0000] {dag.py:3089} INFO - Sync 1 DAGs
[2026-06-05T00:02:47.664+0000] {logging_mixin.py:188} INFO - [2026-06-05T00:02:47.664+0000] {dag.py:3947} INFO - Setting next_dagrun for minio_to_snowflake to 2026-06-05 00:01:00+00:00, run_after=2026-06-05 00:02:00+00:00
[2026-06-05T00:02:47.691+0000] {processor.py:183} INFO - Processing /opt/airflow/dags/minio_to_snowflake.py took 1.475 seconds
[2026-06-05T00:03:17.896+0000] {processor.py:161} INFO - Started process (PID=92847) to work on /opt/airflow/dags/minio_to_snowflake.py
[2026-06-05T00:03:17.899+0000] {processor.py:830} INFO - Processing file /opt/airflow/dags/minio_to_snowflake.py for tasks to queue
[2026-06-05T00:03:17.902+0000] {logging_mixin.py:188} INFO - [2026-06-05T00:03:17.901+0000] {dagbag.py:545} INFO - Filling up the DagBag from /opt/airflow/dags/minio_to_snowflake.py
[2026-06-05T00:03:18.999+0000] {processor.py:840} INFO - DAG(s) 'minio_to_snowflake' retrieved from /opt/airflow/dags/minio_to_snowflake.py
[2026-06-05T00:03:19.036+0000] {logging_mixin.py:188} INFO - [2026-06-05T00:03:19.035+0000] {dag.py:3089} INFO - Sync 1 DAGs
[2026-06-05T00:03:19.063+0000] {logging_mixin.py:188} INFO - [2026-06-05T00:03:19.063+0000] {dag.py:3947} INFO - Setting next_dagrun for minio_to_snowflake to 2026-06-05 00:02:00+00:00, run_after=2026-06-05 00:03:00+00:00
[2026-06-05T00:03:19.083+0000] {processor.py:183} INFO - Processing /opt/airflow/dags/minio_to_snowflake.py took 1.196 seconds
[2026-06-05T00:03:49.277+0000] {processor.py:161} INFO - Started process (PID=92962) to work on /opt/airflow/dags/minio_to_snowflake.py
[2026-06-05T00:03:49.279+0000] {processor.py:830} INFO - Processing file /opt/airflow/dags/minio_to_snowflake.py for tasks to queue
[2026-06-05T00:03:49.281+0000] {logging_mixin.py:188} INFO - [2026-06-05T00:03:49.281+0000] {dagbag.py:545} INFO - Filling up the DagBag from /opt/airflow/dags/minio_to_snowflake.py
[2026-06-05T00:03:50.245+0000] {processor.py:840} INFO - DAG(s) 'minio_to_snowflake' retrieved from /opt/airflow/dags/minio_to_snowflake.py
[2026-06-05T00:03:50.276+0000] {logging_mixin.py:188} INFO - [2026-06-05T00:03:50.275+0000] {dag.py:3089} INFO - Sync 1 DAGs
[2026-06-05T00:03:50.304+0000] {logging_mixin.py:188} INFO - [2026-06-05T00:03:50.304+0000] {dag.py:3947} INFO - Setting next_dagrun for minio_to_snowflake to 2026-06-05 00:02:00+00:00, run_after=2026-06-05 00:03:00+00:00
[2026-06-05T00:03:50.328+0000] {processor.py:183} INFO - Processing /opt/airflow/dags/minio_to_snowflake.py took 1.062 seconds
[2026-06-05T00:04:20.541+0000] {processor.py:161} INFO - Started process (PID=94130) to work on /opt/airflow/dags/minio_to_snowflake.py
[2026-06-05T00:04:20.542+0000] {processor.py:830} INFO - Processing file /opt/airflow/dags/minio_to_snowflake.py for tasks to queue
[2026-06-05T00:04:20.545+0000] {logging_mixin.py:188} INFO - [2026-06-05T00:04:20.544+0000] {dagbag.py:545} INFO - Filling up the DagBag from /opt/airflow/dags/minio_to_snowflake.py
[2026-06-05T00:04:21.596+0000] {processor.py:840} INFO - DAG(s) 'minio_to_snowflake' retrieved from /opt/airflow/dags/minio_to_snowflake.py
[2026-06-05T00:04:21.626+0000] {logging_mixin.py:188} INFO - [2026-06-05T00:04:21.626+0000] {dag.py:3089} INFO - Sync 1 DAGs
[2026-06-05T00:04:21.650+0000] {logging_mixin.py:188} INFO - [2026-06-05T00:04:21.650+0000] {dag.py:3947} INFO - Setting next_dagrun for minio_to_snowflake to 2026-06-05 00:03:00+00:00, run_after=2026-06-05 00:04:00+00:00
[2026-06-05T00:04:21.670+0000] {processor.py:183} INFO - Processing /opt/airflow/dags/minio_to_snowflake.py took 1.140 seconds
[2026-06-05T00:04:51.867+0000] {processor.py:161} INFO - Started process (PID=94232) to work on /opt/airflow/dags/minio_to_snowflake.py
[2026-06-05T00:04:51.868+0000] {processor.py:830} INFO - Processing file /opt/airflow/dags/minio_to_snowflake.py for tasks to queue
[2026-06-05T00:04:51.871+0000] {logging_mixin.py:188} INFO - [2026-06-05T00:04:51.870+0000] {dagbag.py:545} INFO - Filling up the DagBag from /opt/airflow/dags/minio_to_snowflake.py
[2026-06-05T00:04:52.830+0000] {processor.py:840} INFO - DAG(s) 'minio_to_snowflake' retrieved from /opt/airflow/dags/minio_to_snowflake.py
[2026-06-05T00:04:52.863+0000] {logging_mixin.py:188} INFO - [2026-06-05T00:04:52.861+0000] {dag.py:3089} INFO - Sync 1 DAGs
[2026-06-05T00:04:52.892+0000] {logging_mixin.py:188} INFO - [2026-06-05T00:04:52.892+0000] {dag.py:3947} INFO - Setting next_dagrun for minio_to_snowflake to 2026-06-05 00:03:00+00:00, run_after=2026-06-05 00:04:00+00:00
[2026-06-05T00:04:52.912+0000] {processor.py:183} INFO - Processing /opt/airflow/dags/minio_to_snowflake.py took 1.056 seconds
[2026-06-05T00:05:23.229+0000] {processor.py:161} INFO - Started process (PID=94325) to work on /opt/airflow/dags/minio_to_snowflake.py
[2026-06-05T00:05:23.231+0000] {processor.py:830} INFO - Processing file /opt/airflow/dags/minio_to_snowflake.py for tasks to queue
[2026-06-05T00:05:23.234+0000] {logging_mixin.py:188} INFO - [2026-06-05T00:05:23.234+0000] {dagbag.py:545} INFO - Filling up the DagBag from /opt/airflow/dags/minio_to_snowflake.py
[2026-06-05T00:05:24.244+0000] {processor.py:840} INFO - DAG(s) 'minio_to_snowflake' retrieved from /opt/airflow/dags/minio_to_snowflake.py
[2026-06-05T00:05:24.282+0000] {logging_mixin.py:188} INFO - [2026-06-05T00:05:24.281+0000] {dag.py:3089} INFO - Sync 1 DAGs
[2026-06-05T00:05:24.317+0000] {logging_mixin.py:188} INFO - [2026-06-05T00:05:24.317+0000] {dag.py:3947} INFO - Setting next_dagrun for minio_to_snowflake to 2026-06-05 00:04:00+00:00, run_after=2026-06-05 00:05:00+00:00
[2026-06-05T00:05:24.344+0000] {processor.py:183} INFO - Processing /opt/airflow/dags/minio_to_snowflake.py took 1.127 seconds
[2026-06-05T00:05:54.488+0000] {processor.py:161} INFO - Started process (PID=94433) to work on /opt/airflow/dags/minio_to_snowflake.py
[2026-06-05T00:05:54.490+0000] {processor.py:830} INFO - Processing file /opt/airflow/dags/minio_to_snowflake.py for tasks to queue
[2026-06-05T00:05:54.493+0000] {logging_mixin.py:188} INFO - [2026-06-05T00:05:54.492+0000] {dagbag.py:545} INFO - Filling up the DagBag from /opt/airflow/dags/minio_to_snowflake.py
[2026-06-05T00:05:55.738+0000] {processor.py:840} INFO - DAG(s) 'minio_to_snowflake' retrieved from /opt/airflow/dags/minio_to_snowflake.py
[2026-06-05T00:05:55.773+0000] {logging_mixin.py:188} INFO - [2026-06-05T00:05:55.768+0000] {dag.py:3089} INFO - Sync 1 DAGs
[2026-06-05T00:05:55.812+0000] {logging_mixin.py:188} INFO - [2026-06-05T00:05:55.812+0000] {dag.py:3947} INFO - Setting next_dagrun for minio_to_snowflake to 2026-06-05 00:04:00+00:00, run_after=2026-06-05 00:05:00+00:00
[2026-06-05T00:05:55.837+0000] {processor.py:183} INFO - Processing /opt/airflow/dags/minio_to_snowflake.py took 1.359 seconds
[2026-06-05T00:06:26.129+0000] {processor.py:161} INFO - Started process (PID=94542) to work on /opt/airflow/dags/minio_to_snowflake.py
[2026-06-05T00:06:26.130+0000] {processor.py:830} INFO - Processing file /opt/airflow/dags/minio_to_snowflake.py for tasks to queue
[2026-06-05T00:06:26.133+0000] {logging_mixin.py:188} INFO - [2026-06-05T00:06:26.132+0000] {dagbag.py:545} INFO - Filling up the DagBag from /opt/airflow/dags/minio_to_snowflake.py
[2026-06-05T00:06:27.149+0000] {processor.py:840} INFO - DAG(s) 'minio_to_snowflake' retrieved from /opt/airflow/dags/minio_to_snowflake.py
[2026-06-05T00:06:27.182+0000] {logging_mixin.py:188} INFO - [2026-06-05T00:06:27.181+0000] {dag.py:3089} INFO - Sync 1 DAGs
[2026-06-05T00:06:27.215+0000] {logging_mixin.py:188} INFO - [2026-06-05T00:06:27.215+0000] {dag.py:3947} INFO - Setting next_dagrun for minio_to_snowflake to 2026-06-05 00:05:00+00:00, run_after=2026-06-05 00:06:00+00:00
[2026-06-05T00:06:27.238+0000] {processor.py:183} INFO - Processing /opt/airflow/dags/minio_to_snowflake.py took 1.119 seconds
[2026-06-05T00:06:57.377+0000] {processor.py:161} INFO - Started process (PID=94651) to work on /opt/airflow/dags/minio_to_snowflake.py
[2026-06-05T00:06:57.379+0000] {processor.py:830} INFO - Processing file /opt/airflow/dags/minio_to_snowflake.py for tasks to queue
[2026-06-05T00:06:57.382+0000] {logging_mixin.py:188} INFO - [2026-06-05T00:06:57.381+0000] {dagbag.py:545} INFO - Filling up the DagBag from /opt/airflow/dags/minio_to_snowflake.py
[2026-06-05T00:06:58.430+0000] {processor.py:840} INFO - DAG(s) 'minio_to_snowflake' retrieved from /opt/airflow/dags/minio_to_snowflake.py
[2026-06-05T00:06:58.461+0000] {logging_mixin.py:188} INFO - [2026-06-05T00:06:58.460+0000] {dag.py:3089} INFO - Sync 1 DAGs
[2026-06-05T00:06:58.489+0000] {logging_mixin.py:188} INFO - [2026-06-05T00:06:58.489+0000] {dag.py:3947} INFO - Setting next_dagrun for minio_to_snowflake to 2026-06-05 00:05:00+00:00, run_after=2026-06-05 00:06:00+00:00
[2026-06-05T00:06:58.511+0000] {processor.py:183} INFO - Processing /opt/airflow/dags/minio_to_snowflake.py took 1.143 seconds
[2026-06-05T00:07:28.741+0000] {processor.py:161} INFO - Started process (PID=95827) to work on /opt/airflow/dags/minio_to_snowflake.py
[2026-06-05T00:07:28.743+0000] {processor.py:830} INFO - Processing file /opt/airflow/dags/minio_to_snowflake.py for tasks to queue
[2026-06-05T00:07:28.745+0000] {logging_mixin.py:188} INFO - [2026-06-05T00:07:28.745+0000] {dagbag.py:545} INFO - Filling up the DagBag from /opt/airflow/dags/minio_to_snowflake.py
[2026-06-05T00:07:29.778+0000] {processor.py:840} INFO - DAG(s) 'minio_to_snowflake' retrieved from /opt/airflow/dags/minio_to_snowflake.py
[2026-06-05T00:07:29.817+0000] {logging_mixin.py:188} INFO - [2026-06-05T00:07:29.816+0000] {dag.py:3089} INFO - Sync 1 DAGs
[2026-06-05T00:07:29.859+0000] {logging_mixin.py:188} INFO - [2026-06-05T00:07:29.859+0000] {dag.py:3947} INFO - Setting next_dagrun for minio_to_snowflake to 2026-06-05 00:06:00+00:00, run_after=2026-06-05 00:07:00+00:00
[2026-06-05T00:07:29.894+0000] {processor.py:183} INFO - Processing /opt/airflow/dags/minio_to_snowflake.py took 1.162 seconds
[2026-06-05T00:07:59.990+0000] {processor.py:161} INFO - Started process (PID=95922) to work on /opt/airflow/dags/minio_to_snowflake.py
[2026-06-05T00:07:59.992+0000] {processor.py:830} INFO - Processing file /opt/airflow/dags/minio_to_snowflake.py for tasks to queue
[2026-06-05T00:07:59.994+0000] {logging_mixin.py:188} INFO - [2026-06-05T00:07:59.994+0000] {dagbag.py:545} INFO - Filling up the DagBag from /opt/airflow/dags/minio_to_snowflake.py
[2026-06-05T00:08:00.955+0000] {processor.py:840} INFO - DAG(s) 'minio_to_snowflake' retrieved from /opt/airflow/dags/minio_to_snowflake.py
[2026-06-05T00:08:00.990+0000] {logging_mixin.py:188} INFO - [2026-06-05T00:08:00.989+0000] {dag.py:3089} INFO - Sync 1 DAGs
[2026-06-05T00:08:01.028+0000] {logging_mixin.py:188} INFO - [2026-06-05T00:08:01.028+0000] {dag.py:3947} INFO - Setting next_dagrun for minio_to_snowflake to 2026-06-05 00:07:00+00:00, run_after=2026-06-05 00:08:00+00:00
[2026-06-05T00:08:01.055+0000] {processor.py:183} INFO - Processing /opt/airflow/dags/minio_to_snowflake.py took 1.077 seconds
[2026-06-05T00:08:31.225+0000] {processor.py:161} INFO - Started process (PID=96038) to work on /opt/airflow/dags/minio_to_snowflake.py
[2026-06-05T00:08:31.227+0000] {processor.py:830} INFO - Processing file /opt/airflow/dags/minio_to_snowflake.py for tasks to queue
[2026-06-05T00:08:31.230+0000] {logging_mixin.py:188} INFO - [2026-06-05T00:08:31.229+0000] {dagbag.py:545} INFO - Filling up the DagBag from /opt/airflow/dags/minio_to_snowflake.py
[2026-06-05T00:08:32.258+0000] {processor.py:840} INFO - DAG(s) 'minio_to_snowflake' retrieved from /opt/airflow/dags/minio_to_snowflake.py
[2026-06-05T00:08:32.298+0000] {logging_mixin.py:188} INFO - [2026-06-05T00:08:32.294+0000] {dag.py:3089} INFO - Sync 1 DAGs
[2026-06-05T00:08:32.339+0000] {logging_mixin.py:188} INFO - [2026-06-05T00:08:32.339+0000] {dag.py:3947} INFO - Setting next_dagrun for minio_to_snowflake to 2026-06-05 00:07:00+00:00, run_after=2026-06-05 00:08:00+00:00
[2026-06-05T00:08:32.403+0000] {processor.py:183} INFO - Processing /opt/airflow/dags/minio_to_snowflake.py took 1.186 seconds
[2026-06-05T00:09:02.532+0000] {processor.py:161} INFO - Started process (PID=96151) to work on /opt/airflow/dags/minio_to_snowflake.py
[2026-06-05T00:09:02.533+0000] {processor.py:830} INFO - Processing file /opt/airflow/dags/minio_to_snowflake.py for tasks to queue
[2026-06-05T00:09:02.536+0000] {logging_mixin.py:188} INFO - [2026-06-05T00:09:02.535+0000] {dagbag.py:545} INFO - Filling up the DagBag from /opt/airflow/dags/minio_to_snowflake.py
[2026-06-05T00:09:03.541+0000] {processor.py:840} INFO - DAG(s) 'minio_to_snowflake' retrieved from /opt/airflow/dags/minio_to_snowflake.py
[2026-06-05T00:09:03.576+0000] {logging_mixin.py:188} INFO - [2026-06-05T00:09:03.575+0000] {dag.py:3089} INFO - Sync 1 DAGs
[2026-06-05T00:09:03.620+0000] {logging_mixin.py:188} INFO - [2026-06-05T00:09:03.619+0000] {dag.py:3947} INFO - Setting next_dagrun for minio_to_snowflake to 2026-06-05 00:08:00+00:00, run_after=2026-06-05 00:09:00+00:00
[2026-06-05T00:09:03.663+0000] {processor.py:183} INFO - Processing /opt/airflow/dags/minio_to_snowflake.py took 1.138 seconds
[2026-06-05T00:09:33.965+0000] {processor.py:161} INFO - Started process (PID=96262) to work on /opt/airflow/dags/minio_to_snowflake.py
[2026-06-05T00:09:33.967+0000] {processor.py:830} INFO - Processing file /opt/airflow/dags/minio_to_snowflake.py for tasks to queue
[2026-06-05T00:09:33.972+0000] {logging_mixin.py:188} INFO - [2026-06-05T00:09:33.971+0000] {dagbag.py:545} INFO - Filling up the DagBag from /opt/airflow/dags/minio_to_snowflake.py
[2026-06-05T00:09:34.953+0000] {processor.py:840} INFO - DAG(s) 'minio_to_snowflake' retrieved from /opt/airflow/dags/minio_to_snowflake.py
[2026-06-05T00:09:34.986+0000] {logging_mixin.py:188} INFO - [2026-06-05T00:09:34.985+0000] {dag.py:3089} INFO - Sync 1 DAGs
[2026-06-05T00:09:35.017+0000] {logging_mixin.py:188} INFO - [2026-06-05T00:09:35.016+0000] {dag.py:3947} INFO - Setting next_dagrun for minio_to_snowflake to 2026-06-05 00:08:00+00:00, run_after=2026-06-05 00:09:00+00:00
[2026-06-05T00:09:35.046+0000] {processor.py:183} INFO - Processing /opt/airflow/dags/minio_to_snowflake.py took 1.089 seconds
[2026-06-05T00:10:05.252+0000] {processor.py:161} INFO - Started process (PID=96370) to work on /opt/airflow/dags/minio_to_snowflake.py
[2026-06-05T00:10:05.253+0000] {processor.py:830} INFO - Processing file /opt/airflow/dags/minio_to_snowflake.py for tasks to queue
[2026-06-05T00:10:05.256+0000] {logging_mixin.py:188} INFO - [2026-06-05T00:10:05.256+0000] {dagbag.py:545} INFO - Filling up the DagBag from /opt/airflow/dags/minio_to_snowflake.py
[2026-06-05T00:10:06.251+0000] {processor.py:840} INFO - DAG(s) 'minio_to_snowflake' retrieved from /opt/airflow/dags/minio_to_snowflake.py
[2026-06-05T00:10:06.289+0000] {logging_mixin.py:188} INFO - [2026-06-05T00:10:06.288+0000] {dag.py:3089} INFO - Sync 1 DAGs
[2026-06-05T00:10:06.319+0000] {logging_mixin.py:188} INFO - [2026-06-05T00:10:06.319+0000] {dag.py:3947} INFO - Setting next_dagrun for minio_to_snowflake to 2026-06-05 00:09:00+00:00, run_after=2026-06-05 00:10:00+00:00
[2026-06-05T00:10:06.343+0000] {processor.py:183} INFO - Processing /opt/airflow/dags/minio_to_snowflake.py took 1.101 seconds
[2026-06-05T00:10:36.556+0000] {processor.py:161} INFO - Started process (PID=97539) to work on /opt/airflow/dags/minio_to_snowflake.py
[2026-06-05T00:10:36.557+0000] {processor.py:830} INFO - Processing file /opt/airflow/dags/minio_to_snowflake.py for tasks to queue
[2026-06-05T00:10:36.560+0000] {logging_mixin.py:188} INFO - [2026-06-05T00:10:36.559+0000] {dagbag.py:545} INFO - Filling up the DagBag from /opt/airflow/dags/minio_to_snowflake.py
[2026-06-05T00:10:37.437+0000] {processor.py:840} INFO - DAG(s) 'minio_to_snowflake' retrieved from /opt/airflow/dags/minio_to_snowflake.py
[2026-06-05T00:10:37.469+0000] {logging_mixin.py:188} INFO - [2026-06-05T00:10:37.468+0000] {dag.py:3089} INFO - Sync 1 DAGs
[2026-06-05T00:10:37.496+0000] {logging_mixin.py:188} INFO - [2026-06-05T00:10:37.496+0000] {dag.py:3947} INFO - Setting next_dagrun for minio_to_snowflake to 2026-06-05 00:10:00+00:00, run_after=2026-06-05 00:11:00+00:00
[2026-06-05T00:10:37.517+0000] {processor.py:183} INFO - Processing /opt/airflow/dags/minio_to_snowflake.py took 0.968 seconds
[2026-06-05T00:11:07.804+0000] {processor.py:161} INFO - Started process (PID=97646) to work on /opt/airflow/dags/minio_to_snowflake.py
[2026-06-05T00:11:07.806+0000] {processor.py:830} INFO - Processing file /opt/airflow/dags/minio_to_snowflake.py for tasks to queue
[2026-06-05T00:11:07.810+0000] {logging_mixin.py:188} INFO - [2026-06-05T00:11:07.809+0000] {dagbag.py:545} INFO - Filling up the DagBag from /opt/airflow/dags/minio_to_snowflake.py
[2026-06-05T00:11:08.753+0000] {processor.py:840} INFO - DAG(s) 'minio_to_snowflake' retrieved from /opt/airflow/dags/minio_to_snowflake.py
[2026-06-05T00:11:08.785+0000] {logging_mixin.py:188} INFO - [2026-06-05T00:11:08.783+0000] {dag.py:3089} INFO - Sync 1 DAGs
[2026-06-05T00:11:08.821+0000] {logging_mixin.py:188} INFO - [2026-06-05T00:11:08.821+0000] {dag.py:3947} INFO - Setting next_dagrun for minio_to_snowflake to 2026-06-05 00:10:00+00:00, run_after=2026-06-05 00:11:00+00:00
[2026-06-05T00:11:08.846+0000] {processor.py:183} INFO - Processing /opt/airflow/dags/minio_to_snowflake.py took 1.052 seconds
[2026-06-05T00:11:39.082+0000] {processor.py:161} INFO - Started process (PID=97757) to work on /opt/airflow/dags/minio_to_snowflake.py
[2026-06-05T00:11:39.084+0000] {processor.py:830} INFO - Processing file /opt/airflow/dags/minio_to_snowflake.py for tasks to queue
[2026-06-05T00:11:39.086+0000] {logging_mixin.py:188} INFO - [2026-06-05T00:11:39.086+0000] {dagbag.py:545} INFO - Filling up the DagBag from /opt/airflow/dags/minio_to_snowflake.py
[2026-06-05T00:11:39.960+0000] {processor.py:840} INFO - DAG(s) 'minio_to_snowflake' retrieved from /opt/airflow/dags/minio_to_snowflake.py
[2026-06-05T00:11:39.993+0000] {logging_mixin.py:188} INFO - [2026-06-05T00:11:39.992+0000] {dag.py:3089} INFO - Sync 1 DAGs
[2026-06-05T00:11:40.017+0000] {logging_mixin.py:188} INFO - [2026-06-05T00:11:40.017+0000] {dag.py:3947} INFO - Setting next_dagrun for minio_to_snowflake to 2026-06-05 00:10:00+00:00, run_after=2026-06-05 00:11:00+00:00
[2026-06-05T00:11:40.045+0000] {processor.py:183} INFO - Processing /opt/airflow/dags/minio_to_snowflake.py took 0.969 seconds
[2026-06-05T00:12:10.324+0000] {processor.py:161} INFO - Started process (PID=97867) to work on /opt/airflow/dags/minio_to_snowflake.py
[2026-06-05T00:12:10.326+0000] {processor.py:830} INFO - Processing file /opt/airflow/dags/minio_to_snowflake.py for tasks to queue
[2026-06-05T00:12:10.329+0000] {logging_mixin.py:188} INFO - [2026-06-05T00:12:10.329+0000] {dagbag.py:545} INFO - Filling up the DagBag from /opt/airflow/dags/minio_to_snowflake.py
[2026-06-05T00:12:11.269+0000] {processor.py:840} INFO - DAG(s) 'minio_to_snowflake' retrieved from /opt/airflow/dags/minio_to_snowflake.py
[2026-06-05T00:12:11.299+0000] {logging_mixin.py:188} INFO - [2026-06-05T00:12:11.299+0000] {dag.py:3089} INFO - Sync 1 DAGs
[2026-06-05T00:12:11.329+0000] {logging_mixin.py:188} INFO - [2026-06-05T00:12:11.328+0000] {dag.py:3947} INFO - Setting next_dagrun for minio_to_snowflake to 2026-06-05 00:11:00+00:00, run_after=2026-06-05 00:12:00+00:00
[2026-06-05T00:12:11.352+0000] {processor.py:183} INFO - Processing /opt/airflow/dags/minio_to_snowflake.py took 1.035 seconds
[2026-06-05T00:12:41.588+0000] {processor.py:161} INFO - Started process (PID=97981) to work on /opt/airflow/dags/minio_to_snowflake.py
[2026-06-05T00:12:41.589+0000] {processor.py:830} INFO - Processing file /opt/airflow/dags/minio_to_snowflake.py for tasks to queue
[2026-06-05T00:12:41.592+0000] {logging_mixin.py:188} INFO - [2026-06-05T00:12:41.591+0000] {dagbag.py:545} INFO - Filling up the DagBag from /opt/airflow/dags/minio_to_snowflake.py
[2026-06-05T00:12:42.521+0000] {processor.py:840} INFO - DAG(s) 'minio_to_snowflake' retrieved from /opt/airflow/dags/minio_to_snowflake.py
[2026-06-05T00:12:42.552+0000] {logging_mixin.py:188} INFO - [2026-06-05T00:12:42.552+0000] {dag.py:3089} INFO - Sync 1 DAGs
[2026-06-05T00:12:42.580+0000] {logging_mixin.py:188} INFO - [2026-06-05T00:12:42.580+0000] {dag.py:3947} INFO - Setting next_dagrun for minio_to_snowflake to 2026-06-05 00:11:00+00:00, run_after=2026-06-05 00:12:00+00:00
[2026-06-05T00:12:42.601+0000] {processor.py:183} INFO - Processing /opt/airflow/dags/minio_to_snowflake.py took 1.021 seconds
[2026-06-05T00:13:12.844+0000] {processor.py:161} INFO - Started process (PID=98092) to work on /opt/airflow/dags/minio_to_snowflake.py
[2026-06-05T00:13:12.845+0000] {processor.py:830} INFO - Processing file /opt/airflow/dags/minio_to_snowflake.py for tasks to queue
[2026-06-05T00:13:12.848+0000] {logging_mixin.py:188} INFO - [2026-06-05T00:13:12.847+0000] {dagbag.py:545} INFO - Filling up the DagBag from /opt/airflow/dags/minio_to_snowflake.py
[2026-06-05T00:13:14.379+0000] {processor.py:840} INFO - DAG(s) 'minio_to_snowflake' retrieved from /opt/airflow/dags/minio_to_snowflake.py
[2026-06-05T00:13:14.407+0000] {logging_mixin.py:188} INFO - [2026-06-05T00:13:14.406+0000] {dag.py:3089} INFO - Sync 1 DAGs
[2026-06-05T00:13:14.433+0000] {logging_mixin.py:188} INFO - [2026-06-05T00:13:14.433+0000] {dag.py:3947} INFO - Setting next_dagrun for minio_to_snowflake to 2026-06-05 00:12:00+00:00, run_after=2026-06-05 00:13:00+00:00
[2026-06-05T00:13:14.460+0000] {processor.py:183} INFO - Processing /opt/airflow/dags/minio_to_snowflake.py took 1.624 seconds
[2026-06-05T00:13:44.810+0000] {processor.py:161} INFO - Started process (PID=99261) to work on /opt/airflow/dags/minio_to_snowflake.py
[2026-06-05T00:13:44.813+0000] {processor.py:830} INFO - Processing file /opt/airflow/dags/minio_to_snowflake.py for tasks to queue
[2026-06-05T00:13:44.816+0000] {logging_mixin.py:188} INFO - [2026-06-05T00:13:44.815+0000] {dagbag.py:545} INFO - Filling up the DagBag from /opt/airflow/dags/minio_to_snowflake.py
[2026-06-05T00:13:45.804+0000] {processor.py:840} INFO - DAG(s) 'minio_to_snowflake' retrieved from /opt/airflow/dags/minio_to_snowflake.py
[2026-06-05T00:13:45.841+0000] {logging_mixin.py:188} INFO - [2026-06-05T00:13:45.840+0000] {dag.py:3089} INFO - Sync 1 DAGs
[2026-06-05T00:13:45.869+0000] {logging_mixin.py:188} INFO - [2026-06-05T00:13:45.869+0000] {dag.py:3947} INFO - Setting next_dagrun for minio_to_snowflake to 2026-06-05 00:13:00+00:00, run_after=2026-06-05 00:14:00+00:00
[2026-06-05T00:13:45.891+0000] {processor.py:183} INFO - Processing /opt/airflow/dags/minio_to_snowflake.py took 1.090 seconds
[2026-06-05T00:14:16.011+0000] {processor.py:161} INFO - Started process (PID=99374) to work on /opt/airflow/dags/minio_to_snowflake.py
[2026-06-05T00:14:16.012+0000] {processor.py:830} INFO - Processing file /opt/airflow/dags/minio_to_snowflake.py for tasks to queue
[2026-06-05T00:14:16.015+0000] {logging_mixin.py:188} INFO - [2026-06-05T00:14:16.014+0000] {dagbag.py:545} INFO - Filling up the DagBag from /opt/airflow/dags/minio_to_snowflake.py
[2026-06-05T00:14:16.956+0000] {processor.py:840} INFO - DAG(s) 'minio_to_snowflake' retrieved from /opt/airflow/dags/minio_to_snowflake.py
[2026-06-05T00:14:17.004+0000] {logging_mixin.py:188} INFO - [2026-06-05T00:14:17.001+0000] {dag.py:3089} INFO - Sync 1 DAGs
[2026-06-05T00:14:17.041+0000] {logging_mixin.py:188} INFO - [2026-06-05T00:14:17.040+0000] {dag.py:3947} INFO - Setting next_dagrun for minio_to_snowflake to 2026-06-05 00:13:00+00:00, run_after=2026-06-05 00:14:00+00:00
[2026-06-05T00:14:17.063+0000] {processor.py:183} INFO - Processing /opt/airflow/dags/minio_to_snowflake.py took 1.062 seconds
[2026-06-05T00:14:47.246+0000] {processor.py:161} INFO - Started process (PID=99482) to work on /opt/airflow/dags/minio_to_snowflake.py
[2026-06-05T00:14:47.248+0000] {processor.py:830} INFO - Processing file /opt/airflow/dags/minio_to_snowflake.py for tasks to queue
[2026-06-05T00:14:47.251+0000] {logging_mixin.py:188} INFO - [2026-06-05T00:14:47.250+0000] {dagbag.py:545} INFO - Filling up the DagBag from /opt/airflow/dags/minio_to_snowflake.py
[2026-06-05T00:14:48.268+0000] {processor.py:840} INFO - DAG(s) 'minio_to_snowflake' retrieved from /opt/airflow/dags/minio_to_snowflake.py
[2026-06-05T00:14:48.301+0000] {logging_mixin.py:188} INFO - [2026-06-05T00:14:48.300+0000] {dag.py:3089} INFO - Sync 1 DAGs
[2026-06-05T00:14:48.330+0000] {logging_mixin.py:188} INFO - [2026-06-05T00:14:48.330+0000] {dag.py:3947} INFO - Setting next_dagrun for minio_to_snowflake to 2026-06-05 00:13:00+00:00, run_after=2026-06-05 00:14:00+00:00
[2026-06-05T00:14:48.353+0000] {processor.py:183} INFO - Processing /opt/airflow/dags/minio_to_snowflake.py took 1.117 seconds
[2026-06-05T00:15:18.599+0000] {processor.py:161} INFO - Started process (PID=99591) to work on /opt/airflow/dags/minio_to_snowflake.py
[2026-06-05T00:15:18.601+0000] {processor.py:830} INFO - Processing file /opt/airflow/dags/minio_to_snowflake.py for tasks to queue
[2026-06-05T00:15:18.604+0000] {logging_mixin.py:188} INFO - [2026-06-05T00:15:18.604+0000] {dagbag.py:545} INFO - Filling up the DagBag from /opt/airflow/dags/minio_to_snowflake.py
[2026-06-05T00:15:19.491+0000] {processor.py:840} INFO - DAG(s) 'minio_to_snowflake' retrieved from /opt/airflow/dags/minio_to_snowflake.py
[2026-06-05T00:15:19.521+0000] {logging_mixin.py:188} INFO - [2026-06-05T00:15:19.519+0000] {dag.py:3089} INFO - Sync 1 DAGs
[2026-06-05T00:15:19.554+0000] {logging_mixin.py:188} INFO - [2026-06-05T00:15:19.554+0000] {dag.py:3947} INFO - Setting next_dagrun for minio_to_snowflake to 2026-06-05 00:14:00+00:00, run_after=2026-06-05 00:15:00+00:00
[2026-06-05T00:15:19.576+0000] {processor.py:183} INFO - Processing /opt/airflow/dags/minio_to_snowflake.py took 0.985 seconds
[2026-06-05T00:15:49.857+0000] {processor.py:161} INFO - Started process (PID=99698) to work on /opt/airflow/dags/minio_to_snowflake.py
[2026-06-05T00:15:49.858+0000] {processor.py:830} INFO - Processing file /opt/airflow/dags/minio_to_snowflake.py for tasks to queue
[2026-06-05T00:15:49.861+0000] {logging_mixin.py:188} INFO - [2026-06-05T00:15:49.860+0000] {dagbag.py:545} INFO - Filling up the DagBag from /opt/airflow/dags/minio_to_snowflake.py
[2026-06-05T00:15:50.741+0000] {processor.py:840} INFO - DAG(s) 'minio_to_snowflake' retrieved from /opt/airflow/dags/minio_to_snowflake.py
[2026-06-05T00:15:50.772+0000] {logging_mixin.py:188} INFO - [2026-06-05T00:15:50.772+0000] {dag.py:3089} INFO - Sync 1 DAGs
[2026-06-05T00:15:50.800+0000] {logging_mixin.py:188} INFO - [2026-06-05T00:15:50.799+0000] {dag.py:3947} INFO - Setting next_dagrun for minio_to_snowflake to 2026-06-05 00:14:00+00:00, run_after=2026-06-05 00:15:00+00:00
[2026-06-05T00:15:50.827+0000] {processor.py:183} INFO - Processing /opt/airflow/dags/minio_to_snowflake.py took 0.978 seconds
[2026-06-05T00:16:21.097+0000] {processor.py:161} INFO - Started process (PID=99803) to work on /opt/airflow/dags/minio_to_snowflake.py
[2026-06-05T00:16:21.098+0000] {processor.py:830} INFO - Processing file /opt/airflow/dags/minio_to_snowflake.py for tasks to queue
[2026-06-05T00:16:21.101+0000] {logging_mixin.py:188} INFO - [2026-06-05T00:16:21.100+0000] {dagbag.py:545} INFO - Filling up the DagBag from /opt/airflow/dags/minio_to_snowflake.py
[2026-06-05T00:16:22.039+0000] {processor.py:840} INFO - DAG(s) 'minio_to_snowflake' retrieved from /opt/airflow/dags/minio_to_snowflake.py
[2026-06-05T00:16:22.074+0000] {logging_mixin.py:188} INFO - [2026-06-05T00:16:22.073+0000] {dag.py:3089} INFO - Sync 1 DAGs
[2026-06-05T00:16:22.103+0000] {logging_mixin.py:188} INFO - [2026-06-05T00:16:22.103+0000] {dag.py:3947} INFO - Setting next_dagrun for minio_to_snowflake to 2026-06-05 00:15:00+00:00, run_after=2026-06-05 00:16:00+00:00
[2026-06-05T00:16:22.124+0000] {processor.py:183} INFO - Processing /opt/airflow/dags/minio_to_snowflake.py took 1.035 seconds
[2026-06-05T00:16:52.353+0000] {processor.py:161} INFO - Started process (PID=1274) to work on /opt/airflow/dags/minio_to_snowflake.py
[2026-06-05T00:16:52.354+0000] {processor.py:830} INFO - Processing file /opt/airflow/dags/minio_to_snowflake.py for tasks to queue
[2026-06-05T00:16:52.357+0000] {logging_mixin.py:188} INFO - [2026-06-05T00:16:52.356+0000] {dagbag.py:545} INFO - Filling up the DagBag from /opt/airflow/dags/minio_to_snowflake.py
[2026-06-05T00:16:53.286+0000] {processor.py:840} INFO - DAG(s) 'minio_to_snowflake' retrieved from /opt/airflow/dags/minio_to_snowflake.py
[2026-06-05T00:16:53.334+0000] {logging_mixin.py:188} INFO - [2026-06-05T00:16:53.333+0000] {dag.py:3089} INFO - Sync 1 DAGs
[2026-06-05T00:16:53.376+0000] {logging_mixin.py:188} INFO - [2026-06-05T00:16:53.376+0000] {dag.py:3947} INFO - Setting next_dagrun for minio_to_snowflake to 2026-06-05 00:16:00+00:00, run_after=2026-06-05 00:17:00+00:00
[2026-06-05T00:16:53.401+0000] {processor.py:183} INFO - Processing /opt/airflow/dags/minio_to_snowflake.py took 1.056 seconds
[2026-06-05T00:17:23.643+0000] {processor.py:161} INFO - Started process (PID=1383) to work on /opt/airflow/dags/minio_to_snowflake.py
[2026-06-05T00:17:23.644+0000] {processor.py:830} INFO - Processing file /opt/airflow/dags/minio_to_snowflake.py for tasks to queue
[2026-06-05T00:17:23.647+0000] {logging_mixin.py:188} INFO - [2026-06-05T00:17:23.646+0000] {dagbag.py:545} INFO - Filling up the DagBag from /opt/airflow/dags/minio_to_snowflake.py
[2026-06-05T00:17:24.635+0000] {processor.py:840} INFO - DAG(s) 'minio_to_snowflake' retrieved from /opt/airflow/dags/minio_to_snowflake.py
[2026-06-05T00:17:24.665+0000] {logging_mixin.py:188} INFO - [2026-06-05T00:17:24.665+0000] {dag.py:3089} INFO - Sync 1 DAGs
[2026-06-05T00:17:24.688+0000] {logging_mixin.py:188} INFO - [2026-06-05T00:17:24.688+0000] {dag.py:3947} INFO - Setting next_dagrun for minio_to_snowflake to 2026-06-05 00:16:00+00:00, run_after=2026-06-05 00:17:00+00:00
[2026-06-05T00:17:24.707+0000] {processor.py:183} INFO - Processing /opt/airflow/dags/minio_to_snowflake.py took 1.073 seconds
[2026-06-05T00:17:54.957+0000] {processor.py:161} INFO - Started process (PID=1491) to work on /opt/airflow/dags/minio_to_snowflake.py
[2026-06-05T00:17:54.959+0000] {processor.py:830} INFO - Processing file /opt/airflow/dags/minio_to_snowflake.py for tasks to queue
[2026-06-05T00:17:54.963+0000] {logging_mixin.py:188} INFO - [2026-06-05T00:17:54.962+0000] {dagbag.py:545} INFO - Filling up the DagBag from /opt/airflow/dags/minio_to_snowflake.py
[2026-06-05T00:17:56.170+0000] {processor.py:840} INFO - DAG(s) 'minio_to_snowflake' retrieved from /opt/airflow/dags/minio_to_snowflake.py
[2026-06-05T00:17:56.202+0000] {logging_mixin.py:188} INFO - [2026-06-05T00:17:56.201+0000] {dag.py:3089} INFO - Sync 1 DAGs
[2026-06-05T00:17:56.229+0000] {logging_mixin.py:188} INFO - [2026-06-05T00:17:56.229+0000] {dag.py:3947} INFO - Setting next_dagrun for minio_to_snowflake to 2026-06-05 00:16:00+00:00, run_after=2026-06-05 00:17:00+00:00
[2026-06-05T00:17:56.254+0000] {processor.py:183} INFO - Processing /opt/airflow/dags/minio_to_snowflake.py took 1.306 seconds
[2026-06-05T00:18:26.541+0000] {processor.py:161} INFO - Started process (PID=1600) to work on /opt/airflow/dags/minio_to_snowflake.py
[2026-06-05T00:18:26.542+0000] {processor.py:830} INFO - Processing file /opt/airflow/dags/minio_to_snowflake.py for tasks to queue
[2026-06-05T00:18:26.545+0000] {logging_mixin.py:188} INFO - [2026-06-05T00:18:26.544+0000] {dagbag.py:545} INFO - Filling up the DagBag from /opt/airflow/dags/minio_to_snowflake.py
[2026-06-05T00:18:27.551+0000] {processor.py:840} INFO - DAG(s) 'minio_to_snowflake' retrieved from /opt/airflow/dags/minio_to_snowflake.py
[2026-06-05T00:18:27.582+0000] {logging_mixin.py:188} INFO - [2026-06-05T00:18:27.581+0000] {dag.py:3089} INFO - Sync 1 DAGs
[2026-06-05T00:18:27.613+0000] {logging_mixin.py:188} INFO - [2026-06-05T00:18:27.613+0000] {dag.py:3947} INFO - Setting next_dagrun for minio_to_snowflake to 2026-06-05 00:17:00+00:00, run_after=2026-06-05 00:18:00+00:00
[2026-06-05T00:18:27.636+0000] {processor.py:183} INFO - Processing /opt/airflow/dags/minio_to_snowflake.py took 1.105 seconds
[2026-06-05T00:18:57.745+0000] {processor.py:161} INFO - Started process (PID=1708) to work on /opt/airflow/dags/minio_to_snowflake.py
[2026-06-05T00:18:57.746+0000] {processor.py:830} INFO - Processing file /opt/airflow/dags/minio_to_snowflake.py for tasks to queue
[2026-06-05T00:18:57.753+0000] {logging_mixin.py:188} INFO - [2026-06-05T00:18:57.753+0000] {dagbag.py:545} INFO - Filling up the DagBag from /opt/airflow/dags/minio_to_snowflake.py
[2026-06-05T00:18:58.735+0000] {processor.py:840} INFO - DAG(s) 'minio_to_snowflake' retrieved from /opt/airflow/dags/minio_to_snowflake.py
[2026-06-05T00:18:58.766+0000] {logging_mixin.py:188} INFO - [2026-06-05T00:18:58.765+0000] {dag.py:3089} INFO - Sync 1 DAGs
[2026-06-05T00:18:58.798+0000] {logging_mixin.py:188} INFO - [2026-06-05T00:18:58.798+0000] {dag.py:3947} INFO - Setting next_dagrun for minio_to_snowflake to 2026-06-05 00:17:00+00:00, run_after=2026-06-05 00:18:00+00:00
[2026-06-05T00:18:58.828+0000] {processor.py:183} INFO - Processing /opt/airflow/dags/minio_to_snowflake.py took 1.093 seconds
[2026-06-05T00:19:28.955+0000] {processor.py:161} INFO - Started process (PID=1816) to work on /opt/airflow/dags/minio_to_snowflake.py
[2026-06-05T00:19:28.956+0000] {processor.py:830} INFO - Processing file /opt/airflow/dags/minio_to_snowflake.py for tasks to queue
[2026-06-05T00:19:28.958+0000] {logging_mixin.py:188} INFO - [2026-06-05T00:19:28.958+0000] {dagbag.py:545} INFO - Filling up the DagBag from /opt/airflow/dags/minio_to_snowflake.py
[2026-06-05T00:19:29.906+0000] {processor.py:840} INFO - DAG(s) 'minio_to_snowflake' retrieved from /opt/airflow/dags/minio_to_snowflake.py
[2026-06-05T00:19:29.935+0000] {logging_mixin.py:188} INFO - [2026-06-05T00:19:29.935+0000] {dag.py:3089} INFO - Sync 1 DAGs
[2026-06-05T00:19:29.966+0000] {logging_mixin.py:188} INFO - [2026-06-05T00:19:29.965+0000] {dag.py:3947} INFO - Setting next_dagrun for minio_to_snowflake to 2026-06-05 00:18:00+00:00, run_after=2026-06-05 00:19:00+00:00
[2026-06-05T00:19:29.988+0000] {processor.py:183} INFO - Processing /opt/airflow/dags/minio_to_snowflake.py took 1.041 seconds
[2026-06-05T00:20:00.228+0000] {processor.py:161} INFO - Started process (PID=2989) to work on /opt/airflow/dags/minio_to_snowflake.py
[2026-06-05T00:20:00.229+0000] {processor.py:830} INFO - Processing file /opt/airflow/dags/minio_to_snowflake.py for tasks to queue
[2026-06-05T00:20:00.232+0000] {logging_mixin.py:188} INFO - [2026-06-05T00:20:00.231+0000] {dagbag.py:545} INFO - Filling up the DagBag from /opt/airflow/dags/minio_to_snowflake.py
[2026-06-05T00:20:01.160+0000] {processor.py:840} INFO - DAG(s) 'minio_to_snowflake' retrieved from /opt/airflow/dags/minio_to_snowflake.py
[2026-06-05T00:20:01.193+0000] {logging_mixin.py:188} INFO - [2026-06-05T00:20:01.190+0000] {dag.py:3089} INFO - Sync 1 DAGs
[2026-06-05T00:20:01.218+0000] {logging_mixin.py:188} INFO - [2026-06-05T00:20:01.218+0000] {dag.py:3947} INFO - Setting next_dagrun for minio_to_snowflake to 2026-06-05 00:19:00+00:00, run_after=2026-06-05 00:20:00+00:00
[2026-06-05T00:20:01.238+0000] {processor.py:183} INFO - Processing /opt/airflow/dags/minio_to_snowflake.py took 1.018 seconds
[2026-06-05T00:20:31.473+0000] {processor.py:161} INFO - Started process (PID=3083) to work on /opt/airflow/dags/minio_to_snowflake.py
[2026-06-05T00:20:31.475+0000] {processor.py:830} INFO - Processing file /opt/airflow/dags/minio_to_snowflake.py for tasks to queue
[2026-06-05T00:20:31.477+0000] {logging_mixin.py:188} INFO - [2026-06-05T00:20:31.477+0000] {dagbag.py:545} INFO - Filling up the DagBag from /opt/airflow/dags/minio_to_snowflake.py
[2026-06-05T00:20:32.368+0000] {processor.py:840} INFO - DAG(s) 'minio_to_snowflake' retrieved from /opt/airflow/dags/minio_to_snowflake.py
[2026-06-05T00:20:32.399+0000] {logging_mixin.py:188} INFO - [2026-06-05T00:20:32.399+0000] {dag.py:3089} INFO - Sync 1 DAGs
[2026-06-05T00:20:32.423+0000] {logging_mixin.py:188} INFO - [2026-06-05T00:20:32.423+0000] {dag.py:3947} INFO - Setting next_dagrun for minio_to_snowflake to 2026-06-05 00:19:00+00:00, run_after=2026-06-05 00:20:00+00:00
[2026-06-05T00:20:32.445+0000] {processor.py:183} INFO - Processing /opt/airflow/dags/minio_to_snowflake.py took 0.979 seconds
[2026-06-05T00:21:02.752+0000] {processor.py:161} INFO - Started process (PID=3193) to work on /opt/airflow/dags/minio_to_snowflake.py
[2026-06-05T00:21:02.754+0000] {processor.py:830} INFO - Processing file /opt/airflow/dags/minio_to_snowflake.py for tasks to queue
[2026-06-05T00:21:02.757+0000] {logging_mixin.py:188} INFO - [2026-06-05T00:21:02.756+0000] {dagbag.py:545} INFO - Filling up the DagBag from /opt/airflow/dags/minio_to_snowflake.py
[2026-06-05T00:21:03.779+0000] {processor.py:840} INFO - DAG(s) 'minio_to_snowflake' retrieved from /opt/airflow/dags/minio_to_snowflake.py
[2026-06-05T00:21:03.811+0000] {logging_mixin.py:188} INFO - [2026-06-05T00:21:03.810+0000] {dag.py:3089} INFO - Sync 1 DAGs
[2026-06-05T00:21:03.845+0000] {logging_mixin.py:188} INFO - [2026-06-05T00:21:03.845+0000] {dag.py:3947} INFO - Setting next_dagrun for minio_to_snowflake to 2026-06-05 00:20:00+00:00, run_after=2026-06-05 00:21:00+00:00
[2026-06-05T00:21:03.870+0000] {processor.py:183} INFO - Processing /opt/airflow/dags/minio_to_snowflake.py took 1.124 seconds
[2026-06-05T00:21:34.015+0000] {processor.py:161} INFO - Started process (PID=3301) to work on /opt/airflow/dags/minio_to_snowflake.py
[2026-06-05T00:21:34.017+0000] {processor.py:830} INFO - Processing file /opt/airflow/dags/minio_to_snowflake.py for tasks to queue
[2026-06-05T00:21:34.024+0000] {logging_mixin.py:188} INFO - [2026-06-05T00:21:34.021+0000] {dagbag.py:545} INFO - Filling up the DagBag from /opt/airflow/dags/minio_to_snowflake.py
[2026-06-05T00:21:34.974+0000] {processor.py:840} INFO - DAG(s) 'minio_to_snowflake' retrieved from /opt/airflow/dags/minio_to_snowflake.py
[2026-06-05T00:21:35.003+0000] {logging_mixin.py:188} INFO - [2026-06-05T00:21:35.002+0000] {dag.py:3089} INFO - Sync 1 DAGs
[2026-06-05T00:21:35.029+0000] {logging_mixin.py:188} INFO - [2026-06-05T00:21:35.028+0000] {dag.py:3947} INFO - Setting next_dagrun for minio_to_snowflake to 2026-06-05 00:20:00+00:00, run_after=2026-06-05 00:21:00+00:00
[2026-06-05T00:21:35.055+0000] {processor.py:183} INFO - Processing /opt/airflow/dags/minio_to_snowflake.py took 1.048 seconds
[2026-06-05T00:22:05.236+0000] {processor.py:161} INFO - Started process (PID=3406) to work on /opt/airflow/dags/minio_to_snowflake.py
[2026-06-05T00:22:05.237+0000] {processor.py:830} INFO - Processing file /opt/airflow/dags/minio_to_snowflake.py for tasks to queue
[2026-06-05T00:22:05.239+0000] {logging_mixin.py:188} INFO - [2026-06-05T00:22:05.239+0000] {dagbag.py:545} INFO - Filling up the DagBag from /opt/airflow/dags/minio_to_snowflake.py
[2026-06-05T00:22:06.195+0000] {processor.py:840} INFO - DAG(s) 'minio_to_snowflake' retrieved from /opt/airflow/dags/minio_to_snowflake.py
[2026-06-05T00:22:06.225+0000] {logging_mixin.py:188} INFO - [2026-06-05T00:22:06.225+0000] {dag.py:3089} INFO - Sync 1 DAGs
[2026-06-05T00:22:06.254+0000] {logging_mixin.py:188} INFO - [2026-06-05T00:22:06.253+0000] {dag.py:3947} INFO - Setting next_dagrun for minio_to_snowflake to 2026-06-05 00:21:00+00:00, run_after=2026-06-05 00:22:00+00:00
[2026-06-05T00:22:06.282+0000] {processor.py:183} INFO - Processing /opt/airflow/dags/minio_to_snowflake.py took 1.054 seconds
[2026-06-05T00:22:36.534+0000] {processor.py:161} INFO - Started process (PID=3512) to work on /opt/airflow/dags/minio_to_snowflake.py
[2026-06-05T00:22:36.535+0000] {processor.py:830} INFO - Processing file /opt/airflow/dags/minio_to_snowflake.py for tasks to queue
[2026-06-05T00:22:36.538+0000] {logging_mixin.py:188} INFO - [2026-06-05T00:22:36.538+0000] {dagbag.py:545} INFO - Filling up the DagBag from /opt/airflow/dags/minio_to_snowflake.py
[2026-06-05T00:22:37.472+0000] {processor.py:840} INFO - DAG(s) 'minio_to_snowflake' retrieved from /opt/airflow/dags/minio_to_snowflake.py
[2026-06-05T00:22:37.506+0000] {logging_mixin.py:188} INFO - [2026-06-05T00:22:37.504+0000] {dag.py:3089} INFO - Sync 1 DAGs
[2026-06-05T00:22:37.535+0000] {logging_mixin.py:188} INFO - [2026-06-05T00:22:37.535+0000] {dag.py:3947} INFO - Setting next_dagrun for minio_to_snowflake to 2026-06-05 00:21:00+00:00, run_after=2026-06-05 00:22:00+00:00
[2026-06-05T00:22:37.558+0000] {processor.py:183} INFO - Processing /opt/airflow/dags/minio_to_snowflake.py took 1.031 seconds
[2026-06-05T00:23:07.783+0000] {processor.py:161} INFO - Started process (PID=4682) to work on /opt/airflow/dags/minio_to_snowflake.py
[2026-06-05T00:23:07.789+0000] {processor.py:830} INFO - Processing file /opt/airflow/dags/minio_to_snowflake.py for tasks to queue
[2026-06-05T00:23:07.793+0000] {logging_mixin.py:188} INFO - [2026-06-05T00:23:07.792+0000] {dagbag.py:545} INFO - Filling up the DagBag from /opt/airflow/dags/minio_to_snowflake.py
[2026-06-05T00:23:08.701+0000] {processor.py:840} INFO - DAG(s) 'minio_to_snowflake' retrieved from /opt/airflow/dags/minio_to_snowflake.py
[2026-06-05T00:23:08.734+0000] {logging_mixin.py:188} INFO - [2026-06-05T00:23:08.732+0000] {dag.py:3089} INFO - Sync 1 DAGs
[2026-06-05T00:23:08.760+0000] {logging_mixin.py:188} INFO - [2026-06-05T00:23:08.760+0000] {dag.py:3947} INFO - Setting next_dagrun for minio_to_snowflake to 2026-06-05 00:22:00+00:00, run_after=2026-06-05 00:23:00+00:00
[2026-06-05T00:23:08.788+0000] {processor.py:183} INFO - Processing /opt/airflow/dags/minio_to_snowflake.py took 1.013 seconds
[2026-06-05T00:23:39.112+0000] {processor.py:161} INFO - Started process (PID=4790) to work on /opt/airflow/dags/minio_to_snowflake.py
[2026-06-05T00:23:39.114+0000] {processor.py:830} INFO - Processing file /opt/airflow/dags/minio_to_snowflake.py for tasks to queue
[2026-06-05T00:23:39.117+0000] {logging_mixin.py:188} INFO - [2026-06-05T00:23:39.116+0000] {dagbag.py:545} INFO - Filling up the DagBag from /opt/airflow/dags/minio_to_snowflake.py
[2026-06-05T00:23:40.054+0000] {processor.py:840} INFO - DAG(s) 'minio_to_snowflake' retrieved from /opt/airflow/dags/minio_to_snowflake.py
[2026-06-05T00:23:40.084+0000] {logging_mixin.py:188} INFO - [2026-06-05T00:23:40.083+0000] {dag.py:3089} INFO - Sync 1 DAGs
[2026-06-05T00:23:40.110+0000] {logging_mixin.py:188} INFO - [2026-06-05T00:23:40.109+0000] {dag.py:3947} INFO - Setting next_dagrun for minio_to_snowflake to 2026-06-05 00:22:00+00:00, run_after=2026-06-05 00:23:00+00:00
[2026-06-05T00:23:40.131+0000] {processor.py:183} INFO - Processing /opt/airflow/dags/minio_to_snowflake.py took 1.027 seconds
[2026-06-05T00:24:10.387+0000] {processor.py:161} INFO - Started process (PID=4903) to work on /opt/airflow/dags/minio_to_snowflake.py
[2026-06-05T00:24:10.388+0000] {processor.py:830} INFO - Processing file /opt/airflow/dags/minio_to_snowflake.py for tasks to queue
[2026-06-05T00:24:10.391+0000] {logging_mixin.py:188} INFO - [2026-06-05T00:24:10.390+0000] {dagbag.py:545} INFO - Filling up the DagBag from /opt/airflow/dags/minio_to_snowflake.py
[2026-06-05T00:24:11.291+0000] {processor.py:840} INFO - DAG(s) 'minio_to_snowflake' retrieved from /opt/airflow/dags/minio_to_snowflake.py
[2026-06-05T00:24:11.325+0000] {logging_mixin.py:188} INFO - [2026-06-05T00:24:11.324+0000] {dag.py:3089} INFO - Sync 1 DAGs
[2026-06-05T00:24:11.356+0000] {logging_mixin.py:188} INFO - [2026-06-05T00:24:11.355+0000] {dag.py:3947} INFO - Setting next_dagrun for minio_to_snowflake to 2026-06-05 00:23:00+00:00, run_after=2026-06-05 00:24:00+00:00
[2026-06-05T00:24:11.382+0000] {processor.py:183} INFO - Processing /opt/airflow/dags/minio_to_snowflake.py took 1.004 seconds
[2026-06-05T00:24:41.682+0000] {processor.py:161} INFO - Started process (PID=5018) to work on /opt/airflow/dags/minio_to_snowflake.py
[2026-06-05T00:24:41.684+0000] {processor.py:830} INFO - Processing file /opt/airflow/dags/minio_to_snowflake.py for tasks to queue
[2026-06-05T00:24:41.686+0000] {logging_mixin.py:188} INFO - [2026-06-05T00:24:41.686+0000] {dagbag.py:545} INFO - Filling up the DagBag from /opt/airflow/dags/minio_to_snowflake.py
[2026-06-05T00:24:42.584+0000] {processor.py:840} INFO - DAG(s) 'minio_to_snowflake' retrieved from /opt/airflow/dags/minio_to_snowflake.py
[2026-06-05T00:24:42.623+0000] {logging_mixin.py:188} INFO - [2026-06-05T00:24:42.622+0000] {dag.py:3089} INFO - Sync 1 DAGs
[2026-06-05T00:24:42.654+0000] {logging_mixin.py:188} INFO - [2026-06-05T00:24:42.654+0000] {dag.py:3947} INFO - Setting next_dagrun for minio_to_snowflake to 2026-06-05 00:23:00+00:00, run_after=2026-06-05 00:24:00+00:00
[2026-06-05T00:24:42.680+0000] {processor.py:183} INFO - Processing /opt/airflow/dags/minio_to_snowflake.py took 1.005 seconds
[2026-06-05T00:25:12.979+0000] {processor.py:161} INFO - Started process (PID=5130) to work on /opt/airflow/dags/minio_to_snowflake.py
[2026-06-05T00:25:12.991+0000] {processor.py:830} INFO - Processing file /opt/airflow/dags/minio_to_snowflake.py for tasks to queue
[2026-06-05T00:25:12.996+0000] {logging_mixin.py:188} INFO - [2026-06-05T00:25:12.995+0000] {dagbag.py:545} INFO - Filling up the DagBag from /opt/airflow/dags/minio_to_snowflake.py
[2026-06-05T00:25:14.443+0000] {processor.py:840} INFO - DAG(s) 'minio_to_snowflake' retrieved from /opt/airflow/dags/minio_to_snowflake.py
[2026-06-05T00:25:14.472+0000] {logging_mixin.py:188} INFO - [2026-06-05T00:25:14.472+0000] {dag.py:3089} INFO - Sync 1 DAGs
[2026-06-05T00:25:14.501+0000] {logging_mixin.py:188} INFO - [2026-06-05T00:25:14.501+0000] {dag.py:3947} INFO - Setting next_dagrun for minio_to_snowflake to 2026-06-05 00:24:00+00:00, run_after=2026-06-05 00:25:00+00:00
[2026-06-05T00:25:14.525+0000] {processor.py:183} INFO - Processing /opt/airflow/dags/minio_to_snowflake.py took 1.557 seconds
[2026-06-05T00:25:44.810+0000] {processor.py:161} INFO - Started process (PID=5229) to work on /opt/airflow/dags/minio_to_snowflake.py
[2026-06-05T00:25:44.812+0000] {processor.py:830} INFO - Processing file /opt/airflow/dags/minio_to_snowflake.py for tasks to queue
[2026-06-05T00:25:44.815+0000] {logging_mixin.py:188} INFO - [2026-06-05T00:25:44.814+0000] {dagbag.py:545} INFO - Filling up the DagBag from /opt/airflow/dags/minio_to_snowflake.py
[2026-06-05T00:25:45.901+0000] {processor.py:840} INFO - DAG(s) 'minio_to_snowflake' retrieved from /opt/airflow/dags/minio_to_snowflake.py
[2026-06-05T00:25:45.938+0000] {logging_mixin.py:188} INFO - [2026-06-05T00:25:45.937+0000] {dag.py:3089} INFO - Sync 1 DAGs
[2026-06-05T00:25:45.968+0000] {logging_mixin.py:188} INFO - [2026-06-05T00:25:45.968+0000] {dag.py:3947} INFO - Setting next_dagrun for minio_to_snowflake to 2026-06-05 00:25:00+00:00, run_after=2026-06-05 00:26:00+00:00
[2026-06-05T00:25:45.994+0000] {processor.py:183} INFO - Processing /opt/airflow/dags/minio_to_snowflake.py took 1.194 seconds
[2026-06-05T00:26:16.227+0000] {processor.py:161} INFO - Started process (PID=6412) to work on /opt/airflow/dags/minio_to_snowflake.py
[2026-06-05T00:26:16.228+0000] {processor.py:830} INFO - Processing file /opt/airflow/dags/minio_to_snowflake.py for tasks to queue
[2026-06-05T00:26:16.230+0000] {logging_mixin.py:188} INFO - [2026-06-05T00:26:16.230+0000] {dagbag.py:545} INFO - Filling up the DagBag from /opt/airflow/dags/minio_to_snowflake.py
[2026-06-05T00:26:17.190+0000] {processor.py:840} INFO - DAG(s) 'minio_to_snowflake' retrieved from /opt/airflow/dags/minio_to_snowflake.py
[2026-06-05T00:26:17.220+0000] {logging_mixin.py:188} INFO - [2026-06-05T00:26:17.219+0000] {dag.py:3089} INFO - Sync 1 DAGs
[2026-06-05T00:26:17.248+0000] {logging_mixin.py:188} INFO - [2026-06-05T00:26:17.248+0000] {dag.py:3947} INFO - Setting next_dagrun for minio_to_snowflake to 2026-06-05 00:25:00+00:00, run_after=2026-06-05 00:26:00+00:00
[2026-06-05T00:26:17.268+0000] {processor.py:183} INFO - Processing /opt/airflow/dags/minio_to_snowflake.py took 1.049 seconds
[2026-06-05T00:26:47.462+0000] {processor.py:161} INFO - Started process (PID=6525) to work on /opt/airflow/dags/minio_to_snowflake.py
[2026-06-05T00:26:47.463+0000] {processor.py:830} INFO - Processing file /opt/airflow/dags/minio_to_snowflake.py for tasks to queue
[2026-06-05T00:26:47.466+0000] {logging_mixin.py:188} INFO - [2026-06-05T00:26:47.466+0000] {dagbag.py:545} INFO - Filling up the DagBag from /opt/airflow/dags/minio_to_snowflake.py
[2026-06-05T00:26:48.440+0000] {processor.py:840} INFO - DAG(s) 'minio_to_snowflake' retrieved from /opt/airflow/dags/minio_to_snowflake.py
[2026-06-05T00:26:48.469+0000] {logging_mixin.py:188} INFO - [2026-06-05T00:26:48.469+0000] {dag.py:3089} INFO - Sync 1 DAGs
[2026-06-05T00:26:48.494+0000] {logging_mixin.py:188} INFO - [2026-06-05T00:26:48.494+0000] {dag.py:3947} INFO - Setting next_dagrun for minio_to_snowflake to 2026-06-05 00:25:00+00:00, run_after=2026-06-05 00:26:00+00:00
[2026-06-05T00:26:48.514+0000] {processor.py:183} INFO - Processing /opt/airflow/dags/minio_to_snowflake.py took 1.062 seconds
[2026-06-05T00:27:18.822+0000] {processor.py:161} INFO - Started process (PID=6637) to work on /opt/airflow/dags/minio_to_snowflake.py
[2026-06-05T00:27:18.824+0000] {processor.py:830} INFO - Processing file /opt/airflow/dags/minio_to_snowflake.py for tasks to queue
[2026-06-05T00:27:18.828+0000] {logging_mixin.py:188} INFO - [2026-06-05T00:27:18.827+0000] {dagbag.py:545} INFO - Filling up the DagBag from /opt/airflow/dags/minio_to_snowflake.py
[2026-06-05T00:27:19.709+0000] {processor.py:840} INFO - DAG(s) 'minio_to_snowflake' retrieved from /opt/airflow/dags/minio_to_snowflake.py
[2026-06-05T00:27:19.739+0000] {logging_mixin.py:188} INFO - [2026-06-05T00:27:19.738+0000] {dag.py:3089} INFO - Sync 1 DAGs
[2026-06-05T00:27:19.764+0000] {logging_mixin.py:188} INFO - [2026-06-05T00:27:19.764+0000] {dag.py:3947} INFO - Setting next_dagrun for minio_to_snowflake to 2026-06-05 00:26:00+00:00, run_after=2026-06-05 00:27:00+00:00
[2026-06-05T00:27:19.787+0000] {processor.py:183} INFO - Processing /opt/airflow/dags/minio_to_snowflake.py took 0.975 seconds
[2026-06-05T00:27:50.091+0000] {processor.py:161} INFO - Started process (PID=6754) to work on /opt/airflow/dags/minio_to_snowflake.py
[2026-06-05T00:27:50.093+0000] {processor.py:830} INFO - Processing file /opt/airflow/dags/minio_to_snowflake.py for tasks to queue
[2026-06-05T00:27:50.096+0000] {logging_mixin.py:188} INFO - [2026-06-05T00:27:50.095+0000] {dagbag.py:545} INFO - Filling up the DagBag from /opt/airflow/dags/minio_to_snowflake.py
[2026-06-05T00:27:51.030+0000] {processor.py:840} INFO - DAG(s) 'minio_to_snowflake' retrieved from /opt/airflow/dags/minio_to_snowflake.py
[2026-06-05T00:27:51.067+0000] {logging_mixin.py:188} INFO - [2026-06-05T00:27:51.066+0000] {dag.py:3089} INFO - Sync 1 DAGs
[2026-06-05T00:27:51.103+0000] {logging_mixin.py:188} INFO - [2026-06-05T00:27:51.103+0000] {dag.py:3947} INFO - Setting next_dagrun for minio_to_snowflake to 2026-06-05 00:26:00+00:00, run_after=2026-06-05 00:27:00+00:00
[2026-06-05T00:27:51.126+0000] {processor.py:183} INFO - Processing /opt/airflow/dags/minio_to_snowflake.py took 1.042 seconds
[2026-06-05T00:28:21.333+0000] {processor.py:161} INFO - Started process (PID=6866) to work on /opt/airflow/dags/minio_to_snowflake.py
[2026-06-05T00:28:21.335+0000] {processor.py:830} INFO - Processing file /opt/airflow/dags/minio_to_snowflake.py for tasks to queue
[2026-06-05T00:28:21.337+0000] {logging_mixin.py:188} INFO - [2026-06-05T00:28:21.336+0000] {dagbag.py:545} INFO - Filling up the DagBag from /opt/airflow/dags/minio_to_snowflake.py
[2026-06-05T00:28:22.253+0000] {processor.py:840} INFO - DAG(s) 'minio_to_snowflake' retrieved from /opt/airflow/dags/minio_to_snowflake.py
[2026-06-05T00:28:22.290+0000] {logging_mixin.py:188} INFO - [2026-06-05T00:28:22.285+0000] {dag.py:3089} INFO - Sync 1 DAGs
[2026-06-05T00:28:22.318+0000] {logging_mixin.py:188} INFO - [2026-06-05T00:28:22.318+0000] {dag.py:3947} INFO - Setting next_dagrun for minio_to_snowflake to 2026-06-05 00:27:00+00:00, run_after=2026-06-05 00:28:00+00:00
[2026-06-05T00:28:22.343+0000] {processor.py:183} INFO - Processing /opt/airflow/dags/minio_to_snowflake.py took 1.018 seconds
[2026-06-05T00:28:52.590+0000] {processor.py:161} INFO - Started process (PID=8050) to work on /opt/airflow/dags/minio_to_snowflake.py
[2026-06-05T00:28:52.592+0000] {processor.py:830} INFO - Processing file /opt/airflow/dags/minio_to_snowflake.py for tasks to queue
[2026-06-05T00:28:52.594+0000] {logging_mixin.py:188} INFO - [2026-06-05T00:28:52.594+0000] {dagbag.py:545} INFO - Filling up the DagBag from /opt/airflow/dags/minio_to_snowflake.py
[2026-06-05T00:28:53.577+0000] {processor.py:840} INFO - DAG(s) 'minio_to_snowflake' retrieved from /opt/airflow/dags/minio_to_snowflake.py
[2026-06-05T00:28:53.620+0000] {logging_mixin.py:188} INFO - [2026-06-05T00:28:53.620+0000] {dag.py:3089} INFO - Sync 1 DAGs
[2026-06-05T00:28:53.677+0000] {logging_mixin.py:188} INFO - [2026-06-05T00:28:53.677+0000] {dag.py:3947} INFO - Setting next_dagrun for minio_to_snowflake to 2026-06-05 00:28:00+00:00, run_after=2026-06-05 00:29:00+00:00
[2026-06-05T00:28:53.718+0000] {processor.py:183} INFO - Processing /opt/airflow/dags/minio_to_snowflake.py took 1.141 seconds
[2026-06-05T00:29:23.880+0000] {processor.py:161} INFO - Started process (PID=8150) to work on /opt/airflow/dags/minio_to_snowflake.py
[2026-06-05T00:29:23.882+0000] {processor.py:830} INFO - Processing file /opt/airflow/dags/minio_to_snowflake.py for tasks to queue
[2026-06-05T00:29:23.885+0000] {logging_mixin.py:188} INFO - [2026-06-05T00:29:23.884+0000] {dagbag.py:545} INFO - Filling up the DagBag from /opt/airflow/dags/minio_to_snowflake.py
[2026-06-05T00:29:24.886+0000] {processor.py:840} INFO - DAG(s) 'minio_to_snowflake' retrieved from /opt/airflow/dags/minio_to_snowflake.py
[2026-06-05T00:29:24.918+0000] {logging_mixin.py:188} INFO - [2026-06-05T00:29:24.917+0000] {dag.py:3089} INFO - Sync 1 DAGs
[2026-06-05T00:29:24.942+0000] {logging_mixin.py:188} INFO - [2026-06-05T00:29:24.942+0000] {dag.py:3947} INFO - Setting next_dagrun for minio_to_snowflake to 2026-06-05 00:28:00+00:00, run_after=2026-06-05 00:29:00+00:00
[2026-06-05T00:29:24.963+0000] {processor.py:183} INFO - Processing /opt/airflow/dags/minio_to_snowflake.py took 1.092 seconds
[2026-06-05T00:29:55.226+0000] {processor.py:161} INFO - Started process (PID=8266) to work on /opt/airflow/dags/minio_to_snowflake.py
[2026-06-05T00:29:55.228+0000] {processor.py:830} INFO - Processing file /opt/airflow/dags/minio_to_snowflake.py for tasks to queue
[2026-06-05T00:29:55.230+0000] {logging_mixin.py:188} INFO - [2026-06-05T00:29:55.230+0000] {dagbag.py:545} INFO - Filling up the DagBag from /opt/airflow/dags/minio_to_snowflake.py
[2026-06-05T00:29:56.269+0000] {processor.py:840} INFO - DAG(s) 'minio_to_snowflake' retrieved from /opt/airflow/dags/minio_to_snowflake.py
[2026-06-05T00:29:56.316+0000] {logging_mixin.py:188} INFO - [2026-06-05T00:29:56.315+0000] {dag.py:3089} INFO - Sync 1 DAGs
[2026-06-05T00:29:56.345+0000] {logging_mixin.py:188} INFO - [2026-06-05T00:29:56.344+0000] {dag.py:3947} INFO - Setting next_dagrun for minio_to_snowflake to 2026-06-05 00:28:00+00:00, run_after=2026-06-05 00:29:00+00:00
[2026-06-05T00:29:56.368+0000] {processor.py:183} INFO - Processing /opt/airflow/dags/minio_to_snowflake.py took 1.150 seconds
[2026-06-05T00:30:26.462+0000] {processor.py:161} INFO - Started process (PID=8374) to work on /opt/airflow/dags/minio_to_snowflake.py
[2026-06-05T00:30:26.463+0000] {processor.py:830} INFO - Processing file /opt/airflow/dags/minio_to_snowflake.py for tasks to queue
[2026-06-05T00:30:26.466+0000] {logging_mixin.py:188} INFO - [2026-06-05T00:30:26.465+0000] {dagbag.py:545} INFO - Filling up the DagBag from /opt/airflow/dags/minio_to_snowflake.py
[2026-06-05T00:30:27.488+0000] {processor.py:840} INFO - DAG(s) 'minio_to_snowflake' retrieved from /opt/airflow/dags/minio_to_snowflake.py
[2026-06-05T00:30:27.516+0000] {logging_mixin.py:188} INFO - [2026-06-05T00:30:27.515+0000] {dag.py:3089} INFO - Sync 1 DAGs
[2026-06-05T00:30:27.546+0000] {logging_mixin.py:188} INFO - [2026-06-05T00:30:27.545+0000] {dag.py:3947} INFO - Setting next_dagrun for minio_to_snowflake to 2026-06-05 00:29:00+00:00, run_after=2026-06-05 00:30:00+00:00
[2026-06-05T00:30:27.568+0000] {processor.py:183} INFO - Processing /opt/airflow/dags/minio_to_snowflake.py took 1.113 seconds
[2026-06-05T00:30:57.729+0000] {processor.py:161} INFO - Started process (PID=8486) to work on /opt/airflow/dags/minio_to_snowflake.py
[2026-06-05T00:30:57.732+0000] {processor.py:830} INFO - Processing file /opt/airflow/dags/minio_to_snowflake.py for tasks to queue
[2026-06-05T00:30:57.734+0000] {logging_mixin.py:188} INFO - [2026-06-05T00:30:57.734+0000] {dagbag.py:545} INFO - Filling up the DagBag from /opt/airflow/dags/minio_to_snowflake.py
[2026-06-05T00:30:58.671+0000] {processor.py:840} INFO - DAG(s) 'minio_to_snowflake' retrieved from /opt/airflow/dags/minio_to_snowflake.py
[2026-06-05T00:30:58.701+0000] {logging_mixin.py:188} INFO - [2026-06-05T00:30:58.701+0000] {dag.py:3089} INFO - Sync 1 DAGs
[2026-06-05T00:30:58.730+0000] {logging_mixin.py:188} INFO - [2026-06-05T00:30:58.730+0000] {dag.py:3947} INFO - Setting next_dagrun for minio_to_snowflake to 2026-06-05 00:29:00+00:00, run_after=2026-06-05 00:30:00+00:00
[2026-06-05T00:30:58.752+0000] {processor.py:183} INFO - Processing /opt/airflow/dags/minio_to_snowflake.py took 1.031 seconds
[2026-06-05T00:31:28.978+0000] {processor.py:161} INFO - Started process (PID=8589) to work on /opt/airflow/dags/minio_to_snowflake.py
[2026-06-05T00:31:28.979+0000] {processor.py:830} INFO - Processing file /opt/airflow/dags/minio_to_snowflake.py for tasks to queue
[2026-06-05T00:31:28.981+0000] {logging_mixin.py:188} INFO - [2026-06-05T00:31:28.981+0000] {dagbag.py:545} INFO - Filling up the DagBag from /opt/airflow/dags/minio_to_snowflake.py
[2026-06-05T00:31:29.844+0000] {processor.py:840} INFO - DAG(s) 'minio_to_snowflake' retrieved from /opt/airflow/dags/minio_to_snowflake.py
[2026-06-05T00:31:29.877+0000] {logging_mixin.py:188} INFO - [2026-06-05T00:31:29.876+0000] {dag.py:3089} INFO - Sync 1 DAGs
[2026-06-05T00:31:29.908+0000] {logging_mixin.py:188} INFO - [2026-06-05T00:31:29.908+0000] {dag.py:3947} INFO - Setting next_dagrun for minio_to_snowflake to 2026-06-05 00:30:00+00:00, run_after=2026-06-05 00:31:00+00:00
[2026-06-05T00:31:29.929+0000] {processor.py:183} INFO - Processing /opt/airflow/dags/minio_to_snowflake.py took 0.959 seconds
[2026-06-05T00:32:00.206+0000] {processor.py:161} INFO - Started process (PID=9759) to work on /opt/airflow/dags/minio_to_snowflake.py
[2026-06-05T00:32:00.207+0000] {processor.py:830} INFO - Processing file /opt/airflow/dags/minio_to_snowflake.py for tasks to queue
[2026-06-05T00:32:00.209+0000] {logging_mixin.py:188} INFO - [2026-06-05T00:32:00.209+0000] {dagbag.py:545} INFO - Filling up the DagBag from /opt/airflow/dags/minio_to_snowflake.py
[2026-06-05T00:32:01.129+0000] {processor.py:840} INFO - DAG(s) 'minio_to_snowflake' retrieved from /opt/airflow/dags/minio_to_snowflake.py
[2026-06-05T00:32:01.159+0000] {logging_mixin.py:188} INFO - [2026-06-05T00:32:01.159+0000] {dag.py:3089} INFO - Sync 1 DAGs
[2026-06-05T00:32:01.185+0000] {logging_mixin.py:188} INFO - [2026-06-05T00:32:01.184+0000] {dag.py:3947} INFO - Setting next_dagrun for minio_to_snowflake to 2026-06-05 00:31:00+00:00, run_after=2026-06-05 00:32:00+00:00
[2026-06-05T00:32:01.208+0000] {processor.py:183} INFO - Processing /opt/airflow/dags/minio_to_snowflake.py took 1.009 seconds
[2026-06-05T00:32:31.438+0000] {processor.py:161} INFO - Started process (PID=9873) to work on /opt/airflow/dags/minio_to_snowflake.py
[2026-06-05T00:32:31.439+0000] {processor.py:830} INFO - Processing file /opt/airflow/dags/minio_to_snowflake.py for tasks to queue
[2026-06-05T00:32:31.442+0000] {logging_mixin.py:188} INFO - [2026-06-05T00:32:31.441+0000] {dagbag.py:545} INFO - Filling up the DagBag from /opt/airflow/dags/minio_to_snowflake.py
[2026-06-05T00:32:32.327+0000] {processor.py:840} INFO - DAG(s) 'minio_to_snowflake' retrieved from /opt/airflow/dags/minio_to_snowflake.py
[2026-06-05T00:32:32.357+0000] {logging_mixin.py:188} INFO - [2026-06-05T00:32:32.357+0000] {dag.py:3089} INFO - Sync 1 DAGs
[2026-06-05T00:32:32.381+0000] {logging_mixin.py:188} INFO - [2026-06-05T00:32:32.381+0000] {dag.py:3947} INFO - Setting next_dagrun for minio_to_snowflake to 2026-06-05 00:31:00+00:00, run_after=2026-06-05 00:32:00+00:00
[2026-06-05T00:32:32.405+0000] {processor.py:183} INFO - Processing /opt/airflow/dags/minio_to_snowflake.py took 0.976 seconds
[2026-06-05T00:33:02.723+0000] {processor.py:161} INFO - Started process (PID=9981) to work on /opt/airflow/dags/minio_to_snowflake.py
[2026-06-05T00:33:02.725+0000] {processor.py:830} INFO - Processing file /opt/airflow/dags/minio_to_snowflake.py for tasks to queue
[2026-06-05T00:33:02.728+0000] {logging_mixin.py:188} INFO - [2026-06-05T00:33:02.727+0000] {dagbag.py:545} INFO - Filling up the DagBag from /opt/airflow/dags/minio_to_snowflake.py
[2026-06-05T00:33:03.646+0000] {processor.py:840} INFO - DAG(s) 'minio_to_snowflake' retrieved from /opt/airflow/dags/minio_to_snowflake.py
[2026-06-05T00:33:03.680+0000] {logging_mixin.py:188} INFO - [2026-06-05T00:33:03.679+0000] {dag.py:3089} INFO - Sync 1 DAGs
[2026-06-05T00:33:03.710+0000] {logging_mixin.py:188} INFO - [2026-06-05T00:33:03.710+0000] {dag.py:3947} INFO - Setting next_dagrun for minio_to_snowflake to 2026-06-05 00:32:00+00:00, run_after=2026-06-05 00:33:00+00:00
[2026-06-05T00:33:03.755+0000] {processor.py:183} INFO - Processing /opt/airflow/dags/minio_to_snowflake.py took 1.043 seconds
[2026-06-05T00:33:34.144+0000] {processor.py:161} INFO - Started process (PID=10090) to work on /opt/airflow/dags/minio_to_snowflake.py
[2026-06-05T00:33:34.147+0000] {processor.py:830} INFO - Processing file /opt/airflow/dags/minio_to_snowflake.py for tasks to queue
[2026-06-05T00:33:34.160+0000] {logging_mixin.py:188} INFO - [2026-06-05T00:33:34.160+0000] {dagbag.py:545} INFO - Filling up the DagBag from /opt/airflow/dags/minio_to_snowflake.py
[2026-06-05T00:33:35.350+0000] {processor.py:840} INFO - DAG(s) 'minio_to_snowflake' retrieved from /opt/airflow/dags/minio_to_snowflake.py
[2026-06-05T00:33:35.385+0000] {logging_mixin.py:188} INFO - [2026-06-05T00:33:35.384+0000] {dag.py:3089} INFO - Sync 1 DAGs
[2026-06-05T00:33:35.413+0000] {logging_mixin.py:188} INFO - [2026-06-05T00:33:35.413+0000] {dag.py:3947} INFO - Setting next_dagrun for minio_to_snowflake to 2026-06-05 00:32:00+00:00, run_after=2026-06-05 00:33:00+00:00
[2026-06-05T00:33:35.434+0000] {processor.py:183} INFO - Processing /opt/airflow/dags/minio_to_snowflake.py took 1.319 seconds
[2026-06-05T00:34:05.834+0000] {processor.py:161} INFO - Started process (PID=10201) to work on /opt/airflow/dags/minio_to_snowflake.py
[2026-06-05T00:34:05.836+0000] {processor.py:830} INFO - Processing file /opt/airflow/dags/minio_to_snowflake.py for tasks to queue
[2026-06-05T00:34:05.839+0000] {logging_mixin.py:188} INFO - [2026-06-05T00:34:05.838+0000] {dagbag.py:545} INFO - Filling up the DagBag from /opt/airflow/dags/minio_to_snowflake.py
[2026-06-05T00:34:07.075+0000] {processor.py:840} INFO - DAG(s) 'minio_to_snowflake' retrieved from /opt/airflow/dags/minio_to_snowflake.py
[2026-06-05T00:34:07.135+0000] {logging_mixin.py:188} INFO - [2026-06-05T00:34:07.130+0000] {dag.py:3089} INFO - Sync 1 DAGs
[2026-06-05T00:34:07.170+0000] {logging_mixin.py:188} INFO - [2026-06-05T00:34:07.169+0000] {dag.py:3947} INFO - Setting next_dagrun for minio_to_snowflake to 2026-06-05 00:33:00+00:00, run_after=2026-06-05 00:34:00+00:00
[2026-06-05T00:34:07.200+0000] {processor.py:183} INFO - Processing /opt/airflow/dags/minio_to_snowflake.py took 1.381 seconds
[2026-06-05T00:34:37.471+0000] {processor.py:161} INFO - Started process (PID=10312) to work on /opt/airflow/dags/minio_to_snowflake.py
[2026-06-05T00:34:37.473+0000] {processor.py:830} INFO - Processing file /opt/airflow/dags/minio_to_snowflake.py for tasks to queue
[2026-06-05T00:34:37.476+0000] {logging_mixin.py:188} INFO - [2026-06-05T00:34:37.476+0000] {dagbag.py:545} INFO - Filling up the DagBag from /opt/airflow/dags/minio_to_snowflake.py
[2026-06-05T00:34:38.481+0000] {processor.py:840} INFO - DAG(s) 'minio_to_snowflake' retrieved from /opt/airflow/dags/minio_to_snowflake.py
[2026-06-05T00:34:38.538+0000] {logging_mixin.py:188} INFO - [2026-06-05T00:34:38.537+0000] {dag.py:3089} INFO - Sync 1 DAGs
[2026-06-05T00:34:38.574+0000] {logging_mixin.py:188} INFO - [2026-06-05T00:34:38.574+0000] {dag.py:3947} INFO - Setting next_dagrun for minio_to_snowflake to 2026-06-05 00:33:00+00:00, run_after=2026-06-05 00:34:00+00:00
[2026-06-05T00:34:38.596+0000] {processor.py:183} INFO - Processing /opt/airflow/dags/minio_to_snowflake.py took 1.135 seconds
[2026-06-05T00:35:08.758+0000] {processor.py:161} INFO - Started process (PID=11470) to work on /opt/airflow/dags/minio_to_snowflake.py
[2026-06-05T00:35:08.760+0000] {processor.py:830} INFO - Processing file /opt/airflow/dags/minio_to_snowflake.py for tasks to queue
[2026-06-05T00:35:08.763+0000] {logging_mixin.py:188} INFO - [2026-06-05T00:35:08.762+0000] {dagbag.py:545} INFO - Filling up the DagBag from /opt/airflow/dags/minio_to_snowflake.py
[2026-06-05T00:35:10.248+0000] {processor.py:840} INFO - DAG(s) 'minio_to_snowflake' retrieved from /opt/airflow/dags/minio_to_snowflake.py
[2026-06-05T00:35:10.291+0000] {logging_mixin.py:188} INFO - [2026-06-05T00:35:10.290+0000] {dag.py:3089} INFO - Sync 1 DAGs
[2026-06-05T00:35:10.324+0000] {logging_mixin.py:188} INFO - [2026-06-05T00:35:10.324+0000] {dag.py:3947} INFO - Setting next_dagrun for minio_to_snowflake to 2026-06-05 00:34:00+00:00, run_after=2026-06-05 00:35:00+00:00
[2026-06-05T00:35:10.363+0000] {processor.py:183} INFO - Processing /opt/airflow/dags/minio_to_snowflake.py took 1.619 seconds
[2026-06-05T00:35:40.751+0000] {processor.py:161} INFO - Started process (PID=11570) to work on /opt/airflow/dags/minio_to_snowflake.py
[2026-06-05T00:35:40.753+0000] {processor.py:830} INFO - Processing file /opt/airflow/dags/minio_to_snowflake.py for tasks to queue
[2026-06-05T00:35:40.756+0000] {logging_mixin.py:188} INFO - [2026-06-05T00:35:40.755+0000] {dagbag.py:545} INFO - Filling up the DagBag from /opt/airflow/dags/minio_to_snowflake.py
[2026-06-05T00:35:42.964+0000] {processor.py:840} INFO - DAG(s) 'minio_to_snowflake' retrieved from /opt/airflow/dags/minio_to_snowflake.py
[2026-06-05T00:35:42.998+0000] {logging_mixin.py:188} INFO - [2026-06-05T00:35:42.997+0000] {dag.py:3089} INFO - Sync 1 DAGs
[2026-06-05T00:35:43.026+0000] {logging_mixin.py:188} INFO - [2026-06-05T00:35:43.026+0000] {dag.py:3947} INFO - Setting next_dagrun for minio_to_snowflake to 2026-06-05 00:34:00+00:00, run_after=2026-06-05 00:35:00+00:00
[2026-06-05T00:35:43.052+0000] {processor.py:183} INFO - Processing /opt/airflow/dags/minio_to_snowflake.py took 2.313 seconds
[2026-06-05T00:36:13.335+0000] {processor.py:161} INFO - Started process (PID=11680) to work on /opt/airflow/dags/minio_to_snowflake.py
[2026-06-05T00:36:13.338+0000] {processor.py:830} INFO - Processing file /opt/airflow/dags/minio_to_snowflake.py for tasks to queue
[2026-06-05T00:36:13.341+0000] {logging_mixin.py:188} INFO - [2026-06-05T00:36:13.341+0000] {dagbag.py:545} INFO - Filling up the DagBag from /opt/airflow/dags/minio_to_snowflake.py
[2026-06-05T00:36:14.813+0000] {processor.py:840} INFO - DAG(s) 'minio_to_snowflake' retrieved from /opt/airflow/dags/minio_to_snowflake.py
[2026-06-05T00:36:14.872+0000] {logging_mixin.py:188} INFO - [2026-06-05T00:36:14.870+0000] {dag.py:3089} INFO - Sync 1 DAGs
[2026-06-05T00:36:14.904+0000] {logging_mixin.py:188} INFO - [2026-06-05T00:36:14.904+0000] {dag.py:3947} INFO - Setting next_dagrun for minio_to_snowflake to 2026-06-05 00:35:00+00:00, run_after=2026-06-05 00:36:00+00:00
[2026-06-05T00:36:14.932+0000] {processor.py:183} INFO - Processing /opt/airflow/dags/minio_to_snowflake.py took 1.617 seconds
[2026-06-05T00:36:45.311+0000] {processor.py:161} INFO - Started process (PID=11788) to work on /opt/airflow/dags/minio_to_snowflake.py
[2026-06-05T00:36:45.313+0000] {processor.py:830} INFO - Processing file /opt/airflow/dags/minio_to_snowflake.py for tasks to queue
[2026-06-05T00:36:45.317+0000] {logging_mixin.py:188} INFO - [2026-06-05T00:36:45.317+0000] {dagbag.py:545} INFO - Filling up the DagBag from /opt/airflow/dags/minio_to_snowflake.py
[2026-06-05T00:36:46.447+0000] {processor.py:840} INFO - DAG(s) 'minio_to_snowflake' retrieved from /opt/airflow/dags/minio_to_snowflake.py
[2026-06-05T00:36:46.479+0000] {logging_mixin.py:188} INFO - [2026-06-05T00:36:46.477+0000] {dag.py:3089} INFO - Sync 1 DAGs
[2026-06-05T00:36:46.514+0000] {logging_mixin.py:188} INFO - [2026-06-05T00:36:46.513+0000] {dag.py:3947} INFO - Setting next_dagrun for minio_to_snowflake to 2026-06-05 00:35:00+00:00, run_after=2026-06-05 00:36:00+00:00
[2026-06-05T00:36:46.543+0000] {processor.py:183} INFO - Processing /opt/airflow/dags/minio_to_snowflake.py took 1.247 seconds
[2026-06-05T00:37:16.775+0000] {processor.py:161} INFO - Started process (PID=11896) to work on /opt/airflow/dags/minio_to_snowflake.py
[2026-06-05T00:37:16.777+0000] {processor.py:830} INFO - Processing file /opt/airflow/dags/minio_to_snowflake.py for tasks to queue
[2026-06-05T00:37:16.780+0000] {logging_mixin.py:188} INFO - [2026-06-05T00:37:16.779+0000] {dagbag.py:545} INFO - Filling up the DagBag from /opt/airflow/dags/minio_to_snowflake.py
[2026-06-05T00:37:17.876+0000] {processor.py:840} INFO - DAG(s) 'minio_to_snowflake' retrieved from /opt/airflow/dags/minio_to_snowflake.py
[2026-06-05T00:37:17.928+0000] {logging_mixin.py:188} INFO - [2026-06-05T00:37:17.927+0000] {dag.py:3089} INFO - Sync 1 DAGs
[2026-06-05T00:37:17.991+0000] {logging_mixin.py:188} INFO - [2026-06-05T00:37:17.991+0000] {dag.py:3947} INFO - Setting next_dagrun for minio_to_snowflake to 2026-06-05 00:36:00+00:00, run_after=2026-06-05 00:37:00+00:00
[2026-06-05T00:37:18.046+0000] {processor.py:183} INFO - Processing /opt/airflow/dags/minio_to_snowflake.py took 1.279 seconds
[2026-06-05T00:37:48.361+0000] {processor.py:161} INFO - Started process (PID=12007) to work on /opt/airflow/dags/minio_to_snowflake.py
[2026-06-05T00:37:48.363+0000] {processor.py:830} INFO - Processing file /opt/airflow/dags/minio_to_snowflake.py for tasks to queue
[2026-06-05T00:37:48.365+0000] {logging_mixin.py:188} INFO - [2026-06-05T00:37:48.365+0000] {dagbag.py:545} INFO - Filling up the DagBag from /opt/airflow/dags/minio_to_snowflake.py
[2026-06-05T00:37:49.471+0000] {processor.py:840} INFO - DAG(s) 'minio_to_snowflake' retrieved from /opt/airflow/dags/minio_to_snowflake.py
[2026-06-05T00:37:49.502+0000] {logging_mixin.py:188} INFO - [2026-06-05T00:37:49.501+0000] {dag.py:3089} INFO - Sync 1 DAGs
[2026-06-05T00:37:49.531+0000] {logging_mixin.py:188} INFO - [2026-06-05T00:37:49.530+0000] {dag.py:3947} INFO - Setting next_dagrun for minio_to_snowflake to 2026-06-05 00:36:00+00:00, run_after=2026-06-05 00:37:00+00:00
[2026-06-05T00:37:49.553+0000] {processor.py:183} INFO - Processing /opt/airflow/dags/minio_to_snowflake.py took 1.206 seconds
[2026-06-05T00:38:19.627+0000] {processor.py:161} INFO - Started process (PID=13162) to work on /opt/airflow/dags/minio_to_snowflake.py
[2026-06-05T00:38:19.629+0000] {processor.py:830} INFO - Processing file /opt/airflow/dags/minio_to_snowflake.py for tasks to queue
[2026-06-05T00:38:19.632+0000] {logging_mixin.py:188} INFO - [2026-06-05T00:38:19.632+0000] {dagbag.py:545} INFO - Filling up the DagBag from /opt/airflow/dags/minio_to_snowflake.py
[2026-06-05T00:38:20.711+0000] {processor.py:840} INFO - DAG(s) 'minio_to_snowflake' retrieved from /opt/airflow/dags/minio_to_snowflake.py
[2026-06-05T00:38:20.743+0000] {logging_mixin.py:188} INFO - [2026-06-05T00:38:20.742+0000] {dag.py:3089} INFO - Sync 1 DAGs
[2026-06-05T00:38:20.771+0000] {logging_mixin.py:188} INFO - [2026-06-05T00:38:20.771+0000] {dag.py:3947} INFO - Setting next_dagrun for minio_to_snowflake to 2026-06-05 00:37:00+00:00, run_after=2026-06-05 00:38:00+00:00
[2026-06-05T00:38:20.796+0000] {processor.py:183} INFO - Processing /opt/airflow/dags/minio_to_snowflake.py took 1.178 seconds
[2026-06-05T00:38:51.056+0000] {processor.py:161} INFO - Started process (PID=13268) to work on /opt/airflow/dags/minio_to_snowflake.py
[2026-06-05T00:38:51.058+0000] {processor.py:830} INFO - Processing file /opt/airflow/dags/minio_to_snowflake.py for tasks to queue
[2026-06-05T00:38:51.060+0000] {logging_mixin.py:188} INFO - [2026-06-05T00:38:51.060+0000] {dagbag.py:545} INFO - Filling up the DagBag from /opt/airflow/dags/minio_to_snowflake.py
[2026-06-05T00:38:52.053+0000] {processor.py:840} INFO - DAG(s) 'minio_to_snowflake' retrieved from /opt/airflow/dags/minio_to_snowflake.py
[2026-06-05T00:38:52.084+0000] {logging_mixin.py:188} INFO - [2026-06-05T00:38:52.083+0000] {dag.py:3089} INFO - Sync 1 DAGs
[2026-06-05T00:38:52.115+0000] {logging_mixin.py:188} INFO - [2026-06-05T00:38:52.114+0000] {dag.py:3947} INFO - Setting next_dagrun for minio_to_snowflake to 2026-06-05 00:37:00+00:00, run_after=2026-06-05 00:38:00+00:00
[2026-06-05T00:38:52.136+0000] {processor.py:183} INFO - Processing /opt/airflow/dags/minio_to_snowflake.py took 1.091 seconds
[2026-06-05T00:39:22.413+0000] {processor.py:161} INFO - Started process (PID=13353) to work on /opt/airflow/dags/minio_to_snowflake.py
[2026-06-05T00:39:22.414+0000] {processor.py:830} INFO - Processing file /opt/airflow/dags/minio_to_snowflake.py for tasks to queue
[2026-06-05T00:39:22.418+0000] {logging_mixin.py:188} INFO - [2026-06-05T00:39:22.417+0000] {dagbag.py:545} INFO - Filling up the DagBag from /opt/airflow/dags/minio_to_snowflake.py
[2026-06-05T00:39:23.438+0000] {processor.py:840} INFO - DAG(s) 'minio_to_snowflake' retrieved from /opt/airflow/dags/minio_to_snowflake.py
[2026-06-05T00:39:23.470+0000] {logging_mixin.py:188} INFO - [2026-06-05T00:39:23.469+0000] {dag.py:3089} INFO - Sync 1 DAGs
[2026-06-05T00:39:23.504+0000] {logging_mixin.py:188} INFO - [2026-06-05T00:39:23.504+0000] {dag.py:3947} INFO - Setting next_dagrun for minio_to_snowflake to 2026-06-05 00:38:00+00:00, run_after=2026-06-05 00:39:00+00:00
[2026-06-05T00:39:23.528+0000] {processor.py:183} INFO - Processing /opt/airflow/dags/minio_to_snowflake.py took 1.126 seconds
[2026-06-05T00:39:53.640+0000] {processor.py:161} INFO - Started process (PID=13417) to work on /opt/airflow/dags/minio_to_snowflake.py
[2026-06-05T00:39:53.642+0000] {processor.py:830} INFO - Processing file /opt/airflow/dags/minio_to_snowflake.py for tasks to queue
[2026-06-05T00:39:53.645+0000] {logging_mixin.py:188} INFO - [2026-06-05T00:39:53.645+0000] {dagbag.py:545} INFO - Filling up the DagBag from /opt/airflow/dags/minio_to_snowflake.py
[2026-06-05T00:39:54.963+0000] {processor.py:840} INFO - DAG(s) 'minio_to_snowflake' retrieved from /opt/airflow/dags/minio_to_snowflake.py
[2026-06-05T00:39:54.997+0000] {logging_mixin.py:188} INFO - [2026-06-05T00:39:54.994+0000] {dag.py:3089} INFO - Sync 1 DAGs
[2026-06-05T00:39:55.031+0000] {logging_mixin.py:188} INFO - [2026-06-05T00:39:55.031+0000] {dag.py:3947} INFO - Setting next_dagrun for minio_to_snowflake to 2026-06-05 00:38:00+00:00, run_after=2026-06-05 00:39:00+00:00
[2026-06-05T00:39:55.055+0000] {processor.py:183} INFO - Processing /opt/airflow/dags/minio_to_snowflake.py took 1.423 seconds
[2026-06-05T00:40:25.373+0000] {processor.py:161} INFO - Started process (PID=13475) to work on /opt/airflow/dags/minio_to_snowflake.py
[2026-06-05T00:40:25.374+0000] {processor.py:830} INFO - Processing file /opt/airflow/dags/minio_to_snowflake.py for tasks to queue
[2026-06-05T00:40:25.377+0000] {logging_mixin.py:188} INFO - [2026-06-05T00:40:25.376+0000] {dagbag.py:545} INFO - Filling up the DagBag from /opt/airflow/dags/minio_to_snowflake.py
[2026-06-05T00:40:26.362+0000] {processor.py:840} INFO - DAG(s) 'minio_to_snowflake' retrieved from /opt/airflow/dags/minio_to_snowflake.py
[2026-06-05T00:40:26.404+0000] {logging_mixin.py:188} INFO - [2026-06-05T00:40:26.403+0000] {dag.py:3089} INFO - Sync 1 DAGs
[2026-06-05T00:40:26.435+0000] {logging_mixin.py:188} INFO - [2026-06-05T00:40:26.434+0000] {dag.py:3947} INFO - Setting next_dagrun for minio_to_snowflake to 2026-06-05 00:39:00+00:00, run_after=2026-06-05 00:40:00+00:00
[2026-06-05T00:40:26.459+0000] {processor.py:183} INFO - Processing /opt/airflow/dags/minio_to_snowflake.py took 1.094 seconds
[2026-06-05T00:40:56.628+0000] {processor.py:161} INFO - Started process (PID=13556) to work on /opt/airflow/dags/minio_to_snowflake.py
[2026-06-05T00:40:56.630+0000] {processor.py:830} INFO - Processing file /opt/airflow/dags/minio_to_snowflake.py for tasks to queue
[2026-06-05T00:40:56.633+0000] {logging_mixin.py:188} INFO - [2026-06-05T00:40:56.633+0000] {dagbag.py:545} INFO - Filling up the DagBag from /opt/airflow/dags/minio_to_snowflake.py
[2026-06-05T00:40:57.705+0000] {processor.py:840} INFO - DAG(s) 'minio_to_snowflake' retrieved from /opt/airflow/dags/minio_to_snowflake.py
[2026-06-05T00:40:57.735+0000] {logging_mixin.py:188} INFO - [2026-06-05T00:40:57.735+0000] {dag.py:3089} INFO - Sync 1 DAGs
[2026-06-05T00:40:57.764+0000] {logging_mixin.py:188} INFO - [2026-06-05T00:40:57.764+0000] {dag.py:3947} INFO - Setting next_dagrun for minio_to_snowflake to 2026-06-05 00:39:00+00:00, run_after=2026-06-05 00:40:00+00:00
[2026-06-05T00:40:57.794+0000] {processor.py:183} INFO - Processing /opt/airflow/dags/minio_to_snowflake.py took 1.191 seconds
[2026-06-05T00:41:28.009+0000] {processor.py:161} INFO - Started process (PID=13641) to work on /opt/airflow/dags/minio_to_snowflake.py
[2026-06-05T00:41:28.011+0000] {processor.py:830} INFO - Processing file /opt/airflow/dags/minio_to_snowflake.py for tasks to queue
[2026-06-05T00:41:28.014+0000] {logging_mixin.py:188} INFO - [2026-06-05T00:41:28.013+0000] {dagbag.py:545} INFO - Filling up the DagBag from /opt/airflow/dags/minio_to_snowflake.py
[2026-06-05T00:41:29.088+0000] {processor.py:840} INFO - DAG(s) 'minio_to_snowflake' retrieved from /opt/airflow/dags/minio_to_snowflake.py
[2026-06-05T00:41:29.119+0000] {logging_mixin.py:188} INFO - [2026-06-05T00:41:29.118+0000] {dag.py:3089} INFO - Sync 1 DAGs
[2026-06-05T00:41:29.149+0000] {logging_mixin.py:188} INFO - [2026-06-05T00:41:29.149+0000] {dag.py:3947} INFO - Setting next_dagrun for minio_to_snowflake to 2026-06-05 00:40:00+00:00, run_after=2026-06-05 00:41:00+00:00
[2026-06-05T00:41:29.170+0000] {processor.py:183} INFO - Processing /opt/airflow/dags/minio_to_snowflake.py took 1.176 seconds
[2026-06-05T00:41:59.328+0000] {processor.py:161} INFO - Started process (PID=13738) to work on /opt/airflow/dags/minio_to_snowflake.py
[2026-06-05T00:41:59.329+0000] {processor.py:830} INFO - Processing file /opt/airflow/dags/minio_to_snowflake.py for tasks to queue
[2026-06-05T00:41:59.332+0000] {logging_mixin.py:188} INFO - [2026-06-05T00:41:59.332+0000] {dagbag.py:545} INFO - Filling up the DagBag from /opt/airflow/dags/minio_to_snowflake.py
[2026-06-05T00:42:00.322+0000] {processor.py:840} INFO - DAG(s) 'minio_to_snowflake' retrieved from /opt/airflow/dags/minio_to_snowflake.py
[2026-06-05T00:42:00.354+0000] {logging_mixin.py:188} INFO - [2026-06-05T00:42:00.354+0000] {dag.py:3089} INFO - Sync 1 DAGs
[2026-06-05T00:42:00.383+0000] {logging_mixin.py:188} INFO - [2026-06-05T00:42:00.382+0000] {dag.py:3947} INFO - Setting next_dagrun for minio_to_snowflake to 2026-06-05 00:41:00+00:00, run_after=2026-06-05 00:42:00+00:00
[2026-06-05T00:42:00.405+0000] {processor.py:183} INFO - Processing /opt/airflow/dags/minio_to_snowflake.py took 1.087 seconds
[2026-06-05T00:42:30.710+0000] {processor.py:161} INFO - Started process (PID=14895) to work on /opt/airflow/dags/minio_to_snowflake.py
[2026-06-05T00:42:30.712+0000] {processor.py:830} INFO - Processing file /opt/airflow/dags/minio_to_snowflake.py for tasks to queue
[2026-06-05T00:42:30.714+0000] {logging_mixin.py:188} INFO - [2026-06-05T00:42:30.714+0000] {dagbag.py:545} INFO - Filling up the DagBag from /opt/airflow/dags/minio_to_snowflake.py
[2026-06-05T00:42:31.670+0000] {processor.py:840} INFO - DAG(s) 'minio_to_snowflake' retrieved from /opt/airflow/dags/minio_to_snowflake.py
[2026-06-05T00:42:31.704+0000] {logging_mixin.py:188} INFO - [2026-06-05T00:42:31.701+0000] {dag.py:3089} INFO - Sync 1 DAGs
[2026-06-05T00:42:31.731+0000] {logging_mixin.py:188} INFO - [2026-06-05T00:42:31.731+0000] {dag.py:3947} INFO - Setting next_dagrun for minio_to_snowflake to 2026-06-05 00:42:00+00:00, run_after=2026-06-05 00:43:00+00:00
[2026-06-05T00:42:31.755+0000] {processor.py:183} INFO - Processing /opt/airflow/dags/minio_to_snowflake.py took 1.053 seconds
[2026-06-05T00:43:01.942+0000] {processor.py:161} INFO - Started process (PID=14989) to work on /opt/airflow/dags/minio_to_snowflake.py
[2026-06-05T00:43:01.944+0000] {processor.py:830} INFO - Processing file /opt/airflow/dags/minio_to_snowflake.py for tasks to queue
[2026-06-05T00:43:01.947+0000] {logging_mixin.py:188} INFO - [2026-06-05T00:43:01.946+0000] {dagbag.py:545} INFO - Filling up the DagBag from /opt/airflow/dags/minio_to_snowflake.py
[2026-06-05T00:43:03.029+0000] {processor.py:840} INFO - DAG(s) 'minio_to_snowflake' retrieved from /opt/airflow/dags/minio_to_snowflake.py
[2026-06-05T00:43:03.064+0000] {logging_mixin.py:188} INFO - [2026-06-05T00:43:03.063+0000] {dag.py:3089} INFO - Sync 1 DAGs
[2026-06-05T00:43:03.093+0000] {logging_mixin.py:188} INFO - [2026-06-05T00:43:03.093+0000] {dag.py:3947} INFO - Setting next_dagrun for minio_to_snowflake to 2026-06-05 00:42:00+00:00, run_after=2026-06-05 00:43:00+00:00
[2026-06-05T00:43:03.118+0000] {processor.py:183} INFO - Processing /opt/airflow/dags/minio_to_snowflake.py took 1.183 seconds
[2026-06-05T00:43:33.239+0000] {processor.py:161} INFO - Started process (PID=15080) to work on /opt/airflow/dags/minio_to_snowflake.py
[2026-06-05T00:43:33.241+0000] {processor.py:830} INFO - Processing file /opt/airflow/dags/minio_to_snowflake.py for tasks to queue
[2026-06-05T00:43:33.243+0000] {logging_mixin.py:188} INFO - [2026-06-05T00:43:33.243+0000] {dagbag.py:545} INFO - Filling up the DagBag from /opt/airflow/dags/minio_to_snowflake.py
[2026-06-05T00:43:34.354+0000] {processor.py:840} INFO - DAG(s) 'minio_to_snowflake' retrieved from /opt/airflow/dags/minio_to_snowflake.py
[2026-06-05T00:43:34.400+0000] {logging_mixin.py:188} INFO - [2026-06-05T00:43:34.399+0000] {dag.py:3089} INFO - Sync 1 DAGs
[2026-06-05T00:43:34.452+0000] {logging_mixin.py:188} INFO - [2026-06-05T00:43:34.451+0000] {dag.py:3947} INFO - Setting next_dagrun for minio_to_snowflake to 2026-06-05 00:42:00+00:00, run_after=2026-06-05 00:43:00+00:00
[2026-06-05T00:43:34.489+0000] {processor.py:183} INFO - Processing /opt/airflow/dags/minio_to_snowflake.py took 1.259 seconds
[2026-06-05T00:44:04.626+0000] {processor.py:161} INFO - Started process (PID=15178) to work on /opt/airflow/dags/minio_to_snowflake.py
[2026-06-05T00:44:04.636+0000] {processor.py:830} INFO - Processing file /opt/airflow/dags/minio_to_snowflake.py for tasks to queue
[2026-06-05T00:44:04.639+0000] {logging_mixin.py:188} INFO - [2026-06-05T00:44:04.639+0000] {dagbag.py:545} INFO - Filling up the DagBag from /opt/airflow/dags/minio_to_snowflake.py
[2026-06-05T00:44:05.809+0000] {processor.py:840} INFO - DAG(s) 'minio_to_snowflake' retrieved from /opt/airflow/dags/minio_to_snowflake.py
[2026-06-05T00:44:05.843+0000] {logging_mixin.py:188} INFO - [2026-06-05T00:44:05.842+0000] {dag.py:3089} INFO - Sync 1 DAGs
[2026-06-05T00:44:05.878+0000] {logging_mixin.py:188} INFO - [2026-06-05T00:44:05.877+0000] {dag.py:3947} INFO - Setting next_dagrun for minio_to_snowflake to 2026-06-05 00:43:00+00:00, run_after=2026-06-05 00:44:00+00:00
[2026-06-05T00:44:05.908+0000] {processor.py:183} INFO - Processing /opt/airflow/dags/minio_to_snowflake.py took 1.292 seconds
[2026-06-05T00:44:36.120+0000] {processor.py:161} INFO - Started process (PID=15273) to work on /opt/airflow/dags/minio_to_snowflake.py
[2026-06-05T00:44:36.122+0000] {processor.py:830} INFO - Processing file /opt/airflow/dags/minio_to_snowflake.py for tasks to queue
[2026-06-05T00:44:36.124+0000] {logging_mixin.py:188} INFO - [2026-06-05T00:44:36.124+0000] {dagbag.py:545} INFO - Filling up the DagBag from /opt/airflow/dags/minio_to_snowflake.py
[2026-06-05T00:44:37.195+0000] {processor.py:840} INFO - DAG(s) 'minio_to_snowflake' retrieved from /opt/airflow/dags/minio_to_snowflake.py
[2026-06-05T00:44:37.230+0000] {logging_mixin.py:188} INFO - [2026-06-05T00:44:37.229+0000] {dag.py:3089} INFO - Sync 1 DAGs
[2026-06-05T00:44:37.267+0000] {logging_mixin.py:188} INFO - [2026-06-05T00:44:37.267+0000] {dag.py:3947} INFO - Setting next_dagrun for minio_to_snowflake to 2026-06-05 00:43:00+00:00, run_after=2026-06-05 00:44:00+00:00
[2026-06-05T00:44:37.293+0000] {processor.py:183} INFO - Processing /opt/airflow/dags/minio_to_snowflake.py took 1.182 seconds
[2026-06-05T00:45:08.095+0000] {processor.py:161} INFO - Started process (PID=15365) to work on /opt/airflow/dags/minio_to_snowflake.py
[2026-06-05T00:45:08.097+0000] {processor.py:830} INFO - Processing file /opt/airflow/dags/minio_to_snowflake.py for tasks to queue
[2026-06-05T00:45:08.101+0000] {logging_mixin.py:188} INFO - [2026-06-05T00:45:08.100+0000] {dagbag.py:545} INFO - Filling up the DagBag from /opt/airflow/dags/minio_to_snowflake.py
[2026-06-05T00:45:10.910+0000] {processor.py:840} INFO - DAG(s) 'minio_to_snowflake' retrieved from /opt/airflow/dags/minio_to_snowflake.py
[2026-06-05T00:45:10.980+0000] {logging_mixin.py:188} INFO - [2026-06-05T00:45:10.979+0000] {dag.py:3089} INFO - Sync 1 DAGs
[2026-06-05T00:45:11.057+0000] {logging_mixin.py:188} INFO - [2026-06-05T00:45:11.057+0000] {dag.py:3947} INFO - Setting next_dagrun for minio_to_snowflake to 2026-06-05 00:44:00+00:00, run_after=2026-06-05 00:45:00+00:00
[2026-06-05T00:45:11.112+0000] {processor.py:183} INFO - Processing /opt/airflow/dags/minio_to_snowflake.py took 3.048 seconds
[2026-06-05T00:45:41.304+0000] {processor.py:161} INFO - Started process (PID=15447) to work on /opt/airflow/dags/minio_to_snowflake.py
[2026-06-05T00:45:41.316+0000] {processor.py:830} INFO - Processing file /opt/airflow/dags/minio_to_snowflake.py for tasks to queue
[2026-06-05T00:45:41.319+0000] {logging_mixin.py:188} INFO - [2026-06-05T00:45:41.318+0000] {dagbag.py:545} INFO - Filling up the DagBag from /opt/airflow/dags/minio_to_snowflake.py
[2026-06-05T00:45:42.471+0000] {processor.py:840} INFO - DAG(s) 'minio_to_snowflake' retrieved from /opt/airflow/dags/minio_to_snowflake.py
[2026-06-05T00:45:42.511+0000] {logging_mixin.py:188} INFO - [2026-06-05T00:45:42.510+0000] {dag.py:3089} INFO - Sync 1 DAGs
[2026-06-05T00:45:42.551+0000] {logging_mixin.py:188} INFO - [2026-06-05T00:45:42.550+0000] {dag.py:3947} INFO - Setting next_dagrun for minio_to_snowflake to 2026-06-05 00:45:00+00:00, run_after=2026-06-05 00:46:00+00:00
[2026-06-05T00:45:42.576+0000] {processor.py:183} INFO - Processing /opt/airflow/dags/minio_to_snowflake.py took 1.283 seconds
[2026-06-05T00:46:12.721+0000] {processor.py:161} INFO - Started process (PID=16605) to work on /opt/airflow/dags/minio_to_snowflake.py
[2026-06-05T00:46:12.723+0000] {processor.py:830} INFO - Processing file /opt/airflow/dags/minio_to_snowflake.py for tasks to queue
[2026-06-05T00:46:12.728+0000] {logging_mixin.py:188} INFO - [2026-06-05T00:46:12.727+0000] {dagbag.py:545} INFO - Filling up the DagBag from /opt/airflow/dags/minio_to_snowflake.py
[2026-06-05T00:46:14.400+0000] {processor.py:840} INFO - DAG(s) 'minio_to_snowflake' retrieved from /opt/airflow/dags/minio_to_snowflake.py
[2026-06-05T00:46:14.503+0000] {logging_mixin.py:188} INFO - [2026-06-05T00:46:14.502+0000] {dag.py:3089} INFO - Sync 1 DAGs
[2026-06-05T00:46:14.575+0000] {logging_mixin.py:188} INFO - [2026-06-05T00:46:14.574+0000] {dag.py:3947} INFO - Setting next_dagrun for minio_to_snowflake to 2026-06-05 00:45:00+00:00, run_after=2026-06-05 00:46:00+00:00
[2026-06-05T00:46:14.632+0000] {processor.py:183} INFO - Processing /opt/airflow/dags/minio_to_snowflake.py took 1.920 seconds
[2026-06-05T00:46:44.921+0000] {processor.py:161} INFO - Started process (PID=16703) to work on /opt/airflow/dags/minio_to_snowflake.py
[2026-06-05T00:46:44.922+0000] {processor.py:830} INFO - Processing file /opt/airflow/dags/minio_to_snowflake.py for tasks to queue
[2026-06-05T00:46:44.925+0000] {logging_mixin.py:188} INFO - [2026-06-05T00:46:44.924+0000] {dagbag.py:545} INFO - Filling up the DagBag from /opt/airflow/dags/minio_to_snowflake.py
[2026-06-05T00:46:45.958+0000] {processor.py:840} INFO - DAG(s) 'minio_to_snowflake' retrieved from /opt/airflow/dags/minio_to_snowflake.py
[2026-06-05T00:46:45.991+0000] {logging_mixin.py:188} INFO - [2026-06-05T00:46:45.990+0000] {dag.py:3089} INFO - Sync 1 DAGs
[2026-06-05T00:46:46.016+0000] {logging_mixin.py:188} INFO - [2026-06-05T00:46:46.015+0000] {dag.py:3947} INFO - Setting next_dagrun for minio_to_snowflake to 2026-06-05 00:45:00+00:00, run_after=2026-06-05 00:46:00+00:00
[2026-06-05T00:46:46.041+0000] {processor.py:183} INFO - Processing /opt/airflow/dags/minio_to_snowflake.py took 1.128 seconds
[2026-06-05T00:47:16.119+0000] {processor.py:161} INFO - Started process (PID=16804) to work on /opt/airflow/dags/minio_to_snowflake.py
[2026-06-05T00:47:16.121+0000] {processor.py:830} INFO - Processing file /opt/airflow/dags/minio_to_snowflake.py for tasks to queue
[2026-06-05T00:47:16.124+0000] {logging_mixin.py:188} INFO - [2026-06-05T00:47:16.123+0000] {dagbag.py:545} INFO - Filling up the DagBag from /opt/airflow/dags/minio_to_snowflake.py
[2026-06-05T00:47:17.356+0000] {processor.py:840} INFO - DAG(s) 'minio_to_snowflake' retrieved from /opt/airflow/dags/minio_to_snowflake.py
[2026-06-05T00:47:17.394+0000] {logging_mixin.py:188} INFO - [2026-06-05T00:47:17.394+0000] {dag.py:3089} INFO - Sync 1 DAGs
[2026-06-05T00:47:17.432+0000] {logging_mixin.py:188} INFO - [2026-06-05T00:47:17.432+0000] {dag.py:3947} INFO - Setting next_dagrun for minio_to_snowflake to 2026-06-05 00:46:00+00:00, run_after=2026-06-05 00:47:00+00:00
[2026-06-05T00:47:17.464+0000] {processor.py:183} INFO - Processing /opt/airflow/dags/minio_to_snowflake.py took 1.353 seconds
[2026-06-05T00:47:47.723+0000] {processor.py:161} INFO - Started process (PID=16923) to work on /opt/airflow/dags/minio_to_snowflake.py
[2026-06-05T00:47:47.725+0000] {processor.py:830} INFO - Processing file /opt/airflow/dags/minio_to_snowflake.py for tasks to queue
[2026-06-05T00:47:47.728+0000] {logging_mixin.py:188} INFO - [2026-06-05T00:47:47.727+0000] {dagbag.py:545} INFO - Filling up the DagBag from /opt/airflow/dags/minio_to_snowflake.py
[2026-06-05T00:47:48.661+0000] {processor.py:840} INFO - DAG(s) 'minio_to_snowflake' retrieved from /opt/airflow/dags/minio_to_snowflake.py
[2026-06-05T00:47:48.691+0000] {logging_mixin.py:188} INFO - [2026-06-05T00:47:48.690+0000] {dag.py:3089} INFO - Sync 1 DAGs
[2026-06-05T00:47:48.719+0000] {logging_mixin.py:188} INFO - [2026-06-05T00:47:48.718+0000] {dag.py:3947} INFO - Setting next_dagrun for minio_to_snowflake to 2026-06-05 00:46:00+00:00, run_after=2026-06-05 00:47:00+00:00
[2026-06-05T00:47:48.741+0000] {processor.py:183} INFO - Processing /opt/airflow/dags/minio_to_snowflake.py took 1.026 seconds
[2026-06-05T00:48:18.978+0000] {processor.py:161} INFO - Started process (PID=17028) to work on /opt/airflow/dags/minio_to_snowflake.py
[2026-06-05T00:48:18.979+0000] {processor.py:830} INFO - Processing file /opt/airflow/dags/minio_to_snowflake.py for tasks to queue
[2026-06-05T00:48:18.982+0000] {logging_mixin.py:188} INFO - [2026-06-05T00:48:18.981+0000] {dagbag.py:545} INFO - Filling up the DagBag from /opt/airflow/dags/minio_to_snowflake.py
[2026-06-05T00:48:19.891+0000] {processor.py:840} INFO - DAG(s) 'minio_to_snowflake' retrieved from /opt/airflow/dags/minio_to_snowflake.py
[2026-06-05T00:48:19.924+0000] {logging_mixin.py:188} INFO - [2026-06-05T00:48:19.922+0000] {dag.py:3089} INFO - Sync 1 DAGs
[2026-06-05T00:48:19.949+0000] {logging_mixin.py:188} INFO - [2026-06-05T00:48:19.949+0000] {dag.py:3947} INFO - Setting next_dagrun for minio_to_snowflake to 2026-06-05 00:47:00+00:00, run_after=2026-06-05 00:48:00+00:00
[2026-06-05T00:48:19.972+0000] {processor.py:183} INFO - Processing /opt/airflow/dags/minio_to_snowflake.py took 1.001 seconds
[2026-06-05T00:48:50.299+0000] {processor.py:161} INFO - Started process (PID=17139) to work on /opt/airflow/dags/minio_to_snowflake.py
[2026-06-05T00:48:50.300+0000] {processor.py:830} INFO - Processing file /opt/airflow/dags/minio_to_snowflake.py for tasks to queue
[2026-06-05T00:48:50.303+0000] {logging_mixin.py:188} INFO - [2026-06-05T00:48:50.302+0000] {dagbag.py:545} INFO - Filling up the DagBag from /opt/airflow/dags/minio_to_snowflake.py
[2026-06-05T00:48:51.242+0000] {processor.py:840} INFO - DAG(s) 'minio_to_snowflake' retrieved from /opt/airflow/dags/minio_to_snowflake.py
[2026-06-05T00:48:51.273+0000] {logging_mixin.py:188} INFO - [2026-06-05T00:48:51.272+0000] {dag.py:3089} INFO - Sync 1 DAGs
[2026-06-05T00:48:51.302+0000] {logging_mixin.py:188} INFO - [2026-06-05T00:48:51.302+0000] {dag.py:3947} INFO - Setting next_dagrun for minio_to_snowflake to 2026-06-05 00:47:00+00:00, run_after=2026-06-05 00:48:00+00:00
[2026-06-05T00:48:51.326+0000] {processor.py:183} INFO - Processing /opt/airflow/dags/minio_to_snowflake.py took 1.035 seconds
[2026-06-05T00:49:21.558+0000] {processor.py:161} INFO - Started process (PID=18307) to work on /opt/airflow/dags/minio_to_snowflake.py
[2026-06-05T00:49:21.560+0000] {processor.py:830} INFO - Processing file /opt/airflow/dags/minio_to_snowflake.py for tasks to queue
[2026-06-05T00:49:21.563+0000] {logging_mixin.py:188} INFO - [2026-06-05T00:49:21.562+0000] {dagbag.py:545} INFO - Filling up the DagBag from /opt/airflow/dags/minio_to_snowflake.py
[2026-06-05T00:49:22.460+0000] {processor.py:840} INFO - DAG(s) 'minio_to_snowflake' retrieved from /opt/airflow/dags/minio_to_snowflake.py
[2026-06-05T00:49:22.491+0000] {logging_mixin.py:188} INFO - [2026-06-05T00:49:22.491+0000] {dag.py:3089} INFO - Sync 1 DAGs
[2026-06-05T00:49:22.516+0000] {logging_mixin.py:188} INFO - [2026-06-05T00:49:22.516+0000] {dag.py:3947} INFO - Setting next_dagrun for minio_to_snowflake to 2026-06-05 00:48:00+00:00, run_after=2026-06-05 00:49:00+00:00
[2026-06-05T00:49:22.539+0000] {processor.py:183} INFO - Processing /opt/airflow/dags/minio_to_snowflake.py took 0.990 seconds
[2026-06-05T00:49:52.869+0000] {processor.py:161} INFO - Started process (PID=18421) to work on /opt/airflow/dags/minio_to_snowflake.py
[2026-06-05T00:49:52.871+0000] {processor.py:830} INFO - Processing file /opt/airflow/dags/minio_to_snowflake.py for tasks to queue
[2026-06-05T00:49:52.874+0000] {logging_mixin.py:188} INFO - [2026-06-05T00:49:52.873+0000] {dagbag.py:545} INFO - Filling up the DagBag from /opt/airflow/dags/minio_to_snowflake.py
[2026-06-05T00:49:53.810+0000] {processor.py:840} INFO - DAG(s) 'minio_to_snowflake' retrieved from /opt/airflow/dags/minio_to_snowflake.py
[2026-06-05T00:49:53.842+0000] {logging_mixin.py:188} INFO - [2026-06-05T00:49:53.841+0000] {dag.py:3089} INFO - Sync 1 DAGs
[2026-06-05T00:49:53.873+0000] {logging_mixin.py:188} INFO - [2026-06-05T00:49:53.873+0000] {dag.py:3947} INFO - Setting next_dagrun for minio_to_snowflake to 2026-06-05 00:48:00+00:00, run_after=2026-06-05 00:49:00+00:00
[2026-06-05T00:49:53.898+0000] {processor.py:183} INFO - Processing /opt/airflow/dags/minio_to_snowflake.py took 1.037 seconds
[2026-06-05T00:50:24.092+0000] {processor.py:161} INFO - Started process (PID=18531) to work on /opt/airflow/dags/minio_to_snowflake.py
[2026-06-05T00:50:24.094+0000] {processor.py:830} INFO - Processing file /opt/airflow/dags/minio_to_snowflake.py for tasks to queue
[2026-06-05T00:50:24.097+0000] {logging_mixin.py:188} INFO - [2026-06-05T00:50:24.096+0000] {dagbag.py:545} INFO - Filling up the DagBag from /opt/airflow/dags/minio_to_snowflake.py
[2026-06-05T00:50:25.070+0000] {processor.py:840} INFO - DAG(s) 'minio_to_snowflake' retrieved from /opt/airflow/dags/minio_to_snowflake.py
[2026-06-05T00:50:25.100+0000] {logging_mixin.py:188} INFO - [2026-06-05T00:50:25.099+0000] {dag.py:3089} INFO - Sync 1 DAGs
[2026-06-05T00:50:25.134+0000] {logging_mixin.py:188} INFO - [2026-06-05T00:50:25.134+0000] {dag.py:3947} INFO - Setting next_dagrun for minio_to_snowflake to 2026-06-05 00:49:00+00:00, run_after=2026-06-05 00:50:00+00:00
[2026-06-05T00:50:25.160+0000] {processor.py:183} INFO - Processing /opt/airflow/dags/minio_to_snowflake.py took 1.075 seconds
[2026-06-05T00:50:55.391+0000] {processor.py:161} INFO - Started process (PID=18645) to work on /opt/airflow/dags/minio_to_snowflake.py
[2026-06-05T00:50:55.393+0000] {processor.py:830} INFO - Processing file /opt/airflow/dags/minio_to_snowflake.py for tasks to queue
[2026-06-05T00:50:55.395+0000] {logging_mixin.py:188} INFO - [2026-06-05T00:50:55.395+0000] {dagbag.py:545} INFO - Filling up the DagBag from /opt/airflow/dags/minio_to_snowflake.py
[2026-06-05T00:50:56.291+0000] {processor.py:840} INFO - DAG(s) 'minio_to_snowflake' retrieved from /opt/airflow/dags/minio_to_snowflake.py
[2026-06-05T00:50:56.325+0000] {logging_mixin.py:188} INFO - [2026-06-05T00:50:56.322+0000] {dag.py:3089} INFO - Sync 1 DAGs
[2026-06-05T00:50:56.353+0000] {logging_mixin.py:188} INFO - [2026-06-05T00:50:56.352+0000] {dag.py:3947} INFO - Setting next_dagrun for minio_to_snowflake to 2026-06-05 00:49:00+00:00, run_after=2026-06-05 00:50:00+00:00
[2026-06-05T00:50:56.376+0000] {processor.py:183} INFO - Processing /opt/airflow/dags/minio_to_snowflake.py took 0.994 seconds
[2026-06-05T00:51:26.644+0000] {processor.py:161} INFO - Started process (PID=18753) to work on /opt/airflow/dags/minio_to_snowflake.py
[2026-06-05T00:51:26.646+0000] {processor.py:830} INFO - Processing file /opt/airflow/dags/minio_to_snowflake.py for tasks to queue
[2026-06-05T00:51:26.648+0000] {logging_mixin.py:188} INFO - [2026-06-05T00:51:26.648+0000] {dagbag.py:545} INFO - Filling up the DagBag from /opt/airflow/dags/minio_to_snowflake.py
[2026-06-05T00:51:27.685+0000] {processor.py:840} INFO - DAG(s) 'minio_to_snowflake' retrieved from /opt/airflow/dags/minio_to_snowflake.py
[2026-06-05T00:51:27.720+0000] {logging_mixin.py:188} INFO - [2026-06-05T00:51:27.719+0000] {dag.py:3089} INFO - Sync 1 DAGs
[2026-06-05T00:51:27.743+0000] {logging_mixin.py:188} INFO - [2026-06-05T00:51:27.743+0000] {dag.py:3947} INFO - Setting next_dagrun for minio_to_snowflake to 2026-06-05 00:50:00+00:00, run_after=2026-06-05 00:51:00+00:00
[2026-06-05T00:51:27.763+0000] {processor.py:183} INFO - Processing /opt/airflow/dags/minio_to_snowflake.py took 1.126 seconds
[2026-06-05T00:51:57.873+0000] {processor.py:161} INFO - Started process (PID=18853) to work on /opt/airflow/dags/minio_to_snowflake.py
[2026-06-05T00:51:57.875+0000] {processor.py:830} INFO - Processing file /opt/airflow/dags/minio_to_snowflake.py for tasks to queue
[2026-06-05T00:51:57.877+0000] {logging_mixin.py:188} INFO - [2026-06-05T00:51:57.877+0000] {dagbag.py:545} INFO - Filling up the DagBag from /opt/airflow/dags/minio_to_snowflake.py
[2026-06-05T00:51:58.809+0000] {processor.py:840} INFO - DAG(s) 'minio_to_snowflake' retrieved from /opt/airflow/dags/minio_to_snowflake.py
[2026-06-05T00:51:58.842+0000] {logging_mixin.py:188} INFO - [2026-06-05T00:51:58.841+0000] {dag.py:3089} INFO - Sync 1 DAGs
[2026-06-05T00:51:58.868+0000] {logging_mixin.py:188} INFO - [2026-06-05T00:51:58.868+0000] {dag.py:3947} INFO - Setting next_dagrun for minio_to_snowflake to 2026-06-05 00:51:00+00:00, run_after=2026-06-05 00:52:00+00:00
[2026-06-05T00:51:58.889+0000] {processor.py:183} INFO - Processing /opt/airflow/dags/minio_to_snowflake.py took 1.025 seconds
[2026-06-05T00:52:29.097+0000] {processor.py:161} INFO - Started process (PID=20035) to work on /opt/airflow/dags/minio_to_snowflake.py
[2026-06-05T00:52:29.099+0000] {processor.py:830} INFO - Processing file /opt/airflow/dags/minio_to_snowflake.py for tasks to queue
[2026-06-05T00:52:29.101+0000] {logging_mixin.py:188} INFO - [2026-06-05T00:52:29.100+0000] {dagbag.py:545} INFO - Filling up the DagBag from /opt/airflow/dags/minio_to_snowflake.py
[2026-06-05T00:52:30.025+0000] {processor.py:840} INFO - DAG(s) 'minio_to_snowflake' retrieved from /opt/airflow/dags/minio_to_snowflake.py
[2026-06-05T00:52:30.057+0000] {logging_mixin.py:188} INFO - [2026-06-05T00:52:30.056+0000] {dag.py:3089} INFO - Sync 1 DAGs
[2026-06-05T00:52:30.083+0000] {logging_mixin.py:188} INFO - [2026-06-05T00:52:30.082+0000] {dag.py:3947} INFO - Setting next_dagrun for minio_to_snowflake to 2026-06-05 00:51:00+00:00, run_after=2026-06-05 00:52:00+00:00
[2026-06-05T00:52:30.104+0000] {processor.py:183} INFO - Processing /opt/airflow/dags/minio_to_snowflake.py took 1.015 seconds
[2026-06-05T00:53:00.361+0000] {processor.py:161} INFO - Started process (PID=20148) to work on /opt/airflow/dags/minio_to_snowflake.py
[2026-06-05T00:53:00.363+0000] {processor.py:830} INFO - Processing file /opt/airflow/dags/minio_to_snowflake.py for tasks to queue
[2026-06-05T00:53:00.366+0000] {logging_mixin.py:188} INFO - [2026-06-05T00:53:00.366+0000] {dagbag.py:545} INFO - Filling up the DagBag from /opt/airflow/dags/minio_to_snowflake.py
[2026-06-05T00:53:01.254+0000] {processor.py:840} INFO - DAG(s) 'minio_to_snowflake' retrieved from /opt/airflow/dags/minio_to_snowflake.py
[2026-06-05T00:53:01.285+0000] {logging_mixin.py:188} INFO - [2026-06-05T00:53:01.284+0000] {dag.py:3089} INFO - Sync 1 DAGs
[2026-06-05T00:53:01.313+0000] {logging_mixin.py:188} INFO - [2026-06-05T00:53:01.313+0000] {dag.py:3947} INFO - Setting next_dagrun for minio_to_snowflake to 2026-06-05 00:52:00+00:00, run_after=2026-06-05 00:53:00+00:00
[2026-06-05T00:53:01.338+0000] {processor.py:183} INFO - Processing /opt/airflow/dags/minio_to_snowflake.py took 0.985 seconds
[2026-06-05T00:53:31.614+0000] {processor.py:161} INFO - Started process (PID=20260) to work on /opt/airflow/dags/minio_to_snowflake.py
[2026-06-05T00:53:31.615+0000] {processor.py:830} INFO - Processing file /opt/airflow/dags/minio_to_snowflake.py for tasks to queue
[2026-06-05T00:53:31.617+0000] {logging_mixin.py:188} INFO - [2026-06-05T00:53:31.617+0000] {dagbag.py:545} INFO - Filling up the DagBag from /opt/airflow/dags/minio_to_snowflake.py
[2026-06-05T00:53:32.513+0000] {processor.py:840} INFO - DAG(s) 'minio_to_snowflake' retrieved from /opt/airflow/dags/minio_to_snowflake.py
[2026-06-05T00:53:32.542+0000] {logging_mixin.py:188} INFO - [2026-06-05T00:53:32.542+0000] {dag.py:3089} INFO - Sync 1 DAGs
[2026-06-05T00:53:32.570+0000] {logging_mixin.py:188} INFO - [2026-06-05T00:53:32.569+0000] {dag.py:3947} INFO - Setting next_dagrun for minio_to_snowflake to 2026-06-05 00:52:00+00:00, run_after=2026-06-05 00:53:00+00:00
[2026-06-05T00:53:32.592+0000] {processor.py:183} INFO - Processing /opt/airflow/dags/minio_to_snowflake.py took 0.986 seconds
[2026-06-05T00:54:02.951+0000] {processor.py:161} INFO - Started process (PID=20353) to work on /opt/airflow/dags/minio_to_snowflake.py
[2026-06-05T00:54:02.953+0000] {processor.py:830} INFO - Processing file /opt/airflow/dags/minio_to_snowflake.py for tasks to queue
[2026-06-05T00:54:02.958+0000] {logging_mixin.py:188} INFO - [2026-06-05T00:54:02.958+0000] {dagbag.py:545} INFO - Filling up the DagBag from /opt/airflow/dags/minio_to_snowflake.py
[2026-06-05T00:54:03.933+0000] {processor.py:840} INFO - DAG(s) 'minio_to_snowflake' retrieved from /opt/airflow/dags/minio_to_snowflake.py
[2026-06-05T00:54:03.964+0000] {logging_mixin.py:188} INFO - [2026-06-05T00:54:03.961+0000] {dag.py:3089} INFO - Sync 1 DAGs
[2026-06-05T00:54:03.991+0000] {logging_mixin.py:188} INFO - [2026-06-05T00:54:03.991+0000] {dag.py:3947} INFO - Setting next_dagrun for minio_to_snowflake to 2026-06-05 00:53:00+00:00, run_after=2026-06-05 00:54:00+00:00
[2026-06-05T00:54:04.012+0000] {processor.py:183} INFO - Processing /opt/airflow/dags/minio_to_snowflake.py took 1.070 seconds
[2026-06-05T00:54:34.187+0000] {processor.py:161} INFO - Started process (PID=20441) to work on /opt/airflow/dags/minio_to_snowflake.py
[2026-06-05T00:54:34.188+0000] {processor.py:830} INFO - Processing file /opt/airflow/dags/minio_to_snowflake.py for tasks to queue
[2026-06-05T00:54:34.191+0000] {logging_mixin.py:188} INFO - [2026-06-05T00:54:34.190+0000] {dagbag.py:545} INFO - Filling up the DagBag from /opt/airflow/dags/minio_to_snowflake.py
[2026-06-05T00:54:35.183+0000] {processor.py:840} INFO - DAG(s) 'minio_to_snowflake' retrieved from /opt/airflow/dags/minio_to_snowflake.py
[2026-06-05T00:54:35.216+0000] {logging_mixin.py:188} INFO - [2026-06-05T00:54:35.215+0000] {dag.py:3089} INFO - Sync 1 DAGs
[2026-06-05T00:54:35.242+0000] {logging_mixin.py:188} INFO - [2026-06-05T00:54:35.242+0000] {dag.py:3947} INFO - Setting next_dagrun for minio_to_snowflake to 2026-06-05 00:53:00+00:00, run_after=2026-06-05 00:54:00+00:00
[2026-06-05T00:54:35.263+0000] {processor.py:183} INFO - Processing /opt/airflow/dags/minio_to_snowflake.py took 1.085 seconds
[2026-06-05T00:55:05.469+0000] {processor.py:161} INFO - Started process (PID=20512) to work on /opt/airflow/dags/minio_to_snowflake.py
[2026-06-05T00:55:05.471+0000] {processor.py:830} INFO - Processing file /opt/airflow/dags/minio_to_snowflake.py for tasks to queue
[2026-06-05T00:55:05.477+0000] {logging_mixin.py:188} INFO - [2026-06-05T00:55:05.476+0000] {dagbag.py:545} INFO - Filling up the DagBag from /opt/airflow/dags/minio_to_snowflake.py
[2026-06-05T00:55:06.509+0000] {processor.py:840} INFO - DAG(s) 'minio_to_snowflake' retrieved from /opt/airflow/dags/minio_to_snowflake.py
[2026-06-05T00:55:06.539+0000] {logging_mixin.py:188} INFO - [2026-06-05T00:55:06.538+0000] {dag.py:3089} INFO - Sync 1 DAGs
[2026-06-05T00:55:06.564+0000] {logging_mixin.py:188} INFO - [2026-06-05T00:55:06.564+0000] {dag.py:3947} INFO - Setting next_dagrun for minio_to_snowflake to 2026-06-05 00:54:00+00:00, run_after=2026-06-05 00:55:00+00:00
[2026-06-05T00:55:06.592+0000] {processor.py:183} INFO - Processing /opt/airflow/dags/minio_to_snowflake.py took 1.134 seconds
[2026-06-05T00:55:36.718+0000] {processor.py:161} INFO - Started process (PID=21575) to work on /opt/airflow/dags/minio_to_snowflake.py
[2026-06-05T00:55:36.719+0000] {processor.py:830} INFO - Processing file /opt/airflow/dags/minio_to_snowflake.py for tasks to queue
[2026-06-05T00:55:36.722+0000] {logging_mixin.py:188} INFO - [2026-06-05T00:55:36.721+0000] {dagbag.py:545} INFO - Filling up the DagBag from /opt/airflow/dags/minio_to_snowflake.py
[2026-06-05T00:55:37.776+0000] {processor.py:840} INFO - DAG(s) 'minio_to_snowflake' retrieved from /opt/airflow/dags/minio_to_snowflake.py
[2026-06-05T00:55:37.807+0000] {logging_mixin.py:188} INFO - [2026-06-05T00:55:37.806+0000] {dag.py:3089} INFO - Sync 1 DAGs
[2026-06-05T00:55:37.841+0000] {logging_mixin.py:188} INFO - [2026-06-05T00:55:37.841+0000] {dag.py:3947} INFO - Setting next_dagrun for minio_to_snowflake to 2026-06-05 00:55:00+00:00, run_after=2026-06-05 00:56:00+00:00
[2026-06-05T00:55:37.864+0000] {processor.py:183} INFO - Processing /opt/airflow/dags/minio_to_snowflake.py took 1.154 seconds
[2026-06-05T00:56:08.077+0000] {processor.py:161} INFO - Started process (PID=21748) to work on /opt/airflow/dags/minio_to_snowflake.py
[2026-06-05T00:56:08.081+0000] {processor.py:830} INFO - Processing file /opt/airflow/dags/minio_to_snowflake.py for tasks to queue
[2026-06-05T00:56:08.085+0000] {logging_mixin.py:188} INFO - [2026-06-05T00:56:08.085+0000] {dagbag.py:545} INFO - Filling up the DagBag from /opt/airflow/dags/minio_to_snowflake.py
[2026-06-05T00:56:09.100+0000] {processor.py:840} INFO - DAG(s) 'minio_to_snowflake' retrieved from /opt/airflow/dags/minio_to_snowflake.py
[2026-06-05T00:56:09.130+0000] {logging_mixin.py:188} INFO - [2026-06-05T00:56:09.129+0000] {dag.py:3089} INFO - Sync 1 DAGs
[2026-06-05T00:56:09.158+0000] {logging_mixin.py:188} INFO - [2026-06-05T00:56:09.158+0000] {dag.py:3947} INFO - Setting next_dagrun for minio_to_snowflake to 2026-06-05 00:55:00+00:00, run_after=2026-06-05 00:56:00+00:00
[2026-06-05T00:56:09.178+0000] {processor.py:183} INFO - Processing /opt/airflow/dags/minio_to_snowflake.py took 1.112 seconds
[2026-06-05T00:56:39.356+0000] {processor.py:161} INFO - Started process (PID=21836) to work on /opt/airflow/dags/minio_to_snowflake.py
[2026-06-05T00:56:39.359+0000] {processor.py:830} INFO - Processing file /opt/airflow/dags/minio_to_snowflake.py for tasks to queue
[2026-06-05T00:56:39.363+0000] {logging_mixin.py:188} INFO - [2026-06-05T00:56:39.362+0000] {dagbag.py:545} INFO - Filling up the DagBag from /opt/airflow/dags/minio_to_snowflake.py
[2026-06-05T00:56:40.258+0000] {processor.py:840} INFO - DAG(s) 'minio_to_snowflake' retrieved from /opt/airflow/dags/minio_to_snowflake.py
[2026-06-05T00:56:40.290+0000] {logging_mixin.py:188} INFO - [2026-06-05T00:56:40.289+0000] {dag.py:3089} INFO - Sync 1 DAGs
[2026-06-05T00:56:40.319+0000] {logging_mixin.py:188} INFO - [2026-06-05T00:56:40.319+0000] {dag.py:3947} INFO - Setting next_dagrun for minio_to_snowflake to 2026-06-05 00:55:00+00:00, run_after=2026-06-05 00:56:00+00:00
[2026-06-05T00:56:40.343+0000] {processor.py:183} INFO - Processing /opt/airflow/dags/minio_to_snowflake.py took 0.999 seconds
[2026-06-05T01:16:59.162+0000] {processor.py:161} INFO - Started process (PID=21855) to work on /opt/airflow/dags/minio_to_snowflake.py
[2026-06-05T01:16:59.173+0000] {processor.py:830} INFO - Processing file /opt/airflow/dags/minio_to_snowflake.py for tasks to queue
[2026-06-05T01:16:59.192+0000] {logging_mixin.py:188} INFO - [2026-06-05T01:16:59.191+0000] {dagbag.py:545} INFO - Filling up the DagBag from /opt/airflow/dags/minio_to_snowflake.py
[2026-06-05T01:17:04.427+0000] {processor.py:840} INFO - DAG(s) 'minio_to_snowflake' retrieved from /opt/airflow/dags/minio_to_snowflake.py
[2026-06-05T01:17:04.614+0000] {logging_mixin.py:188} INFO - [2026-06-05T01:17:04.612+0000] {dag.py:3089} INFO - Sync 1 DAGs
[2026-06-05T01:17:04.709+0000] {logging_mixin.py:188} INFO - [2026-06-05T01:17:04.709+0000] {dag.py:3947} INFO - Setting next_dagrun for minio_to_snowflake to 2026-06-05 01:16:00+00:00, run_after=2026-06-05 01:17:00+00:00
[2026-06-05T01:17:04.871+0000] {processor.py:183} INFO - Processing /opt/airflow/dags/minio_to_snowflake.py took 5.720 seconds
[2026-06-05T01:17:35.286+0000] {processor.py:161} INFO - Started process (PID=22870) to work on /opt/airflow/dags/minio_to_snowflake.py
[2026-06-05T01:17:35.298+0000] {processor.py:830} INFO - Processing file /opt/airflow/dags/minio_to_snowflake.py for tasks to queue
[2026-06-05T01:17:35.312+0000] {logging_mixin.py:188} INFO - [2026-06-05T01:17:35.312+0000] {dagbag.py:545} INFO - Filling up the DagBag from /opt/airflow/dags/minio_to_snowflake.py
[2026-06-05T01:17:38.536+0000] {processor.py:840} INFO - DAG(s) 'minio_to_snowflake' retrieved from /opt/airflow/dags/minio_to_snowflake.py
[2026-06-05T01:17:38.631+0000] {logging_mixin.py:188} INFO - [2026-06-05T01:17:38.620+0000] {dag.py:3089} INFO - Sync 1 DAGs
[2026-06-05T01:17:38.712+0000] {logging_mixin.py:188} INFO - [2026-06-05T01:17:38.711+0000] {dag.py:3947} INFO - Setting next_dagrun for minio_to_snowflake to 2026-06-05 01:17:00+00:00, run_after=2026-06-05 01:18:00+00:00
[2026-06-05T01:17:38.793+0000] {processor.py:183} INFO - Processing /opt/airflow/dags/minio_to_snowflake.py took 3.526 seconds
[2026-06-05T01:18:09.416+0000] {processor.py:161} INFO - Started process (PID=23012) to work on /opt/airflow/dags/minio_to_snowflake.py
[2026-06-05T01:18:09.417+0000] {processor.py:830} INFO - Processing file /opt/airflow/dags/minio_to_snowflake.py for tasks to queue
[2026-06-05T01:18:09.430+0000] {logging_mixin.py:188} INFO - [2026-06-05T01:18:09.426+0000] {dagbag.py:545} INFO - Filling up the DagBag from /opt/airflow/dags/minio_to_snowflake.py
[2026-06-05T01:18:11.838+0000] {processor.py:840} INFO - DAG(s) 'minio_to_snowflake' retrieved from /opt/airflow/dags/minio_to_snowflake.py
[2026-06-05T01:18:11.893+0000] {logging_mixin.py:188} INFO - [2026-06-05T01:18:11.892+0000] {dag.py:3089} INFO - Sync 1 DAGs
[2026-06-05T01:18:11.950+0000] {logging_mixin.py:188} INFO - [2026-06-05T01:18:11.950+0000] {dag.py:3947} INFO - Setting next_dagrun for minio_to_snowflake to 2026-06-05 01:17:00+00:00, run_after=2026-06-05 01:18:00+00:00
[2026-06-05T01:18:11.995+0000] {processor.py:183} INFO - Processing /opt/airflow/dags/minio_to_snowflake.py took 2.597 seconds
[2026-06-05T01:18:42.259+0000] {processor.py:161} INFO - Started process (PID=23057) to work on /opt/airflow/dags/minio_to_snowflake.py
[2026-06-05T01:18:42.260+0000] {processor.py:830} INFO - Processing file /opt/airflow/dags/minio_to_snowflake.py for tasks to queue
[2026-06-05T01:18:42.263+0000] {logging_mixin.py:188} INFO - [2026-06-05T01:18:42.262+0000] {dagbag.py:545} INFO - Filling up the DagBag from /opt/airflow/dags/minio_to_snowflake.py
[2026-06-05T01:18:43.363+0000] {processor.py:840} INFO - DAG(s) 'minio_to_snowflake' retrieved from /opt/airflow/dags/minio_to_snowflake.py
[2026-06-05T01:18:43.397+0000] {logging_mixin.py:188} INFO - [2026-06-05T01:18:43.397+0000] {dag.py:3089} INFO - Sync 1 DAGs
[2026-06-05T01:18:43.427+0000] {logging_mixin.py:188} INFO - [2026-06-05T01:18:43.426+0000] {dag.py:3947} INFO - Setting next_dagrun for minio_to_snowflake to 2026-06-05 01:17:00+00:00, run_after=2026-06-05 01:18:00+00:00
[2026-06-05T01:18:43.449+0000] {processor.py:183} INFO - Processing /opt/airflow/dags/minio_to_snowflake.py took 1.199 seconds
[2026-06-05T01:19:13.764+0000] {processor.py:161} INFO - Started process (PID=23134) to work on /opt/airflow/dags/minio_to_snowflake.py
[2026-06-05T01:19:13.766+0000] {processor.py:830} INFO - Processing file /opt/airflow/dags/minio_to_snowflake.py for tasks to queue
[2026-06-05T01:19:13.772+0000] {logging_mixin.py:188} INFO - [2026-06-05T01:19:13.772+0000] {dagbag.py:545} INFO - Filling up the DagBag from /opt/airflow/dags/minio_to_snowflake.py
[2026-06-05T01:19:15.090+0000] {processor.py:840} INFO - DAG(s) 'minio_to_snowflake' retrieved from /opt/airflow/dags/minio_to_snowflake.py
[2026-06-05T01:19:15.122+0000] {logging_mixin.py:188} INFO - [2026-06-05T01:19:15.121+0000] {dag.py:3089} INFO - Sync 1 DAGs
[2026-06-05T01:19:15.161+0000] {logging_mixin.py:188} INFO - [2026-06-05T01:19:15.160+0000] {dag.py:3947} INFO - Setting next_dagrun for minio_to_snowflake to 2026-06-05 01:18:00+00:00, run_after=2026-06-05 01:19:00+00:00
[2026-06-05T01:19:15.187+0000] {processor.py:183} INFO - Processing /opt/airflow/dags/minio_to_snowflake.py took 1.431 seconds
[2026-06-05T01:19:45.856+0000] {processor.py:161} INFO - Started process (PID=23236) to work on /opt/airflow/dags/minio_to_snowflake.py
[2026-06-05T01:19:45.858+0000] {processor.py:830} INFO - Processing file /opt/airflow/dags/minio_to_snowflake.py for tasks to queue
[2026-06-05T01:19:45.863+0000] {logging_mixin.py:188} INFO - [2026-06-05T01:19:45.862+0000] {dagbag.py:545} INFO - Filling up the DagBag from /opt/airflow/dags/minio_to_snowflake.py
[2026-06-05T01:19:46.934+0000] {processor.py:840} INFO - DAG(s) 'minio_to_snowflake' retrieved from /opt/airflow/dags/minio_to_snowflake.py
[2026-06-05T01:19:46.968+0000] {logging_mixin.py:188} INFO - [2026-06-05T01:19:46.965+0000] {dag.py:3089} INFO - Sync 1 DAGs
[2026-06-05T01:19:47.003+0000] {logging_mixin.py:188} INFO - [2026-06-05T01:19:47.003+0000] {dag.py:3947} INFO - Setting next_dagrun for minio_to_snowflake to 2026-06-05 01:18:00+00:00, run_after=2026-06-05 01:19:00+00:00
[2026-06-05T01:19:47.028+0000] {processor.py:183} INFO - Processing /opt/airflow/dags/minio_to_snowflake.py took 1.186 seconds
[2026-06-05T01:20:17.293+0000] {processor.py:161} INFO - Started process (PID=23332) to work on /opt/airflow/dags/minio_to_snowflake.py
[2026-06-05T01:20:17.294+0000] {processor.py:830} INFO - Processing file /opt/airflow/dags/minio_to_snowflake.py for tasks to queue
[2026-06-05T01:20:17.297+0000] {logging_mixin.py:188} INFO - [2026-06-05T01:20:17.297+0000] {dagbag.py:545} INFO - Filling up the DagBag from /opt/airflow/dags/minio_to_snowflake.py
[2026-06-05T01:20:18.652+0000] {processor.py:840} INFO - DAG(s) 'minio_to_snowflake' retrieved from /opt/airflow/dags/minio_to_snowflake.py
[2026-06-05T01:20:18.689+0000] {logging_mixin.py:188} INFO - [2026-06-05T01:20:18.688+0000] {dag.py:3089} INFO - Sync 1 DAGs
[2026-06-05T01:20:18.713+0000] {logging_mixin.py:188} INFO - [2026-06-05T01:20:18.713+0000] {dag.py:3947} INFO - Setting next_dagrun for minio_to_snowflake to 2026-06-05 01:19:00+00:00, run_after=2026-06-05 01:20:00+00:00
[2026-06-05T01:20:18.735+0000] {processor.py:183} INFO - Processing /opt/airflow/dags/minio_to_snowflake.py took 1.452 seconds
[2026-06-05T01:20:49.036+0000] {processor.py:161} INFO - Started process (PID=23424) to work on /opt/airflow/dags/minio_to_snowflake.py
[2026-06-05T01:20:49.037+0000] {processor.py:830} INFO - Processing file /opt/airflow/dags/minio_to_snowflake.py for tasks to queue
[2026-06-05T01:20:49.040+0000] {logging_mixin.py:188} INFO - [2026-06-05T01:20:49.039+0000] {dagbag.py:545} INFO - Filling up the DagBag from /opt/airflow/dags/minio_to_snowflake.py
[2026-06-05T01:20:50.067+0000] {processor.py:840} INFO - DAG(s) 'minio_to_snowflake' retrieved from /opt/airflow/dags/minio_to_snowflake.py
[2026-06-05T01:20:50.102+0000] {logging_mixin.py:188} INFO - [2026-06-05T01:20:50.101+0000] {dag.py:3089} INFO - Sync 1 DAGs
[2026-06-05T01:20:50.131+0000] {logging_mixin.py:188} INFO - [2026-06-05T01:20:50.131+0000] {dag.py:3947} INFO - Setting next_dagrun for minio_to_snowflake to 2026-06-05 01:19:00+00:00, run_after=2026-06-05 01:20:00+00:00
[2026-06-05T01:20:50.155+0000] {processor.py:183} INFO - Processing /opt/airflow/dags/minio_to_snowflake.py took 1.129 seconds
[2026-06-05T01:21:20.276+0000] {processor.py:161} INFO - Started process (PID=23522) to work on /opt/airflow/dags/minio_to_snowflake.py
[2026-06-05T01:21:20.278+0000] {processor.py:830} INFO - Processing file /opt/airflow/dags/minio_to_snowflake.py for tasks to queue
[2026-06-05T01:21:20.281+0000] {logging_mixin.py:188} INFO - [2026-06-05T01:21:20.281+0000] {dagbag.py:545} INFO - Filling up the DagBag from /opt/airflow/dags/minio_to_snowflake.py
[2026-06-05T01:21:21.577+0000] {processor.py:840} INFO - DAG(s) 'minio_to_snowflake' retrieved from /opt/airflow/dags/minio_to_snowflake.py
[2026-06-05T01:21:21.616+0000] {logging_mixin.py:188} INFO - [2026-06-05T01:21:21.615+0000] {dag.py:3089} INFO - Sync 1 DAGs
[2026-06-05T01:21:21.647+0000] {logging_mixin.py:188} INFO - [2026-06-05T01:21:21.647+0000] {dag.py:3947} INFO - Setting next_dagrun for minio_to_snowflake to 2026-06-05 01:20:00+00:00, run_after=2026-06-05 01:21:00+00:00
[2026-06-05T01:21:21.680+0000] {processor.py:183} INFO - Processing /opt/airflow/dags/minio_to_snowflake.py took 1.421 seconds
[2026-06-05T01:21:52.067+0000] {processor.py:161} INFO - Started process (PID=24626) to work on /opt/airflow/dags/minio_to_snowflake.py
[2026-06-05T01:21:52.070+0000] {processor.py:830} INFO - Processing file /opt/airflow/dags/minio_to_snowflake.py for tasks to queue
[2026-06-05T01:21:52.074+0000] {logging_mixin.py:188} INFO - [2026-06-05T01:21:52.073+0000] {dagbag.py:545} INFO - Filling up the DagBag from /opt/airflow/dags/minio_to_snowflake.py
[2026-06-05T01:21:53.591+0000] {processor.py:840} INFO - DAG(s) 'minio_to_snowflake' retrieved from /opt/airflow/dags/minio_to_snowflake.py
[2026-06-05T01:21:53.624+0000] {logging_mixin.py:188} INFO - [2026-06-05T01:21:53.624+0000] {dag.py:3089} INFO - Sync 1 DAGs
[2026-06-05T01:21:53.660+0000] {logging_mixin.py:188} INFO - [2026-06-05T01:21:53.659+0000] {dag.py:3947} INFO - Setting next_dagrun for minio_to_snowflake to 2026-06-05 01:21:00+00:00, run_after=2026-06-05 01:22:00+00:00
[2026-06-05T01:21:53.683+0000] {processor.py:183} INFO - Processing /opt/airflow/dags/minio_to_snowflake.py took 1.625 seconds
[2026-06-05T01:22:24.034+0000] {processor.py:161} INFO - Started process (PID=24755) to work on /opt/airflow/dags/minio_to_snowflake.py
[2026-06-05T01:22:24.035+0000] {processor.py:830} INFO - Processing file /opt/airflow/dags/minio_to_snowflake.py for tasks to queue
[2026-06-05T01:22:24.038+0000] {logging_mixin.py:188} INFO - [2026-06-05T01:22:24.038+0000] {dagbag.py:545} INFO - Filling up the DagBag from /opt/airflow/dags/minio_to_snowflake.py
[2026-06-05T01:22:25.189+0000] {processor.py:840} INFO - DAG(s) 'minio_to_snowflake' retrieved from /opt/airflow/dags/minio_to_snowflake.py
[2026-06-05T01:22:25.226+0000] {logging_mixin.py:188} INFO - [2026-06-05T01:22:25.225+0000] {dag.py:3089} INFO - Sync 1 DAGs
[2026-06-05T01:22:25.266+0000] {logging_mixin.py:188} INFO - [2026-06-05T01:22:25.265+0000] {dag.py:3947} INFO - Setting next_dagrun for minio_to_snowflake to 2026-06-05 01:21:00+00:00, run_after=2026-06-05 01:22:00+00:00
[2026-06-05T01:22:25.299+0000] {processor.py:183} INFO - Processing /opt/airflow/dags/minio_to_snowflake.py took 1.278 seconds
[2026-06-05T01:22:55.444+0000] {processor.py:161} INFO - Started process (PID=24845) to work on /opt/airflow/dags/minio_to_snowflake.py
[2026-06-05T01:22:55.446+0000] {processor.py:830} INFO - Processing file /opt/airflow/dags/minio_to_snowflake.py for tasks to queue
[2026-06-05T01:22:55.448+0000] {logging_mixin.py:188} INFO - [2026-06-05T01:22:55.448+0000] {dagbag.py:545} INFO - Filling up the DagBag from /opt/airflow/dags/minio_to_snowflake.py
[2026-06-05T01:22:56.619+0000] {processor.py:840} INFO - DAG(s) 'minio_to_snowflake' retrieved from /opt/airflow/dags/minio_to_snowflake.py
[2026-06-05T01:22:56.656+0000] {logging_mixin.py:188} INFO - [2026-06-05T01:22:56.656+0000] {dag.py:3089} INFO - Sync 1 DAGs
[2026-06-05T01:22:56.684+0000] {logging_mixin.py:188} INFO - [2026-06-05T01:22:56.684+0000] {dag.py:3947} INFO - Setting next_dagrun for minio_to_snowflake to 2026-06-05 01:21:00+00:00, run_after=2026-06-05 01:22:00+00:00
[2026-06-05T01:22:56.707+0000] {processor.py:183} INFO - Processing /opt/airflow/dags/minio_to_snowflake.py took 1.292 seconds
[2026-06-05T01:23:26.791+0000] {processor.py:161} INFO - Started process (PID=24929) to work on /opt/airflow/dags/minio_to_snowflake.py
[2026-06-05T01:23:26.793+0000] {processor.py:830} INFO - Processing file /opt/airflow/dags/minio_to_snowflake.py for tasks to queue
[2026-06-05T01:23:26.797+0000] {logging_mixin.py:188} INFO - [2026-06-05T01:23:26.795+0000] {dagbag.py:545} INFO - Filling up the DagBag from /opt/airflow/dags/minio_to_snowflake.py
[2026-06-05T01:23:28.054+0000] {processor.py:840} INFO - DAG(s) 'minio_to_snowflake' retrieved from /opt/airflow/dags/minio_to_snowflake.py
[2026-06-05T01:23:28.095+0000] {logging_mixin.py:188} INFO - [2026-06-05T01:23:28.094+0000] {dag.py:3089} INFO - Sync 1 DAGs
[2026-06-05T01:23:28.127+0000] {logging_mixin.py:188} INFO - [2026-06-05T01:23:28.127+0000] {dag.py:3947} INFO - Setting next_dagrun for minio_to_snowflake to 2026-06-05 01:22:00+00:00, run_after=2026-06-05 01:23:00+00:00
[2026-06-05T01:23:28.152+0000] {processor.py:183} INFO - Processing /opt/airflow/dags/minio_to_snowflake.py took 1.370 seconds
[2026-06-05T01:23:58.385+0000] {processor.py:161} INFO - Started process (PID=25020) to work on /opt/airflow/dags/minio_to_snowflake.py
[2026-06-05T01:23:58.386+0000] {processor.py:830} INFO - Processing file /opt/airflow/dags/minio_to_snowflake.py for tasks to queue
[2026-06-05T01:23:58.389+0000] {logging_mixin.py:188} INFO - [2026-06-05T01:23:58.388+0000] {dagbag.py:545} INFO - Filling up the DagBag from /opt/airflow/dags/minio_to_snowflake.py
[2026-06-05T01:23:59.381+0000] {processor.py:840} INFO - DAG(s) 'minio_to_snowflake' retrieved from /opt/airflow/dags/minio_to_snowflake.py
[2026-06-05T01:23:59.414+0000] {logging_mixin.py:188} INFO - [2026-06-05T01:23:59.414+0000] {dag.py:3089} INFO - Sync 1 DAGs
[2026-06-05T01:23:59.439+0000] {logging_mixin.py:188} INFO - [2026-06-05T01:23:59.439+0000] {dag.py:3947} INFO - Setting next_dagrun for minio_to_snowflake to 2026-06-05 01:22:00+00:00, run_after=2026-06-05 01:23:00+00:00
[2026-06-05T01:23:59.464+0000] {processor.py:183} INFO - Processing /opt/airflow/dags/minio_to_snowflake.py took 1.087 seconds
[2026-06-05T01:24:29.608+0000] {processor.py:161} INFO - Started process (PID=25122) to work on /opt/airflow/dags/minio_to_snowflake.py
[2026-06-05T01:24:29.609+0000] {processor.py:830} INFO - Processing file /opt/airflow/dags/minio_to_snowflake.py for tasks to queue
[2026-06-05T01:24:29.612+0000] {logging_mixin.py:188} INFO - [2026-06-05T01:24:29.611+0000] {dagbag.py:545} INFO - Filling up the DagBag from /opt/airflow/dags/minio_to_snowflake.py
[2026-06-05T01:24:30.706+0000] {processor.py:840} INFO - DAG(s) 'minio_to_snowflake' retrieved from /opt/airflow/dags/minio_to_snowflake.py
[2026-06-05T01:24:30.745+0000] {logging_mixin.py:188} INFO - [2026-06-05T01:24:30.744+0000] {dag.py:3089} INFO - Sync 1 DAGs
[2026-06-05T01:24:30.787+0000] {logging_mixin.py:188} INFO - [2026-06-05T01:24:30.786+0000] {dag.py:3947} INFO - Setting next_dagrun for minio_to_snowflake to 2026-06-05 01:23:00+00:00, run_after=2026-06-05 01:24:00+00:00
[2026-06-05T01:24:30.822+0000] {processor.py:183} INFO - Processing /opt/airflow/dags/minio_to_snowflake.py took 1.226 seconds
[2026-06-05T01:25:00.965+0000] {processor.py:161} INFO - Started process (PID=25232) to work on /opt/airflow/dags/minio_to_snowflake.py
[2026-06-05T01:25:00.966+0000] {processor.py:830} INFO - Processing file /opt/airflow/dags/minio_to_snowflake.py for tasks to queue
[2026-06-05T01:25:00.969+0000] {logging_mixin.py:188} INFO - [2026-06-05T01:25:00.969+0000] {dagbag.py:545} INFO - Filling up the DagBag from /opt/airflow/dags/minio_to_snowflake.py
[2026-06-05T01:25:02.111+0000] {processor.py:840} INFO - DAG(s) 'minio_to_snowflake' retrieved from /opt/airflow/dags/minio_to_snowflake.py
[2026-06-05T01:25:02.144+0000] {logging_mixin.py:188} INFO - [2026-06-05T01:25:02.143+0000] {dag.py:3089} INFO - Sync 1 DAGs
[2026-06-05T01:25:02.178+0000] {logging_mixin.py:188} INFO - [2026-06-05T01:25:02.177+0000] {dag.py:3947} INFO - Setting next_dagrun for minio_to_snowflake to 2026-06-05 01:24:00+00:00, run_after=2026-06-05 01:25:00+00:00
[2026-06-05T01:25:02.203+0000] {processor.py:183} INFO - Processing /opt/airflow/dags/minio_to_snowflake.py took 1.246 seconds
[2026-06-05T01:25:32.323+0000] {processor.py:161} INFO - Started process (PID=26401) to work on /opt/airflow/dags/minio_to_snowflake.py
[2026-06-05T01:25:32.324+0000] {processor.py:830} INFO - Processing file /opt/airflow/dags/minio_to_snowflake.py for tasks to queue
[2026-06-05T01:25:32.328+0000] {logging_mixin.py:188} INFO - [2026-06-05T01:25:32.327+0000] {dagbag.py:545} INFO - Filling up the DagBag from /opt/airflow/dags/minio_to_snowflake.py
[2026-06-05T01:25:33.368+0000] {processor.py:840} INFO - DAG(s) 'minio_to_snowflake' retrieved from /opt/airflow/dags/minio_to_snowflake.py
[2026-06-05T01:25:33.405+0000] {logging_mixin.py:188} INFO - [2026-06-05T01:25:33.402+0000] {dag.py:3089} INFO - Sync 1 DAGs
[2026-06-05T01:25:33.436+0000] {logging_mixin.py:188} INFO - [2026-06-05T01:25:33.433+0000] {dag.py:3947} INFO - Setting next_dagrun for minio_to_snowflake to 2026-06-05 01:25:00+00:00, run_after=2026-06-05 01:26:00+00:00
[2026-06-05T01:25:33.465+0000] {processor.py:183} INFO - Processing /opt/airflow/dags/minio_to_snowflake.py took 1.158 seconds
[2026-06-05T01:26:03.768+0000] {processor.py:161} INFO - Started process (PID=26485) to work on /opt/airflow/dags/minio_to_snowflake.py
[2026-06-05T01:26:03.769+0000] {processor.py:830} INFO - Processing file /opt/airflow/dags/minio_to_snowflake.py for tasks to queue
[2026-06-05T01:26:03.772+0000] {logging_mixin.py:188} INFO - [2026-06-05T01:26:03.771+0000] {dagbag.py:545} INFO - Filling up the DagBag from /opt/airflow/dags/minio_to_snowflake.py
[2026-06-05T01:26:04.819+0000] {processor.py:840} INFO - DAG(s) 'minio_to_snowflake' retrieved from /opt/airflow/dags/minio_to_snowflake.py
[2026-06-05T01:26:04.882+0000] {logging_mixin.py:188} INFO - [2026-06-05T01:26:04.881+0000] {dag.py:3089} INFO - Sync 1 DAGs
[2026-06-05T01:26:04.923+0000] {logging_mixin.py:188} INFO - [2026-06-05T01:26:04.922+0000] {dag.py:3947} INFO - Setting next_dagrun for minio_to_snowflake to 2026-06-05 01:25:00+00:00, run_after=2026-06-05 01:26:00+00:00
[2026-06-05T01:26:04.950+0000] {processor.py:183} INFO - Processing /opt/airflow/dags/minio_to_snowflake.py took 1.191 seconds
[2026-06-05T01:26:35.613+0000] {processor.py:161} INFO - Started process (PID=26576) to work on /opt/airflow/dags/minio_to_snowflake.py
[2026-06-05T01:26:35.614+0000] {processor.py:830} INFO - Processing file /opt/airflow/dags/minio_to_snowflake.py for tasks to queue
[2026-06-05T01:26:35.617+0000] {logging_mixin.py:188} INFO - [2026-06-05T01:26:35.616+0000] {dagbag.py:545} INFO - Filling up the DagBag from /opt/airflow/dags/minio_to_snowflake.py
[2026-06-05T01:26:36.784+0000] {processor.py:840} INFO - DAG(s) 'minio_to_snowflake' retrieved from /opt/airflow/dags/minio_to_snowflake.py
[2026-06-05T01:26:36.824+0000] {logging_mixin.py:188} INFO - [2026-06-05T01:26:36.823+0000] {dag.py:3089} INFO - Sync 1 DAGs
[2026-06-05T01:26:36.851+0000] {logging_mixin.py:188} INFO - [2026-06-05T01:26:36.850+0000] {dag.py:3947} INFO - Setting next_dagrun for minio_to_snowflake to 2026-06-05 01:25:00+00:00, run_after=2026-06-05 01:26:00+00:00
[2026-06-05T01:26:36.877+0000] {processor.py:183} INFO - Processing /opt/airflow/dags/minio_to_snowflake.py took 1.272 seconds
[2026-06-05T01:27:06.943+0000] {processor.py:161} INFO - Started process (PID=26649) to work on /opt/airflow/dags/minio_to_snowflake.py
[2026-06-05T01:27:06.945+0000] {processor.py:830} INFO - Processing file /opt/airflow/dags/minio_to_snowflake.py for tasks to queue
[2026-06-05T01:27:06.948+0000] {logging_mixin.py:188} INFO - [2026-06-05T01:27:06.947+0000] {dagbag.py:545} INFO - Filling up the DagBag from /opt/airflow/dags/minio_to_snowflake.py
[2026-06-05T01:27:08.152+0000] {processor.py:840} INFO - DAG(s) 'minio_to_snowflake' retrieved from /opt/airflow/dags/minio_to_snowflake.py
[2026-06-05T01:27:08.196+0000] {logging_mixin.py:188} INFO - [2026-06-05T01:27:08.195+0000] {dag.py:3089} INFO - Sync 1 DAGs
[2026-06-05T01:27:08.231+0000] {logging_mixin.py:188} INFO - [2026-06-05T01:27:08.230+0000] {dag.py:3947} INFO - Setting next_dagrun for minio_to_snowflake to 2026-06-05 01:26:00+00:00, run_after=2026-06-05 01:27:00+00:00
[2026-06-05T01:27:08.255+0000] {processor.py:183} INFO - Processing /opt/airflow/dags/minio_to_snowflake.py took 1.320 seconds
[2026-06-05T01:27:38.664+0000] {processor.py:161} INFO - Started process (PID=26698) to work on /opt/airflow/dags/minio_to_snowflake.py
[2026-06-05T01:27:38.666+0000] {processor.py:830} INFO - Processing file /opt/airflow/dags/minio_to_snowflake.py for tasks to queue
[2026-06-05T01:27:38.669+0000] {logging_mixin.py:188} INFO - [2026-06-05T01:27:38.668+0000] {dagbag.py:545} INFO - Filling up the DagBag from /opt/airflow/dags/minio_to_snowflake.py
[2026-06-05T01:27:39.893+0000] {processor.py:840} INFO - DAG(s) 'minio_to_snowflake' retrieved from /opt/airflow/dags/minio_to_snowflake.py
[2026-06-05T01:27:39.930+0000] {logging_mixin.py:188} INFO - [2026-06-05T01:27:39.929+0000] {dag.py:3089} INFO - Sync 1 DAGs
[2026-06-05T01:27:39.966+0000] {logging_mixin.py:188} INFO - [2026-06-05T01:27:39.966+0000] {dag.py:3947} INFO - Setting next_dagrun for minio_to_snowflake to 2026-06-05 01:26:00+00:00, run_after=2026-06-05 01:27:00+00:00
[2026-06-05T01:27:39.991+0000] {processor.py:183} INFO - Processing /opt/airflow/dags/minio_to_snowflake.py took 1.338 seconds
[2026-06-05T01:28:10.270+0000] {processor.py:161} INFO - Started process (PID=26767) to work on /opt/airflow/dags/minio_to_snowflake.py
[2026-06-05T01:28:10.271+0000] {processor.py:830} INFO - Processing file /opt/airflow/dags/minio_to_snowflake.py for tasks to queue
[2026-06-05T01:28:10.274+0000] {logging_mixin.py:188} INFO - [2026-06-05T01:28:10.273+0000] {dagbag.py:545} INFO - Filling up the DagBag from /opt/airflow/dags/minio_to_snowflake.py
[2026-06-05T01:28:11.295+0000] {processor.py:840} INFO - DAG(s) 'minio_to_snowflake' retrieved from /opt/airflow/dags/minio_to_snowflake.py
[2026-06-05T01:28:11.342+0000] {logging_mixin.py:188} INFO - [2026-06-05T01:28:11.340+0000] {dag.py:3089} INFO - Sync 1 DAGs
[2026-06-05T01:28:11.372+0000] {logging_mixin.py:188} INFO - [2026-06-05T01:28:11.372+0000] {dag.py:3947} INFO - Setting next_dagrun for minio_to_snowflake to 2026-06-05 01:27:00+00:00, run_after=2026-06-05 01:28:00+00:00
[2026-06-05T01:28:11.395+0000] {processor.py:183} INFO - Processing /opt/airflow/dags/minio_to_snowflake.py took 1.136 seconds
[2026-06-05T01:28:41.832+0000] {processor.py:161} INFO - Started process (PID=26823) to work on /opt/airflow/dags/minio_to_snowflake.py
[2026-06-05T01:28:41.834+0000] {processor.py:830} INFO - Processing file /opt/airflow/dags/minio_to_snowflake.py for tasks to queue
[2026-06-05T01:28:41.837+0000] {logging_mixin.py:188} INFO - [2026-06-05T01:28:41.836+0000] {dagbag.py:545} INFO - Filling up the DagBag from /opt/airflow/dags/minio_to_snowflake.py
[2026-06-05T01:28:43.188+0000] {processor.py:840} INFO - DAG(s) 'minio_to_snowflake' retrieved from /opt/airflow/dags/minio_to_snowflake.py
[2026-06-05T01:28:43.234+0000] {logging_mixin.py:188} INFO - [2026-06-05T01:28:43.233+0000] {dag.py:3089} INFO - Sync 1 DAGs
[2026-06-05T01:28:43.268+0000] {logging_mixin.py:188} INFO - [2026-06-05T01:28:43.268+0000] {dag.py:3947} INFO - Setting next_dagrun for minio_to_snowflake to 2026-06-05 01:27:00+00:00, run_after=2026-06-05 01:28:00+00:00
[2026-06-05T01:28:43.302+0000] {processor.py:183} INFO - Processing /opt/airflow/dags/minio_to_snowflake.py took 1.478 seconds
[2026-06-05T01:29:13.728+0000] {processor.py:161} INFO - Started process (PID=26878) to work on /opt/airflow/dags/minio_to_snowflake.py
[2026-06-05T01:29:13.731+0000] {processor.py:830} INFO - Processing file /opt/airflow/dags/minio_to_snowflake.py for tasks to queue
[2026-06-05T01:29:13.742+0000] {logging_mixin.py:188} INFO - [2026-06-05T01:29:13.742+0000] {dagbag.py:545} INFO - Filling up the DagBag from /opt/airflow/dags/minio_to_snowflake.py
[2026-06-05T01:29:15.227+0000] {processor.py:840} INFO - DAG(s) 'minio_to_snowflake' retrieved from /opt/airflow/dags/minio_to_snowflake.py
[2026-06-05T01:29:15.261+0000] {logging_mixin.py:188} INFO - [2026-06-05T01:29:15.260+0000] {dag.py:3089} INFO - Sync 1 DAGs
[2026-06-05T01:29:15.291+0000] {logging_mixin.py:188} INFO - [2026-06-05T01:29:15.291+0000] {dag.py:3947} INFO - Setting next_dagrun for minio_to_snowflake to 2026-06-05 01:28:00+00:00, run_after=2026-06-05 01:29:00+00:00
[2026-06-05T01:29:15.323+0000] {processor.py:183} INFO - Processing /opt/airflow/dags/minio_to_snowflake.py took 1.612 seconds
[2026-06-05T01:29:45.450+0000] {processor.py:161} INFO - Started process (PID=26950) to work on /opt/airflow/dags/minio_to_snowflake.py
[2026-06-05T01:29:45.452+0000] {processor.py:830} INFO - Processing file /opt/airflow/dags/minio_to_snowflake.py for tasks to queue
[2026-06-05T01:29:45.459+0000] {logging_mixin.py:188} INFO - [2026-06-05T01:29:45.458+0000] {dagbag.py:545} INFO - Filling up the DagBag from /opt/airflow/dags/minio_to_snowflake.py
[2026-06-05T01:29:46.432+0000] {processor.py:840} INFO - DAG(s) 'minio_to_snowflake' retrieved from /opt/airflow/dags/minio_to_snowflake.py
[2026-06-05T01:29:46.488+0000] {logging_mixin.py:188} INFO - [2026-06-05T01:29:46.487+0000] {dag.py:3089} INFO - Sync 1 DAGs
[2026-06-05T01:29:46.548+0000] {logging_mixin.py:188} INFO - [2026-06-05T01:29:46.548+0000] {dag.py:3947} INFO - Setting next_dagrun for minio_to_snowflake to 2026-06-05 01:28:00+00:00, run_after=2026-06-05 01:29:00+00:00
[2026-06-05T01:29:46.578+0000] {processor.py:183} INFO - Processing /opt/airflow/dags/minio_to_snowflake.py took 1.141 seconds
[2026-06-05T01:30:16.998+0000] {processor.py:161} INFO - Started process (PID=27003) to work on /opt/airflow/dags/minio_to_snowflake.py
[2026-06-05T01:30:17.000+0000] {processor.py:830} INFO - Processing file /opt/airflow/dags/minio_to_snowflake.py for tasks to queue
[2026-06-05T01:30:17.005+0000] {logging_mixin.py:188} INFO - [2026-06-05T01:30:17.004+0000] {dagbag.py:545} INFO - Filling up the DagBag from /opt/airflow/dags/minio_to_snowflake.py
[2026-06-05T01:30:18.133+0000] {processor.py:840} INFO - DAG(s) 'minio_to_snowflake' retrieved from /opt/airflow/dags/minio_to_snowflake.py
[2026-06-05T01:30:18.189+0000] {logging_mixin.py:188} INFO - [2026-06-05T01:30:18.188+0000] {dag.py:3089} INFO - Sync 1 DAGs
[2026-06-05T01:30:18.237+0000] {logging_mixin.py:188} INFO - [2026-06-05T01:30:18.236+0000] {dag.py:3947} INFO - Setting next_dagrun for minio_to_snowflake to 2026-06-05 01:29:00+00:00, run_after=2026-06-05 01:30:00+00:00
[2026-06-05T01:30:18.271+0000] {processor.py:183} INFO - Processing /opt/airflow/dags/minio_to_snowflake.py took 1.281 seconds
[2026-06-05T01:30:48.673+0000] {processor.py:161} INFO - Started process (PID=27072) to work on /opt/airflow/dags/minio_to_snowflake.py
[2026-06-05T01:30:48.677+0000] {processor.py:830} INFO - Processing file /opt/airflow/dags/minio_to_snowflake.py for tasks to queue
[2026-06-05T01:30:48.686+0000] {logging_mixin.py:188} INFO - [2026-06-05T01:30:48.684+0000] {dagbag.py:545} INFO - Filling up the DagBag from /opt/airflow/dags/minio_to_snowflake.py
[2026-06-05T01:30:49.887+0000] {processor.py:840} INFO - DAG(s) 'minio_to_snowflake' retrieved from /opt/airflow/dags/minio_to_snowflake.py
[2026-06-05T01:30:49.930+0000] {logging_mixin.py:188} INFO - [2026-06-05T01:30:49.929+0000] {dag.py:3089} INFO - Sync 1 DAGs
[2026-06-05T01:30:49.968+0000] {logging_mixin.py:188} INFO - [2026-06-05T01:30:49.967+0000] {dag.py:3947} INFO - Setting next_dagrun for minio_to_snowflake to 2026-06-05 01:29:00+00:00, run_after=2026-06-05 01:30:00+00:00
[2026-06-05T01:30:49.993+0000] {processor.py:183} INFO - Processing /opt/airflow/dags/minio_to_snowflake.py took 1.348 seconds
[2026-06-05T01:31:20.586+0000] {processor.py:161} INFO - Started process (PID=27148) to work on /opt/airflow/dags/minio_to_snowflake.py
[2026-06-05T01:31:20.594+0000] {processor.py:830} INFO - Processing file /opt/airflow/dags/minio_to_snowflake.py for tasks to queue
[2026-06-05T01:31:20.635+0000] {logging_mixin.py:188} INFO - [2026-06-05T01:31:20.634+0000] {dagbag.py:545} INFO - Filling up the DagBag from /opt/airflow/dags/minio_to_snowflake.py
[2026-06-05T01:31:22.339+0000] {processor.py:840} INFO - DAG(s) 'minio_to_snowflake' retrieved from /opt/airflow/dags/minio_to_snowflake.py
[2026-06-05T01:31:22.373+0000] {logging_mixin.py:188} INFO - [2026-06-05T01:31:22.371+0000] {dag.py:3089} INFO - Sync 1 DAGs
[2026-06-05T01:31:22.403+0000] {logging_mixin.py:188} INFO - [2026-06-05T01:31:22.403+0000] {dag.py:3947} INFO - Setting next_dagrun for minio_to_snowflake to 2026-06-05 01:30:00+00:00, run_after=2026-06-05 01:31:00+00:00
[2026-06-05T01:31:22.425+0000] {processor.py:183} INFO - Processing /opt/airflow/dags/minio_to_snowflake.py took 1.858 seconds
[2026-06-05T01:31:52.664+0000] {processor.py:161} INFO - Started process (PID=27219) to work on /opt/airflow/dags/minio_to_snowflake.py
[2026-06-05T01:31:52.665+0000] {processor.py:830} INFO - Processing file /opt/airflow/dags/minio_to_snowflake.py for tasks to queue
[2026-06-05T01:31:52.671+0000] {logging_mixin.py:188} INFO - [2026-06-05T01:31:52.670+0000] {dagbag.py:545} INFO - Filling up the DagBag from /opt/airflow/dags/minio_to_snowflake.py
[2026-06-05T01:31:54.110+0000] {processor.py:840} INFO - DAG(s) 'minio_to_snowflake' retrieved from /opt/airflow/dags/minio_to_snowflake.py
[2026-06-05T01:31:54.147+0000] {logging_mixin.py:188} INFO - [2026-06-05T01:31:54.146+0000] {dag.py:3089} INFO - Sync 1 DAGs
[2026-06-05T01:31:54.178+0000] {logging_mixin.py:188} INFO - [2026-06-05T01:31:54.178+0000] {dag.py:3947} INFO - Setting next_dagrun for minio_to_snowflake to 2026-06-05 01:30:00+00:00, run_after=2026-06-05 01:31:00+00:00
[2026-06-05T01:31:54.201+0000] {processor.py:183} INFO - Processing /opt/airflow/dags/minio_to_snowflake.py took 1.546 seconds
[2026-06-05T01:32:24.621+0000] {processor.py:161} INFO - Started process (PID=27286) to work on /opt/airflow/dags/minio_to_snowflake.py
[2026-06-05T01:32:24.623+0000] {processor.py:830} INFO - Processing file /opt/airflow/dags/minio_to_snowflake.py for tasks to queue
[2026-06-05T01:32:24.626+0000] {logging_mixin.py:188} INFO - [2026-06-05T01:32:24.625+0000] {dagbag.py:545} INFO - Filling up the DagBag from /opt/airflow/dags/minio_to_snowflake.py
[2026-06-05T01:32:26.092+0000] {processor.py:840} INFO - DAG(s) 'minio_to_snowflake' retrieved from /opt/airflow/dags/minio_to_snowflake.py
[2026-06-05T01:32:26.170+0000] {logging_mixin.py:188} INFO - [2026-06-05T01:32:26.169+0000] {dag.py:3089} INFO - Sync 1 DAGs
[2026-06-05T01:32:26.257+0000] {logging_mixin.py:188} INFO - [2026-06-05T01:32:26.257+0000] {dag.py:3947} INFO - Setting next_dagrun for minio_to_snowflake to 2026-06-05 01:31:00+00:00, run_after=2026-06-05 01:32:00+00:00
[2026-06-05T01:32:26.299+0000] {processor.py:183} INFO - Processing /opt/airflow/dags/minio_to_snowflake.py took 1.691 seconds
[2026-06-05T01:32:56.488+0000] {processor.py:161} INFO - Started process (PID=27357) to work on /opt/airflow/dags/minio_to_snowflake.py
[2026-06-05T01:32:56.490+0000] {processor.py:830} INFO - Processing file /opt/airflow/dags/minio_to_snowflake.py for tasks to queue
[2026-06-05T01:32:56.501+0000] {logging_mixin.py:188} INFO - [2026-06-05T01:32:56.501+0000] {dagbag.py:545} INFO - Filling up the DagBag from /opt/airflow/dags/minio_to_snowflake.py
[2026-06-05T01:32:57.823+0000] {processor.py:840} INFO - DAG(s) 'minio_to_snowflake' retrieved from /opt/airflow/dags/minio_to_snowflake.py
[2026-06-05T01:32:57.857+0000] {logging_mixin.py:188} INFO - [2026-06-05T01:32:57.856+0000] {dag.py:3089} INFO - Sync 1 DAGs
[2026-06-05T01:32:57.893+0000] {logging_mixin.py:188} INFO - [2026-06-05T01:32:57.893+0000] {dag.py:3947} INFO - Setting next_dagrun for minio_to_snowflake to 2026-06-05 01:31:00+00:00, run_after=2026-06-05 01:32:00+00:00
[2026-06-05T01:32:57.939+0000] {processor.py:183} INFO - Processing /opt/airflow/dags/minio_to_snowflake.py took 1.469 seconds
[2026-06-05T01:33:28.816+0000] {processor.py:161} INFO - Started process (PID=27416) to work on /opt/airflow/dags/minio_to_snowflake.py
[2026-06-05T01:33:28.879+0000] {processor.py:830} INFO - Processing file /opt/airflow/dags/minio_to_snowflake.py for tasks to queue
[2026-06-05T01:33:28.911+0000] {logging_mixin.py:188} INFO - [2026-06-05T01:33:28.911+0000] {dagbag.py:545} INFO - Filling up the DagBag from /opt/airflow/dags/minio_to_snowflake.py
[2026-06-05T01:33:30.116+0000] {processor.py:840} INFO - DAG(s) 'minio_to_snowflake' retrieved from /opt/airflow/dags/minio_to_snowflake.py
[2026-06-05T01:33:30.152+0000] {logging_mixin.py:188} INFO - [2026-06-05T01:33:30.151+0000] {dag.py:3089} INFO - Sync 1 DAGs
[2026-06-05T01:33:30.182+0000] {logging_mixin.py:188} INFO - [2026-06-05T01:33:30.182+0000] {dag.py:3947} INFO - Setting next_dagrun for minio_to_snowflake to 2026-06-05 01:32:00+00:00, run_after=2026-06-05 01:33:00+00:00
[2026-06-05T01:33:30.203+0000] {processor.py:183} INFO - Processing /opt/airflow/dags/minio_to_snowflake.py took 1.435 seconds
[2026-06-05T01:34:00.621+0000] {processor.py:161} INFO - Started process (PID=27481) to work on /opt/airflow/dags/minio_to_snowflake.py
[2026-06-05T01:34:00.623+0000] {processor.py:830} INFO - Processing file /opt/airflow/dags/minio_to_snowflake.py for tasks to queue
[2026-06-05T01:34:00.629+0000] {logging_mixin.py:188} INFO - [2026-06-05T01:34:00.628+0000] {dagbag.py:545} INFO - Filling up the DagBag from /opt/airflow/dags/minio_to_snowflake.py
[2026-06-05T01:34:02.035+0000] {processor.py:840} INFO - DAG(s) 'minio_to_snowflake' retrieved from /opt/airflow/dags/minio_to_snowflake.py
[2026-06-05T01:34:02.081+0000] {logging_mixin.py:188} INFO - [2026-06-05T01:34:02.078+0000] {dag.py:3089} INFO - Sync 1 DAGs
[2026-06-05T01:34:02.121+0000] {logging_mixin.py:188} INFO - [2026-06-05T01:34:02.121+0000] {dag.py:3947} INFO - Setting next_dagrun for minio_to_snowflake to 2026-06-05 01:33:00+00:00, run_after=2026-06-05 01:34:00+00:00
[2026-06-05T01:34:02.149+0000] {processor.py:183} INFO - Processing /opt/airflow/dags/minio_to_snowflake.py took 1.536 seconds
[2026-06-05T01:34:32.511+0000] {processor.py:161} INFO - Started process (PID=27555) to work on /opt/airflow/dags/minio_to_snowflake.py
[2026-06-05T01:34:32.513+0000] {processor.py:830} INFO - Processing file /opt/airflow/dags/minio_to_snowflake.py for tasks to queue
[2026-06-05T01:34:32.516+0000] {logging_mixin.py:188} INFO - [2026-06-05T01:34:32.515+0000] {dagbag.py:545} INFO - Filling up the DagBag from /opt/airflow/dags/minio_to_snowflake.py
[2026-06-05T01:34:33.884+0000] {processor.py:840} INFO - DAG(s) 'minio_to_snowflake' retrieved from /opt/airflow/dags/minio_to_snowflake.py
[2026-06-05T01:34:33.982+0000] {logging_mixin.py:188} INFO - [2026-06-05T01:34:33.981+0000] {dag.py:3089} INFO - Sync 1 DAGs
[2026-06-05T01:34:34.057+0000] {logging_mixin.py:188} INFO - [2026-06-05T01:34:34.056+0000] {dag.py:3947} INFO - Setting next_dagrun for minio_to_snowflake to 2026-06-05 01:33:00+00:00, run_after=2026-06-05 01:34:00+00:00
[2026-06-05T01:34:34.110+0000] {processor.py:183} INFO - Processing /opt/airflow/dags/minio_to_snowflake.py took 1.611 seconds
[2026-06-05T01:35:04.433+0000] {processor.py:161} INFO - Started process (PID=28704) to work on /opt/airflow/dags/minio_to_snowflake.py
[2026-06-05T01:35:04.435+0000] {processor.py:830} INFO - Processing file /opt/airflow/dags/minio_to_snowflake.py for tasks to queue
[2026-06-05T01:35:04.438+0000] {logging_mixin.py:188} INFO - [2026-06-05T01:35:04.437+0000] {dagbag.py:545} INFO - Filling up the DagBag from /opt/airflow/dags/minio_to_snowflake.py
[2026-06-05T01:35:05.492+0000] {processor.py:840} INFO - DAG(s) 'minio_to_snowflake' retrieved from /opt/airflow/dags/minio_to_snowflake.py
[2026-06-05T01:35:05.525+0000] {logging_mixin.py:188} INFO - [2026-06-05T01:35:05.524+0000] {dag.py:3089} INFO - Sync 1 DAGs
[2026-06-05T01:35:05.560+0000] {logging_mixin.py:188} INFO - [2026-06-05T01:35:05.560+0000] {dag.py:3947} INFO - Setting next_dagrun for minio_to_snowflake to 2026-06-05 01:34:00+00:00, run_after=2026-06-05 01:35:00+00:00
[2026-06-05T01:35:05.585+0000] {processor.py:183} INFO - Processing /opt/airflow/dags/minio_to_snowflake.py took 1.162 seconds
[2026-06-05T01:35:35.752+0000] {processor.py:161} INFO - Started process (PID=28768) to work on /opt/airflow/dags/minio_to_snowflake.py
[2026-06-05T01:35:35.754+0000] {processor.py:830} INFO - Processing file /opt/airflow/dags/minio_to_snowflake.py for tasks to queue
[2026-06-05T01:35:35.759+0000] {logging_mixin.py:188} INFO - [2026-06-05T01:35:35.758+0000] {dagbag.py:545} INFO - Filling up the DagBag from /opt/airflow/dags/minio_to_snowflake.py
[2026-06-05T01:35:36.846+0000] {processor.py:840} INFO - DAG(s) 'minio_to_snowflake' retrieved from /opt/airflow/dags/minio_to_snowflake.py
[2026-06-05T01:35:36.884+0000] {logging_mixin.py:188} INFO - [2026-06-05T01:35:36.884+0000] {dag.py:3089} INFO - Sync 1 DAGs
[2026-06-05T01:35:36.913+0000] {logging_mixin.py:188} INFO - [2026-06-05T01:35:36.913+0000] {dag.py:3947} INFO - Setting next_dagrun for minio_to_snowflake to 2026-06-05 01:34:00+00:00, run_after=2026-06-05 01:35:00+00:00
[2026-06-05T01:35:36.936+0000] {processor.py:183} INFO - Processing /opt/airflow/dags/minio_to_snowflake.py took 1.193 seconds
[2026-06-05T01:36:07.059+0000] {processor.py:161} INFO - Started process (PID=28834) to work on /opt/airflow/dags/minio_to_snowflake.py
[2026-06-05T01:36:07.061+0000] {processor.py:830} INFO - Processing file /opt/airflow/dags/minio_to_snowflake.py for tasks to queue
[2026-06-05T01:36:07.063+0000] {logging_mixin.py:188} INFO - [2026-06-05T01:36:07.063+0000] {dagbag.py:545} INFO - Filling up the DagBag from /opt/airflow/dags/minio_to_snowflake.py
[2026-06-05T01:36:08.225+0000] {processor.py:840} INFO - DAG(s) 'minio_to_snowflake' retrieved from /opt/airflow/dags/minio_to_snowflake.py
[2026-06-05T01:36:08.286+0000] {logging_mixin.py:188} INFO - [2026-06-05T01:36:08.282+0000] {dag.py:3089} INFO - Sync 1 DAGs
[2026-06-05T01:36:08.365+0000] {logging_mixin.py:188} INFO - [2026-06-05T01:36:08.364+0000] {dag.py:3947} INFO - Setting next_dagrun for minio_to_snowflake to 2026-06-05 01:35:00+00:00, run_after=2026-06-05 01:36:00+00:00
[2026-06-05T01:36:08.428+0000] {processor.py:183} INFO - Processing /opt/airflow/dags/minio_to_snowflake.py took 1.377 seconds
[2026-06-05T01:36:38.782+0000] {processor.py:161} INFO - Started process (PID=28892) to work on /opt/airflow/dags/minio_to_snowflake.py
[2026-06-05T01:36:38.784+0000] {processor.py:830} INFO - Processing file /opt/airflow/dags/minio_to_snowflake.py for tasks to queue
[2026-06-05T01:36:38.787+0000] {logging_mixin.py:188} INFO - [2026-06-05T01:36:38.786+0000] {dagbag.py:545} INFO - Filling up the DagBag from /opt/airflow/dags/minio_to_snowflake.py
[2026-06-05T01:36:39.898+0000] {processor.py:840} INFO - DAG(s) 'minio_to_snowflake' retrieved from /opt/airflow/dags/minio_to_snowflake.py
[2026-06-05T01:36:39.932+0000] {logging_mixin.py:188} INFO - [2026-06-05T01:36:39.932+0000] {dag.py:3089} INFO - Sync 1 DAGs
[2026-06-05T01:36:39.960+0000] {logging_mixin.py:188} INFO - [2026-06-05T01:36:39.960+0000] {dag.py:3947} INFO - Setting next_dagrun for minio_to_snowflake to 2026-06-05 01:35:00+00:00, run_after=2026-06-05 01:36:00+00:00
[2026-06-05T01:36:39.986+0000] {processor.py:183} INFO - Processing /opt/airflow/dags/minio_to_snowflake.py took 1.215 seconds
[2026-06-05T01:37:10.301+0000] {processor.py:161} INFO - Started process (PID=28961) to work on /opt/airflow/dags/minio_to_snowflake.py
[2026-06-05T01:37:10.307+0000] {processor.py:830} INFO - Processing file /opt/airflow/dags/minio_to_snowflake.py for tasks to queue
[2026-06-05T01:37:10.310+0000] {logging_mixin.py:188} INFO - [2026-06-05T01:37:10.310+0000] {dagbag.py:545} INFO - Filling up the DagBag from /opt/airflow/dags/minio_to_snowflake.py
[2026-06-05T01:37:11.437+0000] {processor.py:840} INFO - DAG(s) 'minio_to_snowflake' retrieved from /opt/airflow/dags/minio_to_snowflake.py
[2026-06-05T01:37:11.472+0000] {logging_mixin.py:188} INFO - [2026-06-05T01:37:11.471+0000] {dag.py:3089} INFO - Sync 1 DAGs
[2026-06-05T01:37:11.497+0000] {logging_mixin.py:188} INFO - [2026-06-05T01:37:11.496+0000] {dag.py:3947} INFO - Setting next_dagrun for minio_to_snowflake to 2026-06-05 01:36:00+00:00, run_after=2026-06-05 01:37:00+00:00
[2026-06-05T01:37:11.517+0000] {processor.py:183} INFO - Processing /opt/airflow/dags/minio_to_snowflake.py took 1.242 seconds
[2026-06-05T01:37:41.761+0000] {processor.py:161} INFO - Started process (PID=29021) to work on /opt/airflow/dags/minio_to_snowflake.py
[2026-06-05T01:37:41.762+0000] {processor.py:830} INFO - Processing file /opt/airflow/dags/minio_to_snowflake.py for tasks to queue
[2026-06-05T01:37:41.766+0000] {logging_mixin.py:188} INFO - [2026-06-05T01:37:41.765+0000] {dagbag.py:545} INFO - Filling up the DagBag from /opt/airflow/dags/minio_to_snowflake.py
[2026-06-05T01:37:42.845+0000] {processor.py:840} INFO - DAG(s) 'minio_to_snowflake' retrieved from /opt/airflow/dags/minio_to_snowflake.py
[2026-06-05T01:37:42.878+0000] {logging_mixin.py:188} INFO - [2026-06-05T01:37:42.877+0000] {dag.py:3089} INFO - Sync 1 DAGs
[2026-06-05T01:37:42.907+0000] {logging_mixin.py:188} INFO - [2026-06-05T01:37:42.907+0000] {dag.py:3947} INFO - Setting next_dagrun for minio_to_snowflake to 2026-06-05 01:36:00+00:00, run_after=2026-06-05 01:37:00+00:00
[2026-06-05T01:37:42.929+0000] {processor.py:183} INFO - Processing /opt/airflow/dags/minio_to_snowflake.py took 1.177 seconds
[2026-06-05T01:38:13.169+0000] {processor.py:161} INFO - Started process (PID=29084) to work on /opt/airflow/dags/minio_to_snowflake.py
[2026-06-05T01:38:13.170+0000] {processor.py:830} INFO - Processing file /opt/airflow/dags/minio_to_snowflake.py for tasks to queue
[2026-06-05T01:38:13.181+0000] {logging_mixin.py:188} INFO - [2026-06-05T01:38:13.181+0000] {dagbag.py:545} INFO - Filling up the DagBag from /opt/airflow/dags/minio_to_snowflake.py
[2026-06-05T01:38:14.479+0000] {processor.py:840} INFO - DAG(s) 'minio_to_snowflake' retrieved from /opt/airflow/dags/minio_to_snowflake.py
[2026-06-05T01:38:14.513+0000] {logging_mixin.py:188} INFO - [2026-06-05T01:38:14.512+0000] {dag.py:3089} INFO - Sync 1 DAGs
[2026-06-05T01:38:14.544+0000] {logging_mixin.py:188} INFO - [2026-06-05T01:38:14.543+0000] {dag.py:3947} INFO - Setting next_dagrun for minio_to_snowflake to 2026-06-05 01:37:00+00:00, run_after=2026-06-05 01:38:00+00:00
[2026-06-05T01:38:14.567+0000] {processor.py:183} INFO - Processing /opt/airflow/dags/minio_to_snowflake.py took 1.412 seconds
[2026-06-05T01:38:44.905+0000] {processor.py:161} INFO - Started process (PID=29154) to work on /opt/airflow/dags/minio_to_snowflake.py
[2026-06-05T01:38:44.907+0000] {processor.py:830} INFO - Processing file /opt/airflow/dags/minio_to_snowflake.py for tasks to queue
[2026-06-05T01:38:44.910+0000] {logging_mixin.py:188} INFO - [2026-06-05T01:38:44.909+0000] {dagbag.py:545} INFO - Filling up the DagBag from /opt/airflow/dags/minio_to_snowflake.py
[2026-06-05T01:38:45.986+0000] {processor.py:840} INFO - DAG(s) 'minio_to_snowflake' retrieved from /opt/airflow/dags/minio_to_snowflake.py
[2026-06-05T01:38:46.019+0000] {logging_mixin.py:188} INFO - [2026-06-05T01:38:46.019+0000] {dag.py:3089} INFO - Sync 1 DAGs
[2026-06-05T01:38:46.052+0000] {logging_mixin.py:188} INFO - [2026-06-05T01:38:46.052+0000] {dag.py:3947} INFO - Setting next_dagrun for minio_to_snowflake to 2026-06-05 01:37:00+00:00, run_after=2026-06-05 01:38:00+00:00
[2026-06-05T01:38:46.078+0000] {processor.py:183} INFO - Processing /opt/airflow/dags/minio_to_snowflake.py took 1.183 seconds
[2026-06-05T01:39:16.324+0000] {processor.py:161} INFO - Started process (PID=29213) to work on /opt/airflow/dags/minio_to_snowflake.py
[2026-06-05T01:39:16.326+0000] {processor.py:830} INFO - Processing file /opt/airflow/dags/minio_to_snowflake.py for tasks to queue
[2026-06-05T01:39:16.330+0000] {logging_mixin.py:188} INFO - [2026-06-05T01:39:16.330+0000] {dagbag.py:545} INFO - Filling up the DagBag from /opt/airflow/dags/minio_to_snowflake.py
[2026-06-05T01:39:17.350+0000] {processor.py:840} INFO - DAG(s) 'minio_to_snowflake' retrieved from /opt/airflow/dags/minio_to_snowflake.py
[2026-06-05T01:39:17.381+0000] {logging_mixin.py:188} INFO - [2026-06-05T01:39:17.381+0000] {dag.py:3089} INFO - Sync 1 DAGs
[2026-06-05T01:39:17.412+0000] {logging_mixin.py:188} INFO - [2026-06-05T01:39:17.412+0000] {dag.py:3947} INFO - Setting next_dagrun for minio_to_snowflake to 2026-06-05 01:38:00+00:00, run_after=2026-06-05 01:39:00+00:00
[2026-06-05T01:39:17.434+0000] {processor.py:183} INFO - Processing /opt/airflow/dags/minio_to_snowflake.py took 1.118 seconds
[2026-06-05T01:39:47.565+0000] {processor.py:161} INFO - Started process (PID=29281) to work on /opt/airflow/dags/minio_to_snowflake.py
[2026-06-05T01:39:47.566+0000] {processor.py:830} INFO - Processing file /opt/airflow/dags/minio_to_snowflake.py for tasks to queue
[2026-06-05T01:39:47.571+0000] {logging_mixin.py:188} INFO - [2026-06-05T01:39:47.570+0000] {dagbag.py:545} INFO - Filling up the DagBag from /opt/airflow/dags/minio_to_snowflake.py
[2026-06-05T01:39:49.043+0000] {processor.py:840} INFO - DAG(s) 'minio_to_snowflake' retrieved from /opt/airflow/dags/minio_to_snowflake.py
[2026-06-05T01:39:49.078+0000] {logging_mixin.py:188} INFO - [2026-06-05T01:39:49.074+0000] {dag.py:3089} INFO - Sync 1 DAGs
[2026-06-05T01:39:49.116+0000] {logging_mixin.py:188} INFO - [2026-06-05T01:39:49.116+0000] {dag.py:3947} INFO - Setting next_dagrun for minio_to_snowflake to 2026-06-05 01:38:00+00:00, run_after=2026-06-05 01:39:00+00:00
[2026-06-05T01:39:49.142+0000] {processor.py:183} INFO - Processing /opt/airflow/dags/minio_to_snowflake.py took 1.587 seconds
[2026-06-05T01:40:19.418+0000] {processor.py:161} INFO - Started process (PID=30425) to work on /opt/airflow/dags/minio_to_snowflake.py
[2026-06-05T01:40:19.420+0000] {processor.py:830} INFO - Processing file /opt/airflow/dags/minio_to_snowflake.py for tasks to queue
[2026-06-05T01:40:19.424+0000] {logging_mixin.py:188} INFO - [2026-06-05T01:40:19.423+0000] {dagbag.py:545} INFO - Filling up the DagBag from /opt/airflow/dags/minio_to_snowflake.py
[2026-06-05T01:40:20.650+0000] {processor.py:840} INFO - DAG(s) 'minio_to_snowflake' retrieved from /opt/airflow/dags/minio_to_snowflake.py
[2026-06-05T01:40:20.688+0000] {logging_mixin.py:188} INFO - [2026-06-05T01:40:20.687+0000] {dag.py:3089} INFO - Sync 1 DAGs
[2026-06-05T01:40:20.727+0000] {logging_mixin.py:188} INFO - [2026-06-05T01:40:20.726+0000] {dag.py:3947} INFO - Setting next_dagrun for minio_to_snowflake to 2026-06-05 01:39:00+00:00, run_after=2026-06-05 01:40:00+00:00
[2026-06-05T01:40:20.798+0000] {processor.py:183} INFO - Processing /opt/airflow/dags/minio_to_snowflake.py took 1.393 seconds
[2026-06-05T01:40:51.102+0000] {processor.py:161} INFO - Started process (PID=30486) to work on /opt/airflow/dags/minio_to_snowflake.py
[2026-06-05T01:40:51.104+0000] {processor.py:830} INFO - Processing file /opt/airflow/dags/minio_to_snowflake.py for tasks to queue
[2026-06-05T01:40:51.109+0000] {logging_mixin.py:188} INFO - [2026-06-05T01:40:51.108+0000] {dagbag.py:545} INFO - Filling up the DagBag from /opt/airflow/dags/minio_to_snowflake.py
[2026-06-05T01:40:52.405+0000] {processor.py:840} INFO - DAG(s) 'minio_to_snowflake' retrieved from /opt/airflow/dags/minio_to_snowflake.py
[2026-06-05T01:40:52.463+0000] {logging_mixin.py:188} INFO - [2026-06-05T01:40:52.462+0000] {dag.py:3089} INFO - Sync 1 DAGs
[2026-06-05T01:40:52.503+0000] {logging_mixin.py:188} INFO - [2026-06-05T01:40:52.503+0000] {dag.py:3947} INFO - Setting next_dagrun for minio_to_snowflake to 2026-06-05 01:39:00+00:00, run_after=2026-06-05 01:40:00+00:00
[2026-06-05T01:40:52.567+0000] {processor.py:183} INFO - Processing /opt/airflow/dags/minio_to_snowflake.py took 1.473 seconds
[2026-06-05T01:41:22.876+0000] {processor.py:161} INFO - Started process (PID=30561) to work on /opt/airflow/dags/minio_to_snowflake.py
[2026-06-05T01:41:22.877+0000] {processor.py:830} INFO - Processing file /opt/airflow/dags/minio_to_snowflake.py for tasks to queue
[2026-06-05T01:41:22.884+0000] {logging_mixin.py:188} INFO - [2026-06-05T01:41:22.883+0000] {dagbag.py:545} INFO - Filling up the DagBag from /opt/airflow/dags/minio_to_snowflake.py
[2026-06-05T01:41:24.073+0000] {processor.py:840} INFO - DAG(s) 'minio_to_snowflake' retrieved from /opt/airflow/dags/minio_to_snowflake.py
[2026-06-05T01:41:24.111+0000] {logging_mixin.py:188} INFO - [2026-06-05T01:41:24.110+0000] {dag.py:3089} INFO - Sync 1 DAGs
[2026-06-05T01:41:24.146+0000] {logging_mixin.py:188} INFO - [2026-06-05T01:41:24.146+0000] {dag.py:3947} INFO - Setting next_dagrun for minio_to_snowflake to 2026-06-05 01:40:00+00:00, run_after=2026-06-05 01:41:00+00:00
[2026-06-05T01:41:24.178+0000] {processor.py:183} INFO - Processing /opt/airflow/dags/minio_to_snowflake.py took 1.314 seconds
[2026-06-05T01:41:54.460+0000] {processor.py:161} INFO - Started process (PID=30641) to work on /opt/airflow/dags/minio_to_snowflake.py
[2026-06-05T01:41:54.463+0000] {processor.py:830} INFO - Processing file /opt/airflow/dags/minio_to_snowflake.py for tasks to queue
[2026-06-05T01:41:54.465+0000] {logging_mixin.py:188} INFO - [2026-06-05T01:41:54.465+0000] {dagbag.py:545} INFO - Filling up the DagBag from /opt/airflow/dags/minio_to_snowflake.py
[2026-06-05T01:41:55.582+0000] {processor.py:840} INFO - DAG(s) 'minio_to_snowflake' retrieved from /opt/airflow/dags/minio_to_snowflake.py
[2026-06-05T01:41:55.617+0000] {logging_mixin.py:188} INFO - [2026-06-05T01:41:55.616+0000] {dag.py:3089} INFO - Sync 1 DAGs
[2026-06-05T01:41:55.648+0000] {logging_mixin.py:188} INFO - [2026-06-05T01:41:55.647+0000] {dag.py:3947} INFO - Setting next_dagrun for minio_to_snowflake to 2026-06-05 01:40:00+00:00, run_after=2026-06-05 01:41:00+00:00
[2026-06-05T01:41:55.670+0000] {processor.py:183} INFO - Processing /opt/airflow/dags/minio_to_snowflake.py took 1.219 seconds
[2026-06-05T01:42:25.804+0000] {processor.py:161} INFO - Started process (PID=30718) to work on /opt/airflow/dags/minio_to_snowflake.py
[2026-06-05T01:42:25.806+0000] {processor.py:830} INFO - Processing file /opt/airflow/dags/minio_to_snowflake.py for tasks to queue
[2026-06-05T01:42:25.814+0000] {logging_mixin.py:188} INFO - [2026-06-05T01:42:25.814+0000] {dagbag.py:545} INFO - Filling up the DagBag from /opt/airflow/dags/minio_to_snowflake.py
[2026-06-05T01:42:26.831+0000] {processor.py:840} INFO - DAG(s) 'minio_to_snowflake' retrieved from /opt/airflow/dags/minio_to_snowflake.py
[2026-06-05T01:42:26.875+0000] {logging_mixin.py:188} INFO - [2026-06-05T01:42:26.871+0000] {dag.py:3089} INFO - Sync 1 DAGs
[2026-06-05T01:42:26.911+0000] {logging_mixin.py:188} INFO - [2026-06-05T01:42:26.911+0000] {dag.py:3947} INFO - Setting next_dagrun for minio_to_snowflake to 2026-06-05 01:41:00+00:00, run_after=2026-06-05 01:42:00+00:00
[2026-06-05T01:42:26.939+0000] {processor.py:183} INFO - Processing /opt/airflow/dags/minio_to_snowflake.py took 1.144 seconds
[2026-06-05T01:42:57.173+0000] {processor.py:161} INFO - Started process (PID=30772) to work on /opt/airflow/dags/minio_to_snowflake.py
[2026-06-05T01:42:57.174+0000] {processor.py:830} INFO - Processing file /opt/airflow/dags/minio_to_snowflake.py for tasks to queue
[2026-06-05T01:42:57.177+0000] {logging_mixin.py:188} INFO - [2026-06-05T01:42:57.176+0000] {dagbag.py:545} INFO - Filling up the DagBag from /opt/airflow/dags/minio_to_snowflake.py
[2026-06-05T01:42:58.571+0000] {processor.py:840} INFO - DAG(s) 'minio_to_snowflake' retrieved from /opt/airflow/dags/minio_to_snowflake.py
[2026-06-05T01:42:58.642+0000] {logging_mixin.py:188} INFO - [2026-06-05T01:42:58.642+0000] {dag.py:3089} INFO - Sync 1 DAGs
[2026-06-05T01:42:58.719+0000] {logging_mixin.py:188} INFO - [2026-06-05T01:42:58.718+0000] {dag.py:3947} INFO - Setting next_dagrun for minio_to_snowflake to 2026-06-05 01:41:00+00:00, run_after=2026-06-05 01:42:00+00:00
[2026-06-05T01:42:58.832+0000] {processor.py:183} INFO - Processing /opt/airflow/dags/minio_to_snowflake.py took 1.668 seconds
[2026-06-05T01:43:29.112+0000] {processor.py:161} INFO - Started process (PID=30829) to work on /opt/airflow/dags/minio_to_snowflake.py
[2026-06-05T01:43:29.114+0000] {processor.py:830} INFO - Processing file /opt/airflow/dags/minio_to_snowflake.py for tasks to queue
[2026-06-05T01:43:29.117+0000] {logging_mixin.py:188} INFO - [2026-06-05T01:43:29.116+0000] {dagbag.py:545} INFO - Filling up the DagBag from /opt/airflow/dags/minio_to_snowflake.py
[2026-06-05T01:43:30.266+0000] {processor.py:840} INFO - DAG(s) 'minio_to_snowflake' retrieved from /opt/airflow/dags/minio_to_snowflake.py
[2026-06-05T01:43:30.300+0000] {logging_mixin.py:188} INFO - [2026-06-05T01:43:30.299+0000] {dag.py:3089} INFO - Sync 1 DAGs
[2026-06-05T01:43:30.329+0000] {logging_mixin.py:188} INFO - [2026-06-05T01:43:30.329+0000] {dag.py:3947} INFO - Setting next_dagrun for minio_to_snowflake to 2026-06-05 01:42:00+00:00, run_after=2026-06-05 01:43:00+00:00
[2026-06-05T01:43:30.352+0000] {processor.py:183} INFO - Processing /opt/airflow/dags/minio_to_snowflake.py took 1.253 seconds
[2026-06-05T01:44:00.828+0000] {processor.py:161} INFO - Started process (PID=30896) to work on /opt/airflow/dags/minio_to_snowflake.py
[2026-06-05T01:44:00.831+0000] {processor.py:830} INFO - Processing file /opt/airflow/dags/minio_to_snowflake.py for tasks to queue
[2026-06-05T01:44:00.834+0000] {logging_mixin.py:188} INFO - [2026-06-05T01:44:00.834+0000] {dagbag.py:545} INFO - Filling up the DagBag from /opt/airflow/dags/minio_to_snowflake.py
[2026-06-05T01:44:02.281+0000] {processor.py:840} INFO - DAG(s) 'minio_to_snowflake' retrieved from /opt/airflow/dags/minio_to_snowflake.py
[2026-06-05T01:44:02.320+0000] {logging_mixin.py:188} INFO - [2026-06-05T01:44:02.319+0000] {dag.py:3089} INFO - Sync 1 DAGs
[2026-06-05T01:44:02.354+0000] {logging_mixin.py:188} INFO - [2026-06-05T01:44:02.353+0000] {dag.py:3947} INFO - Setting next_dagrun for minio_to_snowflake to 2026-06-05 01:43:00+00:00, run_after=2026-06-05 01:44:00+00:00
[2026-06-05T01:44:02.376+0000] {processor.py:183} INFO - Processing /opt/airflow/dags/minio_to_snowflake.py took 1.557 seconds
[2026-06-05T01:44:32.665+0000] {processor.py:161} INFO - Started process (PID=30986) to work on /opt/airflow/dags/minio_to_snowflake.py
[2026-06-05T01:44:32.667+0000] {processor.py:830} INFO - Processing file /opt/airflow/dags/minio_to_snowflake.py for tasks to queue
[2026-06-05T01:44:32.671+0000] {logging_mixin.py:188} INFO - [2026-06-05T01:44:32.670+0000] {dagbag.py:545} INFO - Filling up the DagBag from /opt/airflow/dags/minio_to_snowflake.py
[2026-06-05T01:44:33.712+0000] {processor.py:840} INFO - DAG(s) 'minio_to_snowflake' retrieved from /opt/airflow/dags/minio_to_snowflake.py
[2026-06-05T01:44:33.742+0000] {logging_mixin.py:188} INFO - [2026-06-05T01:44:33.741+0000] {dag.py:3089} INFO - Sync 1 DAGs
[2026-06-05T01:44:33.773+0000] {logging_mixin.py:188} INFO - [2026-06-05T01:44:33.773+0000] {dag.py:3947} INFO - Setting next_dagrun for minio_to_snowflake to 2026-06-05 01:43:00+00:00, run_after=2026-06-05 01:44:00+00:00
[2026-06-05T01:44:33.799+0000] {processor.py:183} INFO - Processing /opt/airflow/dags/minio_to_snowflake.py took 1.142 seconds
[2026-06-05T01:45:04.048+0000] {processor.py:161} INFO - Started process (PID=32137) to work on /opt/airflow/dags/minio_to_snowflake.py
[2026-06-05T01:45:04.050+0000] {processor.py:830} INFO - Processing file /opt/airflow/dags/minio_to_snowflake.py for tasks to queue
[2026-06-05T01:45:04.056+0000] {logging_mixin.py:188} INFO - [2026-06-05T01:45:04.056+0000] {dagbag.py:545} INFO - Filling up the DagBag from /opt/airflow/dags/minio_to_snowflake.py
[2026-06-05T01:45:05.180+0000] {processor.py:840} INFO - DAG(s) 'minio_to_snowflake' retrieved from /opt/airflow/dags/minio_to_snowflake.py
[2026-06-05T01:45:05.236+0000] {logging_mixin.py:188} INFO - [2026-06-05T01:45:05.235+0000] {dag.py:3089} INFO - Sync 1 DAGs
[2026-06-05T01:45:05.336+0000] {logging_mixin.py:188} INFO - [2026-06-05T01:45:05.335+0000] {dag.py:3947} INFO - Setting next_dagrun for minio_to_snowflake to 2026-06-05 01:44:00+00:00, run_after=2026-06-05 01:45:00+00:00
[2026-06-05T01:45:05.393+0000] {processor.py:183} INFO - Processing /opt/airflow/dags/minio_to_snowflake.py took 1.367 seconds
[2026-06-05T01:45:35.549+0000] {processor.py:161} INFO - Started process (PID=32231) to work on /opt/airflow/dags/minio_to_snowflake.py
[2026-06-05T01:45:35.551+0000] {processor.py:830} INFO - Processing file /opt/airflow/dags/minio_to_snowflake.py for tasks to queue
[2026-06-05T01:45:35.555+0000] {logging_mixin.py:188} INFO - [2026-06-05T01:45:35.554+0000] {dagbag.py:545} INFO - Filling up the DagBag from /opt/airflow/dags/minio_to_snowflake.py
[2026-06-05T01:45:37.082+0000] {processor.py:840} INFO - DAG(s) 'minio_to_snowflake' retrieved from /opt/airflow/dags/minio_to_snowflake.py
[2026-06-05T01:45:37.116+0000] {logging_mixin.py:188} INFO - [2026-06-05T01:45:37.114+0000] {dag.py:3089} INFO - Sync 1 DAGs
[2026-06-05T01:45:37.141+0000] {logging_mixin.py:188} INFO - [2026-06-05T01:45:37.140+0000] {dag.py:3947} INFO - Setting next_dagrun for minio_to_snowflake to 2026-06-05 01:44:00+00:00, run_after=2026-06-05 01:45:00+00:00
[2026-06-05T01:45:37.163+0000] {processor.py:183} INFO - Processing /opt/airflow/dags/minio_to_snowflake.py took 1.628 seconds
[2026-06-05T01:46:07.502+0000] {processor.py:161} INFO - Started process (PID=32344) to work on /opt/airflow/dags/minio_to_snowflake.py
[2026-06-05T01:46:07.507+0000] {processor.py:830} INFO - Processing file /opt/airflow/dags/minio_to_snowflake.py for tasks to queue
[2026-06-05T01:46:07.511+0000] {logging_mixin.py:188} INFO - [2026-06-05T01:46:07.510+0000] {dagbag.py:545} INFO - Filling up the DagBag from /opt/airflow/dags/minio_to_snowflake.py
[2026-06-05T01:46:09.191+0000] {processor.py:840} INFO - DAG(s) 'minio_to_snowflake' retrieved from /opt/airflow/dags/minio_to_snowflake.py
[2026-06-05T01:46:09.333+0000] {logging_mixin.py:188} INFO - [2026-06-05T01:46:09.332+0000] {dag.py:3089} INFO - Sync 1 DAGs
[2026-06-05T01:46:09.382+0000] {logging_mixin.py:188} INFO - [2026-06-05T01:46:09.381+0000] {dag.py:3947} INFO - Setting next_dagrun for minio_to_snowflake to 2026-06-05 01:45:00+00:00, run_after=2026-06-05 01:46:00+00:00
[2026-06-05T01:46:09.436+0000] {processor.py:183} INFO - Processing /opt/airflow/dags/minio_to_snowflake.py took 1.942 seconds
[2026-06-05T01:46:39.627+0000] {processor.py:161} INFO - Started process (PID=32459) to work on /opt/airflow/dags/minio_to_snowflake.py
[2026-06-05T01:46:39.628+0000] {processor.py:830} INFO - Processing file /opt/airflow/dags/minio_to_snowflake.py for tasks to queue
[2026-06-05T01:46:39.633+0000] {logging_mixin.py:188} INFO - [2026-06-05T01:46:39.632+0000] {dagbag.py:545} INFO - Filling up the DagBag from /opt/airflow/dags/minio_to_snowflake.py
[2026-06-05T01:46:41.005+0000] {processor.py:840} INFO - DAG(s) 'minio_to_snowflake' retrieved from /opt/airflow/dags/minio_to_snowflake.py
[2026-06-05T01:46:41.129+0000] {logging_mixin.py:188} INFO - [2026-06-05T01:46:41.121+0000] {dag.py:3089} INFO - Sync 1 DAGs
[2026-06-05T01:46:41.206+0000] {logging_mixin.py:188} INFO - [2026-06-05T01:46:41.206+0000] {dag.py:3947} INFO - Setting next_dagrun for minio_to_snowflake to 2026-06-05 01:45:00+00:00, run_after=2026-06-05 01:46:00+00:00
[2026-06-05T01:46:41.250+0000] {processor.py:183} INFO - Processing /opt/airflow/dags/minio_to_snowflake.py took 1.634 seconds
[2026-06-05T01:47:11.900+0000] {processor.py:161} INFO - Started process (PID=32576) to work on /opt/airflow/dags/minio_to_snowflake.py
[2026-06-05T01:47:11.902+0000] {processor.py:830} INFO - Processing file /opt/airflow/dags/minio_to_snowflake.py for tasks to queue
[2026-06-05T01:47:11.906+0000] {logging_mixin.py:188} INFO - [2026-06-05T01:47:11.905+0000] {dagbag.py:545} INFO - Filling up the DagBag from /opt/airflow/dags/minio_to_snowflake.py
[2026-06-05T01:47:13.864+0000] {processor.py:840} INFO - DAG(s) 'minio_to_snowflake' retrieved from /opt/airflow/dags/minio_to_snowflake.py
[2026-06-05T01:47:13.896+0000] {logging_mixin.py:188} INFO - [2026-06-05T01:47:13.895+0000] {dag.py:3089} INFO - Sync 1 DAGs
[2026-06-05T01:47:13.928+0000] {logging_mixin.py:188} INFO - [2026-06-05T01:47:13.928+0000] {dag.py:3947} INFO - Setting next_dagrun for minio_to_snowflake to 2026-06-05 01:46:00+00:00, run_after=2026-06-05 01:47:00+00:00
[2026-06-05T01:47:13.953+0000] {processor.py:183} INFO - Processing /opt/airflow/dags/minio_to_snowflake.py took 2.063 seconds
[2026-06-05T01:47:44.193+0000] {processor.py:161} INFO - Started process (PID=32699) to work on /opt/airflow/dags/minio_to_snowflake.py
[2026-06-05T01:47:44.195+0000] {processor.py:830} INFO - Processing file /opt/airflow/dags/minio_to_snowflake.py for tasks to queue
[2026-06-05T01:47:44.198+0000] {logging_mixin.py:188} INFO - [2026-06-05T01:47:44.198+0000] {dagbag.py:545} INFO - Filling up the DagBag from /opt/airflow/dags/minio_to_snowflake.py
[2026-06-05T01:47:45.968+0000] {processor.py:840} INFO - DAG(s) 'minio_to_snowflake' retrieved from /opt/airflow/dags/minio_to_snowflake.py
[2026-06-05T01:47:46.030+0000] {logging_mixin.py:188} INFO - [2026-06-05T01:47:46.029+0000] {dag.py:3089} INFO - Sync 1 DAGs
[2026-06-05T01:47:46.077+0000] {logging_mixin.py:188} INFO - [2026-06-05T01:47:46.077+0000] {dag.py:3947} INFO - Setting next_dagrun for minio_to_snowflake to 2026-06-05 01:46:00+00:00, run_after=2026-06-05 01:47:00+00:00
[2026-06-05T01:47:46.099+0000] {processor.py:183} INFO - Processing /opt/airflow/dags/minio_to_snowflake.py took 1.925 seconds
[2026-06-05T01:48:16.505+0000] {processor.py:161} INFO - Started process (PID=33851) to work on /opt/airflow/dags/minio_to_snowflake.py
[2026-06-05T01:48:16.507+0000] {processor.py:830} INFO - Processing file /opt/airflow/dags/minio_to_snowflake.py for tasks to queue
[2026-06-05T01:48:16.509+0000] {logging_mixin.py:188} INFO - [2026-06-05T01:48:16.509+0000] {dagbag.py:545} INFO - Filling up the DagBag from /opt/airflow/dags/minio_to_snowflake.py
[2026-06-05T01:48:17.608+0000] {processor.py:840} INFO - DAG(s) 'minio_to_snowflake' retrieved from /opt/airflow/dags/minio_to_snowflake.py
[2026-06-05T01:48:17.644+0000] {logging_mixin.py:188} INFO - [2026-06-05T01:48:17.639+0000] {dag.py:3089} INFO - Sync 1 DAGs
[2026-06-05T01:48:17.677+0000] {logging_mixin.py:188} INFO - [2026-06-05T01:48:17.677+0000] {dag.py:3947} INFO - Setting next_dagrun for minio_to_snowflake to 2026-06-05 01:47:00+00:00, run_after=2026-06-05 01:48:00+00:00
[2026-06-05T01:48:17.700+0000] {processor.py:183} INFO - Processing /opt/airflow/dags/minio_to_snowflake.py took 1.206 seconds
[2026-06-05T01:48:47.996+0000] {processor.py:161} INFO - Started process (PID=33964) to work on /opt/airflow/dags/minio_to_snowflake.py
[2026-06-05T01:48:47.998+0000] {processor.py:830} INFO - Processing file /opt/airflow/dags/minio_to_snowflake.py for tasks to queue
[2026-06-05T01:48:48.000+0000] {logging_mixin.py:188} INFO - [2026-06-05T01:48:48.000+0000] {dagbag.py:545} INFO - Filling up the DagBag from /opt/airflow/dags/minio_to_snowflake.py
[2026-06-05T01:48:49.316+0000] {processor.py:840} INFO - DAG(s) 'minio_to_snowflake' retrieved from /opt/airflow/dags/minio_to_snowflake.py
[2026-06-05T01:48:49.359+0000] {logging_mixin.py:188} INFO - [2026-06-05T01:48:49.358+0000] {dag.py:3089} INFO - Sync 1 DAGs
[2026-06-05T01:48:49.393+0000] {logging_mixin.py:188} INFO - [2026-06-05T01:48:49.393+0000] {dag.py:3947} INFO - Setting next_dagrun for minio_to_snowflake to 2026-06-05 01:47:00+00:00, run_after=2026-06-05 01:48:00+00:00
[2026-06-05T01:48:49.418+0000] {processor.py:183} INFO - Processing /opt/airflow/dags/minio_to_snowflake.py took 1.432 seconds
[2026-06-05T01:49:19.750+0000] {processor.py:161} INFO - Started process (PID=34075) to work on /opt/airflow/dags/minio_to_snowflake.py
[2026-06-05T01:49:19.751+0000] {processor.py:830} INFO - Processing file /opt/airflow/dags/minio_to_snowflake.py for tasks to queue
[2026-06-05T01:49:19.754+0000] {logging_mixin.py:188} INFO - [2026-06-05T01:49:19.754+0000] {dagbag.py:545} INFO - Filling up the DagBag from /opt/airflow/dags/minio_to_snowflake.py
[2026-06-05T01:49:21.038+0000] {processor.py:840} INFO - DAG(s) 'minio_to_snowflake' retrieved from /opt/airflow/dags/minio_to_snowflake.py
[2026-06-05T01:49:21.098+0000] {logging_mixin.py:188} INFO - [2026-06-05T01:49:21.097+0000] {dag.py:3089} INFO - Sync 1 DAGs
[2026-06-05T01:49:21.137+0000] {logging_mixin.py:188} INFO - [2026-06-05T01:49:21.137+0000] {dag.py:3947} INFO - Setting next_dagrun for minio_to_snowflake to 2026-06-05 01:48:00+00:00, run_after=2026-06-05 01:49:00+00:00
[2026-06-05T01:49:21.165+0000] {processor.py:183} INFO - Processing /opt/airflow/dags/minio_to_snowflake.py took 1.425 seconds
[2026-06-05T01:49:51.473+0000] {processor.py:161} INFO - Started process (PID=34186) to work on /opt/airflow/dags/minio_to_snowflake.py
[2026-06-05T01:49:51.475+0000] {processor.py:830} INFO - Processing file /opt/airflow/dags/minio_to_snowflake.py for tasks to queue
[2026-06-05T01:49:51.479+0000] {logging_mixin.py:188} INFO - [2026-06-05T01:49:51.478+0000] {dagbag.py:545} INFO - Filling up the DagBag from /opt/airflow/dags/minio_to_snowflake.py
[2026-06-05T01:49:52.727+0000] {processor.py:840} INFO - DAG(s) 'minio_to_snowflake' retrieved from /opt/airflow/dags/minio_to_snowflake.py
[2026-06-05T01:49:52.762+0000] {logging_mixin.py:188} INFO - [2026-06-05T01:49:52.761+0000] {dag.py:3089} INFO - Sync 1 DAGs
[2026-06-05T01:49:52.789+0000] {logging_mixin.py:188} INFO - [2026-06-05T01:49:52.788+0000] {dag.py:3947} INFO - Setting next_dagrun for minio_to_snowflake to 2026-06-05 01:48:00+00:00, run_after=2026-06-05 01:49:00+00:00
[2026-06-05T01:49:52.817+0000] {processor.py:183} INFO - Processing /opt/airflow/dags/minio_to_snowflake.py took 1.358 seconds
[2026-06-05T01:50:23.168+0000] {processor.py:161} INFO - Started process (PID=34284) to work on /opt/airflow/dags/minio_to_snowflake.py
[2026-06-05T01:50:23.170+0000] {processor.py:830} INFO - Processing file /opt/airflow/dags/minio_to_snowflake.py for tasks to queue
[2026-06-05T01:50:23.173+0000] {logging_mixin.py:188} INFO - [2026-06-05T01:50:23.172+0000] {dagbag.py:545} INFO - Filling up the DagBag from /opt/airflow/dags/minio_to_snowflake.py
[2026-06-05T01:50:24.173+0000] {processor.py:840} INFO - DAG(s) 'minio_to_snowflake' retrieved from /opt/airflow/dags/minio_to_snowflake.py
[2026-06-05T01:50:24.204+0000] {logging_mixin.py:188} INFO - [2026-06-05T01:50:24.203+0000] {dag.py:3089} INFO - Sync 1 DAGs
[2026-06-05T01:50:24.231+0000] {logging_mixin.py:188} INFO - [2026-06-05T01:50:24.231+0000] {dag.py:3947} INFO - Setting next_dagrun for minio_to_snowflake to 2026-06-05 01:49:00+00:00, run_after=2026-06-05 01:50:00+00:00
[2026-06-05T01:50:24.253+0000] {processor.py:183} INFO - Processing /opt/airflow/dags/minio_to_snowflake.py took 1.096 seconds
[2026-06-05T01:50:54.445+0000] {processor.py:161} INFO - Started process (PID=34360) to work on /opt/airflow/dags/minio_to_snowflake.py
[2026-06-05T01:50:54.446+0000] {processor.py:830} INFO - Processing file /opt/airflow/dags/minio_to_snowflake.py for tasks to queue
[2026-06-05T01:50:54.449+0000] {logging_mixin.py:188} INFO - [2026-06-05T01:50:54.449+0000] {dagbag.py:545} INFO - Filling up the DagBag from /opt/airflow/dags/minio_to_snowflake.py
[2026-06-05T01:50:55.589+0000] {processor.py:840} INFO - DAG(s) 'minio_to_snowflake' retrieved from /opt/airflow/dags/minio_to_snowflake.py
[2026-06-05T01:50:55.624+0000] {logging_mixin.py:188} INFO - [2026-06-05T01:50:55.623+0000] {dag.py:3089} INFO - Sync 1 DAGs
[2026-06-05T01:50:55.664+0000] {logging_mixin.py:188} INFO - [2026-06-05T01:50:55.664+0000] {dag.py:3947} INFO - Setting next_dagrun for minio_to_snowflake to 2026-06-05 01:49:00+00:00, run_after=2026-06-05 01:50:00+00:00
[2026-06-05T01:50:55.689+0000] {processor.py:183} INFO - Processing /opt/airflow/dags/minio_to_snowflake.py took 1.253 seconds
[2026-06-05T01:51:25.933+0000] {processor.py:161} INFO - Started process (PID=34952) to work on /opt/airflow/dags/minio_to_snowflake.py
[2026-06-05T01:51:25.934+0000] {processor.py:830} INFO - Processing file /opt/airflow/dags/minio_to_snowflake.py for tasks to queue
[2026-06-05T01:51:25.940+0000] {logging_mixin.py:188} INFO - [2026-06-05T01:51:25.940+0000] {dagbag.py:545} INFO - Filling up the DagBag from /opt/airflow/dags/minio_to_snowflake.py
[2026-06-05T01:51:27.077+0000] {processor.py:840} INFO - DAG(s) 'minio_to_snowflake' retrieved from /opt/airflow/dags/minio_to_snowflake.py
[2026-06-05T01:51:27.120+0000] {logging_mixin.py:188} INFO - [2026-06-05T01:51:27.119+0000] {dag.py:3089} INFO - Sync 1 DAGs
[2026-06-05T01:51:27.161+0000] {logging_mixin.py:188} INFO - [2026-06-05T01:51:27.161+0000] {dag.py:3947} INFO - Setting next_dagrun for minio_to_snowflake to 2026-06-05 01:50:00+00:00, run_after=2026-06-05 01:51:00+00:00
[2026-06-05T01:51:27.200+0000] {processor.py:183} INFO - Processing /opt/airflow/dags/minio_to_snowflake.py took 1.276 seconds
[2026-06-05T01:51:57.514+0000] {processor.py:161} INFO - Started process (PID=35587) to work on /opt/airflow/dags/minio_to_snowflake.py
[2026-06-05T01:51:57.516+0000] {processor.py:830} INFO - Processing file /opt/airflow/dags/minio_to_snowflake.py for tasks to queue
[2026-06-05T01:51:57.518+0000] {logging_mixin.py:188} INFO - [2026-06-05T01:51:57.518+0000] {dagbag.py:545} INFO - Filling up the DagBag from /opt/airflow/dags/minio_to_snowflake.py
[2026-06-05T01:51:58.717+0000] {processor.py:840} INFO - DAG(s) 'minio_to_snowflake' retrieved from /opt/airflow/dags/minio_to_snowflake.py
[2026-06-05T01:51:58.755+0000] {logging_mixin.py:188} INFO - [2026-06-05T01:51:58.754+0000] {dag.py:3089} INFO - Sync 1 DAGs
[2026-06-05T01:51:58.782+0000] {logging_mixin.py:188} INFO - [2026-06-05T01:51:58.782+0000] {dag.py:3947} INFO - Setting next_dagrun for minio_to_snowflake to 2026-06-05 01:50:00+00:00, run_after=2026-06-05 01:51:00+00:00
[2026-06-05T01:51:58.814+0000] {processor.py:183} INFO - Processing /opt/airflow/dags/minio_to_snowflake.py took 1.307 seconds
[2026-06-05T01:52:29.102+0000] {processor.py:161} INFO - Started process (PID=35664) to work on /opt/airflow/dags/minio_to_snowflake.py
[2026-06-05T01:52:29.104+0000] {processor.py:830} INFO - Processing file /opt/airflow/dags/minio_to_snowflake.py for tasks to queue
[2026-06-05T01:52:29.107+0000] {logging_mixin.py:188} INFO - [2026-06-05T01:52:29.106+0000] {dagbag.py:545} INFO - Filling up the DagBag from /opt/airflow/dags/minio_to_snowflake.py
[2026-06-05T01:52:30.155+0000] {processor.py:840} INFO - DAG(s) 'minio_to_snowflake' retrieved from /opt/airflow/dags/minio_to_snowflake.py
[2026-06-05T01:52:30.185+0000] {logging_mixin.py:188} INFO - [2026-06-05T01:52:30.184+0000] {dag.py:3089} INFO - Sync 1 DAGs
[2026-06-05T01:52:30.214+0000] {logging_mixin.py:188} INFO - [2026-06-05T01:52:30.214+0000] {dag.py:3947} INFO - Setting next_dagrun for minio_to_snowflake to 2026-06-05 01:51:00+00:00, run_after=2026-06-05 01:52:00+00:00
[2026-06-05T01:52:30.235+0000] {processor.py:183} INFO - Processing /opt/airflow/dags/minio_to_snowflake.py took 1.147 seconds
[2026-06-05T01:53:00.364+0000] {processor.py:161} INFO - Started process (PID=35745) to work on /opt/airflow/dags/minio_to_snowflake.py
[2026-06-05T01:53:00.365+0000] {processor.py:830} INFO - Processing file /opt/airflow/dags/minio_to_snowflake.py for tasks to queue
[2026-06-05T01:53:00.368+0000] {logging_mixin.py:188} INFO - [2026-06-05T01:53:00.367+0000] {dagbag.py:545} INFO - Filling up the DagBag from /opt/airflow/dags/minio_to_snowflake.py
[2026-06-05T01:53:01.403+0000] {processor.py:840} INFO - DAG(s) 'minio_to_snowflake' retrieved from /opt/airflow/dags/minio_to_snowflake.py
[2026-06-05T01:53:01.452+0000] {logging_mixin.py:188} INFO - [2026-06-05T01:53:01.451+0000] {dag.py:3089} INFO - Sync 1 DAGs
[2026-06-05T01:53:01.492+0000] {logging_mixin.py:188} INFO - [2026-06-05T01:53:01.492+0000] {dag.py:3947} INFO - Setting next_dagrun for minio_to_snowflake to 2026-06-05 01:52:00+00:00, run_after=2026-06-05 01:53:00+00:00
[2026-06-05T01:53:01.518+0000] {processor.py:183} INFO - Processing /opt/airflow/dags/minio_to_snowflake.py took 1.166 seconds
[2026-06-05T01:53:31.711+0000] {processor.py:161} INFO - Started process (PID=35812) to work on /opt/airflow/dags/minio_to_snowflake.py
[2026-06-05T01:53:31.713+0000] {processor.py:830} INFO - Processing file /opt/airflow/dags/minio_to_snowflake.py for tasks to queue
[2026-06-05T01:53:31.715+0000] {logging_mixin.py:188} INFO - [2026-06-05T01:53:31.715+0000] {dagbag.py:545} INFO - Filling up the DagBag from /opt/airflow/dags/minio_to_snowflake.py
[2026-06-05T01:53:32.702+0000] {processor.py:840} INFO - DAG(s) 'minio_to_snowflake' retrieved from /opt/airflow/dags/minio_to_snowflake.py
[2026-06-05T01:53:32.735+0000] {logging_mixin.py:188} INFO - [2026-06-05T01:53:32.735+0000] {dag.py:3089} INFO - Sync 1 DAGs
[2026-06-05T01:53:32.763+0000] {logging_mixin.py:188} INFO - [2026-06-05T01:53:32.763+0000] {dag.py:3947} INFO - Setting next_dagrun for minio_to_snowflake to 2026-06-05 01:52:00+00:00, run_after=2026-06-05 01:53:00+00:00
[2026-06-05T01:53:32.792+0000] {processor.py:183} INFO - Processing /opt/airflow/dags/minio_to_snowflake.py took 1.088 seconds
[2026-06-05T01:54:03.046+0000] {processor.py:161} INFO - Started process (PID=35890) to work on /opt/airflow/dags/minio_to_snowflake.py
[2026-06-05T01:54:03.047+0000] {processor.py:830} INFO - Processing file /opt/airflow/dags/minio_to_snowflake.py for tasks to queue
[2026-06-05T01:54:03.050+0000] {logging_mixin.py:188} INFO - [2026-06-05T01:54:03.049+0000] {dagbag.py:545} INFO - Filling up the DagBag from /opt/airflow/dags/minio_to_snowflake.py
[2026-06-05T01:54:03.991+0000] {processor.py:840} INFO - DAG(s) 'minio_to_snowflake' retrieved from /opt/airflow/dags/minio_to_snowflake.py
[2026-06-05T01:54:04.028+0000] {logging_mixin.py:188} INFO - [2026-06-05T01:54:04.026+0000] {dag.py:3089} INFO - Sync 1 DAGs
[2026-06-05T01:54:04.054+0000] {logging_mixin.py:188} INFO - [2026-06-05T01:54:04.054+0000] {dag.py:3947} INFO - Setting next_dagrun for minio_to_snowflake to 2026-06-05 01:53:00+00:00, run_after=2026-06-05 01:54:00+00:00
[2026-06-05T01:54:04.077+0000] {processor.py:183} INFO - Processing /opt/airflow/dags/minio_to_snowflake.py took 1.040 seconds
[2026-06-05T01:54:34.376+0000] {processor.py:161} INFO - Started process (PID=35977) to work on /opt/airflow/dags/minio_to_snowflake.py
[2026-06-05T01:54:34.378+0000] {processor.py:830} INFO - Processing file /opt/airflow/dags/minio_to_snowflake.py for tasks to queue
[2026-06-05T01:54:34.390+0000] {logging_mixin.py:188} INFO - [2026-06-05T01:54:34.389+0000] {dagbag.py:545} INFO - Filling up the DagBag from /opt/airflow/dags/minio_to_snowflake.py
[2026-06-05T01:54:35.952+0000] {processor.py:840} INFO - DAG(s) 'minio_to_snowflake' retrieved from /opt/airflow/dags/minio_to_snowflake.py
[2026-06-05T01:54:35.994+0000] {logging_mixin.py:188} INFO - [2026-06-05T01:54:35.993+0000] {dag.py:3089} INFO - Sync 1 DAGs
[2026-06-05T01:54:36.052+0000] {logging_mixin.py:188} INFO - [2026-06-05T01:54:36.052+0000] {dag.py:3947} INFO - Setting next_dagrun for minio_to_snowflake to 2026-06-05 01:53:00+00:00, run_after=2026-06-05 01:54:00+00:00
[2026-06-05T01:54:36.076+0000] {processor.py:183} INFO - Processing /opt/airflow/dags/minio_to_snowflake.py took 1.717 seconds
[2026-06-05T01:55:06.378+0000] {processor.py:161} INFO - Started process (PID=36057) to work on /opt/airflow/dags/minio_to_snowflake.py
[2026-06-05T01:55:06.380+0000] {processor.py:830} INFO - Processing file /opt/airflow/dags/minio_to_snowflake.py for tasks to queue
[2026-06-05T01:55:06.382+0000] {logging_mixin.py:188} INFO - [2026-06-05T01:55:06.382+0000] {dagbag.py:545} INFO - Filling up the DagBag from /opt/airflow/dags/minio_to_snowflake.py
[2026-06-05T01:55:07.511+0000] {processor.py:840} INFO - DAG(s) 'minio_to_snowflake' retrieved from /opt/airflow/dags/minio_to_snowflake.py
[2026-06-05T01:55:07.545+0000] {logging_mixin.py:188} INFO - [2026-06-05T01:55:07.544+0000] {dag.py:3089} INFO - Sync 1 DAGs
[2026-06-05T01:55:07.574+0000] {logging_mixin.py:188} INFO - [2026-06-05T01:55:07.573+0000] {dag.py:3947} INFO - Setting next_dagrun for minio_to_snowflake to 2026-06-05 01:54:00+00:00, run_after=2026-06-05 01:55:00+00:00
[2026-06-05T01:55:07.597+0000] {processor.py:183} INFO - Processing /opt/airflow/dags/minio_to_snowflake.py took 1.227 seconds
[2026-06-05T01:55:37.784+0000] {processor.py:161} INFO - Started process (PID=36119) to work on /opt/airflow/dags/minio_to_snowflake.py
[2026-06-05T01:55:37.787+0000] {processor.py:830} INFO - Processing file /opt/airflow/dags/minio_to_snowflake.py for tasks to queue
[2026-06-05T01:55:37.791+0000] {logging_mixin.py:188} INFO - [2026-06-05T01:55:37.790+0000] {dagbag.py:545} INFO - Filling up the DagBag from /opt/airflow/dags/minio_to_snowflake.py
[2026-06-05T01:55:38.756+0000] {processor.py:840} INFO - DAG(s) 'minio_to_snowflake' retrieved from /opt/airflow/dags/minio_to_snowflake.py
[2026-06-05T01:55:38.788+0000] {logging_mixin.py:188} INFO - [2026-06-05T01:55:38.787+0000] {dag.py:3089} INFO - Sync 1 DAGs
[2026-06-05T01:55:38.817+0000] {logging_mixin.py:188} INFO - [2026-06-05T01:55:38.816+0000] {dag.py:3947} INFO - Setting next_dagrun for minio_to_snowflake to 2026-06-05 01:55:00+00:00, run_after=2026-06-05 01:56:00+00:00
[2026-06-05T01:55:38.845+0000] {processor.py:183} INFO - Processing /opt/airflow/dags/minio_to_snowflake.py took 1.070 seconds
[2026-06-05T01:56:09.074+0000] {processor.py:161} INFO - Started process (PID=37278) to work on /opt/airflow/dags/minio_to_snowflake.py
[2026-06-05T01:56:09.076+0000] {processor.py:830} INFO - Processing file /opt/airflow/dags/minio_to_snowflake.py for tasks to queue
[2026-06-05T01:56:09.079+0000] {logging_mixin.py:188} INFO - [2026-06-05T01:56:09.078+0000] {dagbag.py:545} INFO - Filling up the DagBag from /opt/airflow/dags/minio_to_snowflake.py
[2026-06-05T01:56:10.291+0000] {processor.py:840} INFO - DAG(s) 'minio_to_snowflake' retrieved from /opt/airflow/dags/minio_to_snowflake.py
[2026-06-05T01:56:10.326+0000] {logging_mixin.py:188} INFO - [2026-06-05T01:56:10.325+0000] {dag.py:3089} INFO - Sync 1 DAGs
[2026-06-05T01:56:10.358+0000] {logging_mixin.py:188} INFO - [2026-06-05T01:56:10.358+0000] {dag.py:3947} INFO - Setting next_dagrun for minio_to_snowflake to 2026-06-05 01:55:00+00:00, run_after=2026-06-05 01:56:00+00:00
[2026-06-05T01:56:10.380+0000] {processor.py:183} INFO - Processing /opt/airflow/dags/minio_to_snowflake.py took 1.317 seconds
[2026-06-05T01:56:40.635+0000] {processor.py:161} INFO - Started process (PID=37348) to work on /opt/airflow/dags/minio_to_snowflake.py
[2026-06-05T01:56:40.637+0000] {processor.py:830} INFO - Processing file /opt/airflow/dags/minio_to_snowflake.py for tasks to queue
[2026-06-05T01:56:40.639+0000] {logging_mixin.py:188} INFO - [2026-06-05T01:56:40.639+0000] {dagbag.py:545} INFO - Filling up the DagBag from /opt/airflow/dags/minio_to_snowflake.py
[2026-06-05T01:56:41.762+0000] {processor.py:840} INFO - DAG(s) 'minio_to_snowflake' retrieved from /opt/airflow/dags/minio_to_snowflake.py
[2026-06-05T01:56:41.797+0000] {logging_mixin.py:188} INFO - [2026-06-05T01:56:41.795+0000] {dag.py:3089} INFO - Sync 1 DAGs
[2026-06-05T01:56:41.827+0000] {logging_mixin.py:188} INFO - [2026-06-05T01:56:41.826+0000] {dag.py:3947} INFO - Setting next_dagrun for minio_to_snowflake to 2026-06-05 01:55:00+00:00, run_after=2026-06-05 01:56:00+00:00
[2026-06-05T01:56:41.850+0000] {processor.py:183} INFO - Processing /opt/airflow/dags/minio_to_snowflake.py took 1.222 seconds
[2026-06-05T01:57:11.948+0000] {processor.py:161} INFO - Started process (PID=37414) to work on /opt/airflow/dags/minio_to_snowflake.py
[2026-06-05T01:57:11.949+0000] {processor.py:830} INFO - Processing file /opt/airflow/dags/minio_to_snowflake.py for tasks to queue
[2026-06-05T01:57:11.952+0000] {logging_mixin.py:188} INFO - [2026-06-05T01:57:11.952+0000] {dagbag.py:545} INFO - Filling up the DagBag from /opt/airflow/dags/minio_to_snowflake.py
[2026-06-05T01:57:13.126+0000] {processor.py:840} INFO - DAG(s) 'minio_to_snowflake' retrieved from /opt/airflow/dags/minio_to_snowflake.py
[2026-06-05T01:57:13.212+0000] {logging_mixin.py:188} INFO - [2026-06-05T01:57:13.212+0000] {dag.py:3089} INFO - Sync 1 DAGs
[2026-06-05T01:57:13.289+0000] {logging_mixin.py:188} INFO - [2026-06-05T01:57:13.288+0000] {dag.py:3947} INFO - Setting next_dagrun for minio_to_snowflake to 2026-06-05 01:56:00+00:00, run_after=2026-06-05 01:57:00+00:00
[2026-06-05T01:57:13.350+0000] {processor.py:183} INFO - Processing /opt/airflow/dags/minio_to_snowflake.py took 1.413 seconds
[2026-06-05T01:57:43.628+0000] {processor.py:161} INFO - Started process (PID=37485) to work on /opt/airflow/dags/minio_to_snowflake.py
[2026-06-05T01:57:43.630+0000] {processor.py:830} INFO - Processing file /opt/airflow/dags/minio_to_snowflake.py for tasks to queue
[2026-06-05T01:57:43.632+0000] {logging_mixin.py:188} INFO - [2026-06-05T01:57:43.632+0000] {dagbag.py:545} INFO - Filling up the DagBag from /opt/airflow/dags/minio_to_snowflake.py
[2026-06-05T01:57:44.595+0000] {processor.py:840} INFO - DAG(s) 'minio_to_snowflake' retrieved from /opt/airflow/dags/minio_to_snowflake.py
[2026-06-05T01:57:44.626+0000] {logging_mixin.py:188} INFO - [2026-06-05T01:57:44.625+0000] {dag.py:3089} INFO - Sync 1 DAGs
[2026-06-05T01:57:44.655+0000] {logging_mixin.py:188} INFO - [2026-06-05T01:57:44.655+0000] {dag.py:3947} INFO - Setting next_dagrun for minio_to_snowflake to 2026-06-05 01:56:00+00:00, run_after=2026-06-05 01:57:00+00:00
[2026-06-05T01:57:44.678+0000] {processor.py:183} INFO - Processing /opt/airflow/dags/minio_to_snowflake.py took 1.059 seconds
[2026-06-05T01:58:14.857+0000] {processor.py:161} INFO - Started process (PID=37559) to work on /opt/airflow/dags/minio_to_snowflake.py
[2026-06-05T01:58:14.858+0000] {processor.py:830} INFO - Processing file /opt/airflow/dags/minio_to_snowflake.py for tasks to queue
[2026-06-05T01:58:14.861+0000] {logging_mixin.py:188} INFO - [2026-06-05T01:58:14.860+0000] {dagbag.py:545} INFO - Filling up the DagBag from /opt/airflow/dags/minio_to_snowflake.py
[2026-06-05T01:58:15.839+0000] {processor.py:840} INFO - DAG(s) 'minio_to_snowflake' retrieved from /opt/airflow/dags/minio_to_snowflake.py
[2026-06-05T01:58:15.878+0000] {logging_mixin.py:188} INFO - [2026-06-05T01:58:15.877+0000] {dag.py:3089} INFO - Sync 1 DAGs
[2026-06-05T01:58:15.904+0000] {logging_mixin.py:188} INFO - [2026-06-05T01:58:15.904+0000] {dag.py:3947} INFO - Setting next_dagrun for minio_to_snowflake to 2026-06-05 01:57:00+00:00, run_after=2026-06-05 01:58:00+00:00
[2026-06-05T01:58:15.931+0000] {processor.py:183} INFO - Processing /opt/airflow/dags/minio_to_snowflake.py took 1.083 seconds
[2026-06-05T01:58:46.113+0000] {processor.py:161} INFO - Started process (PID=37630) to work on /opt/airflow/dags/minio_to_snowflake.py
[2026-06-05T01:58:46.114+0000] {processor.py:830} INFO - Processing file /opt/airflow/dags/minio_to_snowflake.py for tasks to queue
[2026-06-05T01:58:46.118+0000] {logging_mixin.py:188} INFO - [2026-06-05T01:58:46.117+0000] {dagbag.py:545} INFO - Filling up the DagBag from /opt/airflow/dags/minio_to_snowflake.py
[2026-06-05T01:58:47.069+0000] {processor.py:840} INFO - DAG(s) 'minio_to_snowflake' retrieved from /opt/airflow/dags/minio_to_snowflake.py
[2026-06-05T01:58:47.104+0000] {logging_mixin.py:188} INFO - [2026-06-05T01:58:47.103+0000] {dag.py:3089} INFO - Sync 1 DAGs
[2026-06-05T01:58:47.135+0000] {logging_mixin.py:188} INFO - [2026-06-05T01:58:47.134+0000] {dag.py:3947} INFO - Setting next_dagrun for minio_to_snowflake to 2026-06-05 01:57:00+00:00, run_after=2026-06-05 01:58:00+00:00
[2026-06-05T01:58:47.156+0000] {processor.py:183} INFO - Processing /opt/airflow/dags/minio_to_snowflake.py took 1.051 seconds
[2026-06-05T01:59:17.426+0000] {processor.py:161} INFO - Started process (PID=37695) to work on /opt/airflow/dags/minio_to_snowflake.py
[2026-06-05T01:59:17.427+0000] {processor.py:830} INFO - Processing file /opt/airflow/dags/minio_to_snowflake.py for tasks to queue
[2026-06-05T01:59:17.430+0000] {logging_mixin.py:188} INFO - [2026-06-05T01:59:17.429+0000] {dagbag.py:545} INFO - Filling up the DagBag from /opt/airflow/dags/minio_to_snowflake.py
[2026-06-05T01:59:18.432+0000] {processor.py:840} INFO - DAG(s) 'minio_to_snowflake' retrieved from /opt/airflow/dags/minio_to_snowflake.py
[2026-06-05T01:59:18.463+0000] {logging_mixin.py:188} INFO - [2026-06-05T01:59:18.462+0000] {dag.py:3089} INFO - Sync 1 DAGs
[2026-06-05T01:59:18.491+0000] {logging_mixin.py:188} INFO - [2026-06-05T01:59:18.491+0000] {dag.py:3947} INFO - Setting next_dagrun for minio_to_snowflake to 2026-06-05 01:58:00+00:00, run_after=2026-06-05 01:59:00+00:00
[2026-06-05T01:59:18.516+0000] {processor.py:183} INFO - Processing /opt/airflow/dags/minio_to_snowflake.py took 1.099 seconds
[2026-06-05T01:59:48.680+0000] {processor.py:161} INFO - Started process (PID=37762) to work on /opt/airflow/dags/minio_to_snowflake.py
[2026-06-05T01:59:48.682+0000] {processor.py:830} INFO - Processing file /opt/airflow/dags/minio_to_snowflake.py for tasks to queue
[2026-06-05T01:59:48.684+0000] {logging_mixin.py:188} INFO - [2026-06-05T01:59:48.683+0000] {dagbag.py:545} INFO - Filling up the DagBag from /opt/airflow/dags/minio_to_snowflake.py
[2026-06-05T01:59:49.879+0000] {processor.py:840} INFO - DAG(s) 'minio_to_snowflake' retrieved from /opt/airflow/dags/minio_to_snowflake.py
[2026-06-05T01:59:49.914+0000] {logging_mixin.py:188} INFO - [2026-06-05T01:59:49.914+0000] {dag.py:3089} INFO - Sync 1 DAGs
[2026-06-05T01:59:49.944+0000] {logging_mixin.py:188} INFO - [2026-06-05T01:59:49.944+0000] {dag.py:3947} INFO - Setting next_dagrun for minio_to_snowflake to 2026-06-05 01:58:00+00:00, run_after=2026-06-05 01:59:00+00:00
[2026-06-05T01:59:49.968+0000] {processor.py:183} INFO - Processing /opt/airflow/dags/minio_to_snowflake.py took 1.296 seconds
[2026-06-05T02:00:20.205+0000] {processor.py:161} INFO - Started process (PID=37829) to work on /opt/airflow/dags/minio_to_snowflake.py
[2026-06-05T02:00:20.207+0000] {processor.py:830} INFO - Processing file /opt/airflow/dags/minio_to_snowflake.py for tasks to queue
[2026-06-05T02:00:20.209+0000] {logging_mixin.py:188} INFO - [2026-06-05T02:00:20.209+0000] {dagbag.py:545} INFO - Filling up the DagBag from /opt/airflow/dags/minio_to_snowflake.py
[2026-06-05T02:00:21.190+0000] {processor.py:840} INFO - DAG(s) 'minio_to_snowflake' retrieved from /opt/airflow/dags/minio_to_snowflake.py
[2026-06-05T02:00:21.221+0000] {logging_mixin.py:188} INFO - [2026-06-05T02:00:21.220+0000] {dag.py:3089} INFO - Sync 1 DAGs
[2026-06-05T02:00:21.248+0000] {logging_mixin.py:188} INFO - [2026-06-05T02:00:21.248+0000] {dag.py:3947} INFO - Setting next_dagrun for minio_to_snowflake to 2026-06-05 01:59:00+00:00, run_after=2026-06-05 02:00:00+00:00
[2026-06-05T02:00:21.272+0000] {processor.py:183} INFO - Processing /opt/airflow/dags/minio_to_snowflake.py took 1.075 seconds
[2026-06-05T02:00:51.470+0000] {processor.py:161} INFO - Started process (PID=38982) to work on /opt/airflow/dags/minio_to_snowflake.py
[2026-06-05T02:00:51.472+0000] {processor.py:830} INFO - Processing file /opt/airflow/dags/minio_to_snowflake.py for tasks to queue
[2026-06-05T02:00:51.475+0000] {logging_mixin.py:188} INFO - [2026-06-05T02:00:51.474+0000] {dagbag.py:545} INFO - Filling up the DagBag from /opt/airflow/dags/minio_to_snowflake.py
[2026-06-05T02:00:52.839+0000] {processor.py:840} INFO - DAG(s) 'minio_to_snowflake' retrieved from /opt/airflow/dags/minio_to_snowflake.py
[2026-06-05T02:00:52.873+0000] {logging_mixin.py:188} INFO - [2026-06-05T02:00:52.872+0000] {dag.py:3089} INFO - Sync 1 DAGs
[2026-06-05T02:00:52.902+0000] {logging_mixin.py:188} INFO - [2026-06-05T02:00:52.901+0000] {dag.py:3947} INFO - Setting next_dagrun for minio_to_snowflake to 2026-06-05 02:00:00+00:00, run_after=2026-06-05 02:01:00+00:00
[2026-06-05T02:00:52.926+0000] {processor.py:183} INFO - Processing /opt/airflow/dags/minio_to_snowflake.py took 1.463 seconds
[2026-06-05T02:01:23.189+0000] {processor.py:161} INFO - Started process (PID=39046) to work on /opt/airflow/dags/minio_to_snowflake.py
[2026-06-05T02:01:23.191+0000] {processor.py:830} INFO - Processing file /opt/airflow/dags/minio_to_snowflake.py for tasks to queue
[2026-06-05T02:01:23.194+0000] {logging_mixin.py:188} INFO - [2026-06-05T02:01:23.194+0000] {dagbag.py:545} INFO - Filling up the DagBag from /opt/airflow/dags/minio_to_snowflake.py
[2026-06-05T02:01:24.232+0000] {processor.py:840} INFO - DAG(s) 'minio_to_snowflake' retrieved from /opt/airflow/dags/minio_to_snowflake.py
[2026-06-05T02:01:24.268+0000] {logging_mixin.py:188} INFO - [2026-06-05T02:01:24.267+0000] {dag.py:3089} INFO - Sync 1 DAGs
[2026-06-05T02:01:24.300+0000] {logging_mixin.py:188} INFO - [2026-06-05T02:01:24.299+0000] {dag.py:3947} INFO - Setting next_dagrun for minio_to_snowflake to 2026-06-05 02:00:00+00:00, run_after=2026-06-05 02:01:00+00:00
[2026-06-05T02:01:24.323+0000] {processor.py:183} INFO - Processing /opt/airflow/dags/minio_to_snowflake.py took 1.142 seconds
[2026-06-05T02:01:54.460+0000] {processor.py:161} INFO - Started process (PID=39115) to work on /opt/airflow/dags/minio_to_snowflake.py
[2026-06-05T02:01:54.462+0000] {processor.py:830} INFO - Processing file /opt/airflow/dags/minio_to_snowflake.py for tasks to queue
[2026-06-05T02:01:54.465+0000] {logging_mixin.py:188} INFO - [2026-06-05T02:01:54.464+0000] {dagbag.py:545} INFO - Filling up the DagBag from /opt/airflow/dags/minio_to_snowflake.py
[2026-06-05T02:01:55.513+0000] {processor.py:840} INFO - DAG(s) 'minio_to_snowflake' retrieved from /opt/airflow/dags/minio_to_snowflake.py
[2026-06-05T02:01:55.549+0000] {logging_mixin.py:188} INFO - [2026-06-05T02:01:55.548+0000] {dag.py:3089} INFO - Sync 1 DAGs
[2026-06-05T02:01:55.579+0000] {logging_mixin.py:188} INFO - [2026-06-05T02:01:55.578+0000] {dag.py:3947} INFO - Setting next_dagrun for minio_to_snowflake to 2026-06-05 02:00:00+00:00, run_after=2026-06-05 02:01:00+00:00
[2026-06-05T02:01:55.604+0000] {processor.py:183} INFO - Processing /opt/airflow/dags/minio_to_snowflake.py took 1.152 seconds
[2026-06-05T02:02:25.883+0000] {processor.py:161} INFO - Started process (PID=39175) to work on /opt/airflow/dags/minio_to_snowflake.py
[2026-06-05T02:02:25.885+0000] {processor.py:830} INFO - Processing file /opt/airflow/dags/minio_to_snowflake.py for tasks to queue
[2026-06-05T02:02:25.887+0000] {logging_mixin.py:188} INFO - [2026-06-05T02:02:25.887+0000] {dagbag.py:545} INFO - Filling up the DagBag from /opt/airflow/dags/minio_to_snowflake.py
[2026-06-05T02:02:26.953+0000] {processor.py:840} INFO - DAG(s) 'minio_to_snowflake' retrieved from /opt/airflow/dags/minio_to_snowflake.py
[2026-06-05T02:02:26.990+0000] {logging_mixin.py:188} INFO - [2026-06-05T02:02:26.989+0000] {dag.py:3089} INFO - Sync 1 DAGs
[2026-06-05T02:02:27.020+0000] {logging_mixin.py:188} INFO - [2026-06-05T02:02:27.020+0000] {dag.py:3947} INFO - Setting next_dagrun for minio_to_snowflake to 2026-06-05 02:01:00+00:00, run_after=2026-06-05 02:02:00+00:00
[2026-06-05T02:02:27.043+0000] {processor.py:183} INFO - Processing /opt/airflow/dags/minio_to_snowflake.py took 1.167 seconds
[2026-06-05T02:02:57.115+0000] {processor.py:161} INFO - Started process (PID=39242) to work on /opt/airflow/dags/minio_to_snowflake.py
[2026-06-05T02:02:57.117+0000] {processor.py:830} INFO - Processing file /opt/airflow/dags/minio_to_snowflake.py for tasks to queue
[2026-06-05T02:02:57.120+0000] {logging_mixin.py:188} INFO - [2026-06-05T02:02:57.120+0000] {dagbag.py:545} INFO - Filling up the DagBag from /opt/airflow/dags/minio_to_snowflake.py
[2026-06-05T02:02:58.466+0000] {processor.py:840} INFO - DAG(s) 'minio_to_snowflake' retrieved from /opt/airflow/dags/minio_to_snowflake.py
[2026-06-05T02:02:58.504+0000] {logging_mixin.py:188} INFO - [2026-06-05T02:02:58.503+0000] {dag.py:3089} INFO - Sync 1 DAGs
[2026-06-05T02:02:58.543+0000] {logging_mixin.py:188} INFO - [2026-06-05T02:02:58.543+0000] {dag.py:3947} INFO - Setting next_dagrun for minio_to_snowflake to 2026-06-05 02:01:00+00:00, run_after=2026-06-05 02:02:00+00:00
[2026-06-05T02:02:58.569+0000] {processor.py:183} INFO - Processing /opt/airflow/dags/minio_to_snowflake.py took 1.467 seconds
[2026-06-05T02:03:28.842+0000] {processor.py:161} INFO - Started process (PID=39312) to work on /opt/airflow/dags/minio_to_snowflake.py
[2026-06-05T02:03:28.844+0000] {processor.py:830} INFO - Processing file /opt/airflow/dags/minio_to_snowflake.py for tasks to queue
[2026-06-05T02:03:28.847+0000] {logging_mixin.py:188} INFO - [2026-06-05T02:03:28.847+0000] {dagbag.py:545} INFO - Filling up the DagBag from /opt/airflow/dags/minio_to_snowflake.py
[2026-06-05T02:03:30.157+0000] {processor.py:840} INFO - DAG(s) 'minio_to_snowflake' retrieved from /opt/airflow/dags/minio_to_snowflake.py
[2026-06-05T02:03:30.188+0000] {logging_mixin.py:188} INFO - [2026-06-05T02:03:30.187+0000] {dag.py:3089} INFO - Sync 1 DAGs
[2026-06-05T02:03:30.212+0000] {logging_mixin.py:188} INFO - [2026-06-05T02:03:30.212+0000] {dag.py:3947} INFO - Setting next_dagrun for minio_to_snowflake to 2026-06-05 02:02:00+00:00, run_after=2026-06-05 02:03:00+00:00
[2026-06-05T02:03:30.234+0000] {processor.py:183} INFO - Processing /opt/airflow/dags/minio_to_snowflake.py took 1.401 seconds
[2026-06-05T02:04:00.495+0000] {processor.py:161} INFO - Started process (PID=39366) to work on /opt/airflow/dags/minio_to_snowflake.py
[2026-06-05T02:04:00.497+0000] {processor.py:830} INFO - Processing file /opt/airflow/dags/minio_to_snowflake.py for tasks to queue
[2026-06-05T02:04:00.500+0000] {logging_mixin.py:188} INFO - [2026-06-05T02:04:00.500+0000] {dagbag.py:545} INFO - Filling up the DagBag from /opt/airflow/dags/minio_to_snowflake.py
[2026-06-05T02:04:01.583+0000] {processor.py:840} INFO - DAG(s) 'minio_to_snowflake' retrieved from /opt/airflow/dags/minio_to_snowflake.py
[2026-06-05T02:04:01.618+0000] {logging_mixin.py:188} INFO - [2026-06-05T02:04:01.617+0000] {dag.py:3089} INFO - Sync 1 DAGs
[2026-06-05T02:04:01.654+0000] {logging_mixin.py:188} INFO - [2026-06-05T02:04:01.654+0000] {dag.py:3947} INFO - Setting next_dagrun for minio_to_snowflake to 2026-06-05 02:03:00+00:00, run_after=2026-06-05 02:04:00+00:00
[2026-06-05T02:04:01.685+0000] {processor.py:183} INFO - Processing /opt/airflow/dags/minio_to_snowflake.py took 1.202 seconds
[2026-06-05T02:04:31.797+0000] {processor.py:161} INFO - Started process (PID=39430) to work on /opt/airflow/dags/minio_to_snowflake.py
[2026-06-05T02:04:31.799+0000] {processor.py:830} INFO - Processing file /opt/airflow/dags/minio_to_snowflake.py for tasks to queue
[2026-06-05T02:04:31.802+0000] {logging_mixin.py:188} INFO - [2026-06-05T02:04:31.801+0000] {dagbag.py:545} INFO - Filling up the DagBag from /opt/airflow/dags/minio_to_snowflake.py
[2026-06-05T02:04:32.783+0000] {processor.py:840} INFO - DAG(s) 'minio_to_snowflake' retrieved from /opt/airflow/dags/minio_to_snowflake.py
[2026-06-05T02:04:32.822+0000] {logging_mixin.py:188} INFO - [2026-06-05T02:04:32.821+0000] {dag.py:3089} INFO - Sync 1 DAGs
[2026-06-05T02:04:32.855+0000] {logging_mixin.py:188} INFO - [2026-06-05T02:04:32.854+0000] {dag.py:3947} INFO - Setting next_dagrun for minio_to_snowflake to 2026-06-05 02:03:00+00:00, run_after=2026-06-05 02:04:00+00:00
[2026-06-05T02:04:32.885+0000] {processor.py:183} INFO - Processing /opt/airflow/dags/minio_to_snowflake.py took 1.098 seconds
[2026-06-05T02:05:03.023+0000] {processor.py:161} INFO - Started process (PID=39502) to work on /opt/airflow/dags/minio_to_snowflake.py
[2026-06-05T02:05:03.028+0000] {processor.py:830} INFO - Processing file /opt/airflow/dags/minio_to_snowflake.py for tasks to queue
[2026-06-05T02:05:03.033+0000] {logging_mixin.py:188} INFO - [2026-06-05T02:05:03.032+0000] {dagbag.py:545} INFO - Filling up the DagBag from /opt/airflow/dags/minio_to_snowflake.py
[2026-06-05T02:05:04.076+0000] {processor.py:840} INFO - DAG(s) 'minio_to_snowflake' retrieved from /opt/airflow/dags/minio_to_snowflake.py
[2026-06-05T02:05:04.119+0000] {logging_mixin.py:188} INFO - [2026-06-05T02:05:04.118+0000] {dag.py:3089} INFO - Sync 1 DAGs
[2026-06-05T02:05:04.155+0000] {logging_mixin.py:188} INFO - [2026-06-05T02:05:04.155+0000] {dag.py:3947} INFO - Setting next_dagrun for minio_to_snowflake to 2026-06-05 02:04:00+00:00, run_after=2026-06-05 02:05:00+00:00
[2026-06-05T02:05:04.184+0000] {processor.py:183} INFO - Processing /opt/airflow/dags/minio_to_snowflake.py took 1.169 seconds
[2026-06-05T02:05:34.353+0000] {processor.py:161} INFO - Started process (PID=40284) to work on /opt/airflow/dags/minio_to_snowflake.py
[2026-06-05T02:05:34.355+0000] {processor.py:830} INFO - Processing file /opt/airflow/dags/minio_to_snowflake.py for tasks to queue
[2026-06-05T02:05:34.360+0000] {logging_mixin.py:188} INFO - [2026-06-05T02:05:34.359+0000] {dagbag.py:545} INFO - Filling up the DagBag from /opt/airflow/dags/minio_to_snowflake.py
[2026-06-05T02:05:35.461+0000] {processor.py:840} INFO - DAG(s) 'minio_to_snowflake' retrieved from /opt/airflow/dags/minio_to_snowflake.py
[2026-06-05T02:05:35.510+0000] {logging_mixin.py:188} INFO - [2026-06-05T02:05:35.509+0000] {dag.py:3089} INFO - Sync 1 DAGs
[2026-06-05T02:05:35.581+0000] {logging_mixin.py:188} INFO - [2026-06-05T02:05:35.581+0000] {dag.py:3947} INFO - Setting next_dagrun for minio_to_snowflake to 2026-06-05 02:05:00+00:00, run_after=2026-06-05 02:06:00+00:00
[2026-06-05T02:05:35.608+0000] {processor.py:183} INFO - Processing /opt/airflow/dags/minio_to_snowflake.py took 1.264 seconds
[2026-06-05T02:06:06.481+0000] {processor.py:161} INFO - Started process (PID=40689) to work on /opt/airflow/dags/minio_to_snowflake.py
[2026-06-05T02:33:01.832+0000] {processor.py:830} INFO - Processing file /opt/airflow/dags/minio_to_snowflake.py for tasks to queue
[2026-06-05T02:33:02.068+0000] {logging_mixin.py:188} INFO - [2026-06-05T02:33:02.067+0000] {dagbag.py:545} INFO - Filling up the DagBag from /opt/airflow/dags/minio_to_snowflake.py
[2026-06-05T02:33:36.954+0000] {processor.py:161} INFO - Started process (PID=40754) to work on /opt/airflow/dags/minio_to_snowflake.py
[2026-06-05T02:33:36.964+0000] {processor.py:830} INFO - Processing file /opt/airflow/dags/minio_to_snowflake.py for tasks to queue
[2026-06-05T02:33:36.968+0000] {logging_mixin.py:188} INFO - [2026-06-05T02:33:36.967+0000] {dagbag.py:545} INFO - Filling up the DagBag from /opt/airflow/dags/minio_to_snowflake.py
[2026-06-05T02:33:39.895+0000] {processor.py:840} INFO - DAG(s) 'minio_to_snowflake' retrieved from /opt/airflow/dags/minio_to_snowflake.py
[2026-06-05T02:33:39.987+0000] {logging_mixin.py:188} INFO - [2026-06-05T02:33:39.985+0000] {dag.py:3089} INFO - Sync 1 DAGs
[2026-06-05T02:33:40.080+0000] {logging_mixin.py:188} INFO - [2026-06-05T02:33:40.079+0000] {dag.py:3947} INFO - Setting next_dagrun for minio_to_snowflake to 2026-06-05 02:32:00+00:00, run_after=2026-06-05 02:33:00+00:00
[2026-06-05T02:33:40.139+0000] {processor.py:183} INFO - Processing /opt/airflow/dags/minio_to_snowflake.py took 3.200 seconds
[2026-06-05T02:34:10.549+0000] {processor.py:161} INFO - Started process (PID=40851) to work on /opt/airflow/dags/minio_to_snowflake.py
[2026-06-05T02:34:10.551+0000] {processor.py:830} INFO - Processing file /opt/airflow/dags/minio_to_snowflake.py for tasks to queue
[2026-06-05T02:34:10.564+0000] {logging_mixin.py:188} INFO - [2026-06-05T02:34:10.555+0000] {dagbag.py:545} INFO - Filling up the DagBag from /opt/airflow/dags/minio_to_snowflake.py
[2026-06-05T02:34:13.284+0000] {processor.py:840} INFO - DAG(s) 'minio_to_snowflake' retrieved from /opt/airflow/dags/minio_to_snowflake.py
[2026-06-05T02:34:13.351+0000] {logging_mixin.py:188} INFO - [2026-06-05T02:34:13.350+0000] {dag.py:3089} INFO - Sync 1 DAGs
[2026-06-05T02:34:13.428+0000] {logging_mixin.py:188} INFO - [2026-06-05T02:34:13.428+0000] {dag.py:3947} INFO - Setting next_dagrun for minio_to_snowflake to 2026-06-05 02:33:00+00:00, run_after=2026-06-05 02:34:00+00:00
[2026-06-05T02:34:13.477+0000] {processor.py:183} INFO - Processing /opt/airflow/dags/minio_to_snowflake.py took 2.949 seconds
[2026-06-05T02:34:43.740+0000] {processor.py:161} INFO - Started process (PID=40956) to work on /opt/airflow/dags/minio_to_snowflake.py
[2026-06-05T02:34:43.741+0000] {processor.py:830} INFO - Processing file /opt/airflow/dags/minio_to_snowflake.py for tasks to queue
[2026-06-05T02:34:43.744+0000] {logging_mixin.py:188} INFO - [2026-06-05T02:34:43.743+0000] {dagbag.py:545} INFO - Filling up the DagBag from /opt/airflow/dags/minio_to_snowflake.py
[2026-06-05T02:34:46.398+0000] {processor.py:840} INFO - DAG(s) 'minio_to_snowflake' retrieved from /opt/airflow/dags/minio_to_snowflake.py
[2026-06-05T02:34:46.467+0000] {logging_mixin.py:188} INFO - [2026-06-05T02:34:46.467+0000] {dag.py:3089} INFO - Sync 1 DAGs
[2026-06-05T02:34:46.531+0000] {logging_mixin.py:188} INFO - [2026-06-05T02:34:46.531+0000] {dag.py:3947} INFO - Setting next_dagrun for minio_to_snowflake to 2026-06-05 02:33:00+00:00, run_after=2026-06-05 02:34:00+00:00
[2026-06-05T02:34:46.579+0000] {processor.py:183} INFO - Processing /opt/airflow/dags/minio_to_snowflake.py took 2.856 seconds
[2026-06-05T02:35:16.897+0000] {processor.py:161} INFO - Started process (PID=41062) to work on /opt/airflow/dags/minio_to_snowflake.py
[2026-06-05T02:35:16.898+0000] {processor.py:830} INFO - Processing file /opt/airflow/dags/minio_to_snowflake.py for tasks to queue
[2026-06-05T02:35:16.909+0000] {logging_mixin.py:188} INFO - [2026-06-05T02:35:16.909+0000] {dagbag.py:545} INFO - Filling up the DagBag from /opt/airflow/dags/minio_to_snowflake.py
[2026-06-05T02:35:19.429+0000] {processor.py:840} INFO - DAG(s) 'minio_to_snowflake' retrieved from /opt/airflow/dags/minio_to_snowflake.py
[2026-06-05T02:35:19.501+0000] {logging_mixin.py:188} INFO - [2026-06-05T02:35:19.498+0000] {dag.py:3089} INFO - Sync 1 DAGs
[2026-06-05T02:35:19.581+0000] {logging_mixin.py:188} INFO - [2026-06-05T02:35:19.581+0000] {dag.py:3947} INFO - Setting next_dagrun for minio_to_snowflake to 2026-06-05 02:34:00+00:00, run_after=2026-06-05 02:35:00+00:00
[2026-06-05T02:35:19.623+0000] {processor.py:183} INFO - Processing /opt/airflow/dags/minio_to_snowflake.py took 2.745 seconds
[2026-06-05T02:35:50.072+0000] {processor.py:161} INFO - Started process (PID=41163) to work on /opt/airflow/dags/minio_to_snowflake.py
[2026-06-05T02:35:50.074+0000] {processor.py:830} INFO - Processing file /opt/airflow/dags/minio_to_snowflake.py for tasks to queue
[2026-06-05T02:35:50.086+0000] {logging_mixin.py:188} INFO - [2026-06-05T02:35:50.085+0000] {dagbag.py:545} INFO - Filling up the DagBag from /opt/airflow/dags/minio_to_snowflake.py
[2026-06-05T02:35:52.594+0000] {processor.py:840} INFO - DAG(s) 'minio_to_snowflake' retrieved from /opt/airflow/dags/minio_to_snowflake.py
[2026-06-05T02:35:52.678+0000] {logging_mixin.py:188} INFO - [2026-06-05T02:35:52.677+0000] {dag.py:3089} INFO - Sync 1 DAGs
[2026-06-05T02:35:52.790+0000] {logging_mixin.py:188} INFO - [2026-06-05T02:35:52.790+0000] {dag.py:3947} INFO - Setting next_dagrun for minio_to_snowflake to 2026-06-05 02:34:00+00:00, run_after=2026-06-05 02:35:00+00:00
[2026-06-05T02:35:52.858+0000] {processor.py:183} INFO - Processing /opt/airflow/dags/minio_to_snowflake.py took 2.799 seconds
[2026-06-05T02:36:23.197+0000] {processor.py:161} INFO - Started process (PID=41250) to work on /opt/airflow/dags/minio_to_snowflake.py
[2026-06-05T02:36:23.199+0000] {processor.py:830} INFO - Processing file /opt/airflow/dags/minio_to_snowflake.py for tasks to queue
[2026-06-05T02:36:23.201+0000] {logging_mixin.py:188} INFO - [2026-06-05T02:36:23.201+0000] {dagbag.py:545} INFO - Filling up the DagBag from /opt/airflow/dags/minio_to_snowflake.py
[2026-06-05T02:36:24.574+0000] {processor.py:840} INFO - DAG(s) 'minio_to_snowflake' retrieved from /opt/airflow/dags/minio_to_snowflake.py
[2026-06-05T02:36:24.604+0000] {logging_mixin.py:188} INFO - [2026-06-05T02:36:24.603+0000] {dag.py:3089} INFO - Sync 1 DAGs
[2026-06-05T02:36:24.631+0000] {logging_mixin.py:188} INFO - [2026-06-05T02:36:24.631+0000] {dag.py:3947} INFO - Setting next_dagrun for minio_to_snowflake to 2026-06-05 02:35:00+00:00, run_after=2026-06-05 02:36:00+00:00
[2026-06-05T02:36:24.662+0000] {processor.py:183} INFO - Processing /opt/airflow/dags/minio_to_snowflake.py took 1.473 seconds
[2026-06-05T02:36:54.878+0000] {processor.py:161} INFO - Started process (PID=42410) to work on /opt/airflow/dags/minio_to_snowflake.py
[2026-06-05T02:36:54.879+0000] {processor.py:830} INFO - Processing file /opt/airflow/dags/minio_to_snowflake.py for tasks to queue
[2026-06-05T02:36:54.886+0000] {logging_mixin.py:188} INFO - [2026-06-05T02:36:54.885+0000] {dagbag.py:545} INFO - Filling up the DagBag from /opt/airflow/dags/minio_to_snowflake.py
[2026-06-05T02:36:56.199+0000] {processor.py:840} INFO - DAG(s) 'minio_to_snowflake' retrieved from /opt/airflow/dags/minio_to_snowflake.py
[2026-06-05T02:36:56.243+0000] {logging_mixin.py:188} INFO - [2026-06-05T02:36:56.242+0000] {dag.py:3089} INFO - Sync 1 DAGs
[2026-06-05T02:36:56.285+0000] {logging_mixin.py:188} INFO - [2026-06-05T02:36:56.285+0000] {dag.py:3947} INFO - Setting next_dagrun for minio_to_snowflake to 2026-06-05 02:35:00+00:00, run_after=2026-06-05 02:36:00+00:00
[2026-06-05T02:36:56.339+0000] {processor.py:183} INFO - Processing /opt/airflow/dags/minio_to_snowflake.py took 1.480 seconds
[2026-06-05T02:37:26.719+0000] {processor.py:161} INFO - Started process (PID=42508) to work on /opt/airflow/dags/minio_to_snowflake.py
[2026-06-05T02:37:26.722+0000] {processor.py:830} INFO - Processing file /opt/airflow/dags/minio_to_snowflake.py for tasks to queue
[2026-06-05T02:37:26.726+0000] {logging_mixin.py:188} INFO - [2026-06-05T02:37:26.726+0000] {dagbag.py:545} INFO - Filling up the DagBag from /opt/airflow/dags/minio_to_snowflake.py
[2026-06-05T02:37:27.828+0000] {processor.py:840} INFO - DAG(s) 'minio_to_snowflake' retrieved from /opt/airflow/dags/minio_to_snowflake.py
[2026-06-05T02:37:27.863+0000] {logging_mixin.py:188} INFO - [2026-06-05T02:37:27.862+0000] {dag.py:3089} INFO - Sync 1 DAGs
[2026-06-05T02:37:27.892+0000] {logging_mixin.py:188} INFO - [2026-06-05T02:37:27.892+0000] {dag.py:3947} INFO - Setting next_dagrun for minio_to_snowflake to 2026-06-05 02:36:00+00:00, run_after=2026-06-05 02:37:00+00:00
[2026-06-05T02:37:27.917+0000] {processor.py:183} INFO - Processing /opt/airflow/dags/minio_to_snowflake.py took 1.207 seconds
[2026-06-05T02:37:58.002+0000] {processor.py:161} INFO - Started process (PID=42605) to work on /opt/airflow/dags/minio_to_snowflake.py
[2026-06-05T02:37:58.003+0000] {processor.py:830} INFO - Processing file /opt/airflow/dags/minio_to_snowflake.py for tasks to queue
[2026-06-05T02:37:58.006+0000] {logging_mixin.py:188} INFO - [2026-06-05T02:37:58.005+0000] {dagbag.py:545} INFO - Filling up the DagBag from /opt/airflow/dags/minio_to_snowflake.py
[2026-06-05T02:37:59.267+0000] {processor.py:840} INFO - DAG(s) 'minio_to_snowflake' retrieved from /opt/airflow/dags/minio_to_snowflake.py
[2026-06-05T02:37:59.300+0000] {logging_mixin.py:188} INFO - [2026-06-05T02:37:59.299+0000] {dag.py:3089} INFO - Sync 1 DAGs
[2026-06-05T02:37:59.328+0000] {logging_mixin.py:188} INFO - [2026-06-05T02:37:59.328+0000] {dag.py:3947} INFO - Setting next_dagrun for minio_to_snowflake to 2026-06-05 02:36:00+00:00, run_after=2026-06-05 02:37:00+00:00
[2026-06-05T02:37:59.351+0000] {processor.py:183} INFO - Processing /opt/airflow/dags/minio_to_snowflake.py took 1.359 seconds
[2026-06-05T02:38:29.471+0000] {processor.py:161} INFO - Started process (PID=42701) to work on /opt/airflow/dags/minio_to_snowflake.py
[2026-06-05T02:38:29.472+0000] {processor.py:830} INFO - Processing file /opt/airflow/dags/minio_to_snowflake.py for tasks to queue
[2026-06-05T02:38:29.474+0000] {logging_mixin.py:188} INFO - [2026-06-05T02:38:29.474+0000] {dagbag.py:545} INFO - Filling up the DagBag from /opt/airflow/dags/minio_to_snowflake.py
[2026-06-05T02:38:30.585+0000] {processor.py:840} INFO - DAG(s) 'minio_to_snowflake' retrieved from /opt/airflow/dags/minio_to_snowflake.py
[2026-06-05T02:38:30.618+0000] {logging_mixin.py:188} INFO - [2026-06-05T02:38:30.618+0000] {dag.py:3089} INFO - Sync 1 DAGs
[2026-06-05T02:38:30.645+0000] {logging_mixin.py:188} INFO - [2026-06-05T02:38:30.645+0000] {dag.py:3947} INFO - Setting next_dagrun for minio_to_snowflake to 2026-06-05 02:37:00+00:00, run_after=2026-06-05 02:38:00+00:00
[2026-06-05T02:38:30.667+0000] {processor.py:183} INFO - Processing /opt/airflow/dags/minio_to_snowflake.py took 1.206 seconds
[2026-06-05T02:39:00.821+0000] {processor.py:161} INFO - Started process (PID=42795) to work on /opt/airflow/dags/minio_to_snowflake.py
[2026-06-05T02:39:00.822+0000] {processor.py:830} INFO - Processing file /opt/airflow/dags/minio_to_snowflake.py for tasks to queue
[2026-06-05T02:39:00.825+0000] {logging_mixin.py:188} INFO - [2026-06-05T02:39:00.825+0000] {dagbag.py:545} INFO - Filling up the DagBag from /opt/airflow/dags/minio_to_snowflake.py
[2026-06-05T02:39:01.912+0000] {processor.py:840} INFO - DAG(s) 'minio_to_snowflake' retrieved from /opt/airflow/dags/minio_to_snowflake.py
[2026-06-05T02:39:01.979+0000] {logging_mixin.py:188} INFO - [2026-06-05T02:39:01.970+0000] {dag.py:3089} INFO - Sync 1 DAGs
[2026-06-05T02:39:02.021+0000] {logging_mixin.py:188} INFO - [2026-06-05T02:39:02.020+0000] {dag.py:3947} INFO - Setting next_dagrun for minio_to_snowflake to 2026-06-05 02:38:00+00:00, run_after=2026-06-05 02:39:00+00:00
[2026-06-05T02:39:02.058+0000] {processor.py:183} INFO - Processing /opt/airflow/dags/minio_to_snowflake.py took 1.252 seconds
[2026-06-05T02:39:32.336+0000] {processor.py:161} INFO - Started process (PID=42896) to work on /opt/airflow/dags/minio_to_snowflake.py
[2026-06-05T02:39:32.337+0000] {processor.py:830} INFO - Processing file /opt/airflow/dags/minio_to_snowflake.py for tasks to queue
[2026-06-05T02:39:32.340+0000] {logging_mixin.py:188} INFO - [2026-06-05T02:39:32.340+0000] {dagbag.py:545} INFO - Filling up the DagBag from /opt/airflow/dags/minio_to_snowflake.py
[2026-06-05T02:39:33.456+0000] {processor.py:840} INFO - DAG(s) 'minio_to_snowflake' retrieved from /opt/airflow/dags/minio_to_snowflake.py
[2026-06-05T02:39:33.489+0000] {logging_mixin.py:188} INFO - [2026-06-05T02:39:33.488+0000] {dag.py:3089} INFO - Sync 1 DAGs
[2026-06-05T02:39:33.528+0000] {logging_mixin.py:188} INFO - [2026-06-05T02:39:33.527+0000] {dag.py:3947} INFO - Setting next_dagrun for minio_to_snowflake to 2026-06-05 02:38:00+00:00, run_after=2026-06-05 02:39:00+00:00
[2026-06-05T02:39:33.555+0000] {processor.py:183} INFO - Processing /opt/airflow/dags/minio_to_snowflake.py took 1.227 seconds
[2026-06-05T02:40:03.692+0000] {processor.py:161} INFO - Started process (PID=43237) to work on /opt/airflow/dags/minio_to_snowflake.py
[2026-06-05T02:40:03.694+0000] {processor.py:830} INFO - Processing file /opt/airflow/dags/minio_to_snowflake.py for tasks to queue
[2026-06-05T02:40:03.697+0000] {logging_mixin.py:188} INFO - [2026-06-05T02:40:03.696+0000] {dagbag.py:545} INFO - Filling up the DagBag from /opt/airflow/dags/minio_to_snowflake.py
[2026-06-05T02:40:04.861+0000] {processor.py:840} INFO - DAG(s) 'minio_to_snowflake' retrieved from /opt/airflow/dags/minio_to_snowflake.py
[2026-06-05T02:40:04.902+0000] {logging_mixin.py:188} INFO - [2026-06-05T02:40:04.901+0000] {dag.py:3089} INFO - Sync 1 DAGs
[2026-06-05T02:40:04.944+0000] {logging_mixin.py:188} INFO - [2026-06-05T02:40:04.943+0000] {dag.py:3947} INFO - Setting next_dagrun for minio_to_snowflake to 2026-06-05 02:39:00+00:00, run_after=2026-06-05 02:40:00+00:00
[2026-06-05T02:40:04.972+0000] {processor.py:183} INFO - Processing /opt/airflow/dags/minio_to_snowflake.py took 1.299 seconds
[2026-06-05T02:40:35.063+0000] {processor.py:161} INFO - Started process (PID=44142) to work on /opt/airflow/dags/minio_to_snowflake.py
[2026-06-05T02:40:35.065+0000] {processor.py:830} INFO - Processing file /opt/airflow/dags/minio_to_snowflake.py for tasks to queue
[2026-06-05T02:40:35.067+0000] {logging_mixin.py:188} INFO - [2026-06-05T02:40:35.067+0000] {dagbag.py:545} INFO - Filling up the DagBag from /opt/airflow/dags/minio_to_snowflake.py
[2026-06-05T02:40:36.119+0000] {processor.py:840} INFO - DAG(s) 'minio_to_snowflake' retrieved from /opt/airflow/dags/minio_to_snowflake.py
[2026-06-05T02:40:36.166+0000] {logging_mixin.py:188} INFO - [2026-06-05T02:40:36.163+0000] {dag.py:3089} INFO - Sync 1 DAGs
[2026-06-05T02:40:36.197+0000] {logging_mixin.py:188} INFO - [2026-06-05T02:40:36.197+0000] {dag.py:3947} INFO - Setting next_dagrun for minio_to_snowflake to 2026-06-05 02:39:00+00:00, run_after=2026-06-05 02:40:00+00:00
[2026-06-05T02:40:36.242+0000] {processor.py:183} INFO - Processing /opt/airflow/dags/minio_to_snowflake.py took 1.187 seconds
[2026-06-05T02:41:06.505+0000] {processor.py:161} INFO - Started process (PID=44231) to work on /opt/airflow/dags/minio_to_snowflake.py
[2026-06-05T02:41:06.506+0000] {processor.py:830} INFO - Processing file /opt/airflow/dags/minio_to_snowflake.py for tasks to queue
[2026-06-05T02:41:06.509+0000] {logging_mixin.py:188} INFO - [2026-06-05T02:41:06.508+0000] {dagbag.py:545} INFO - Filling up the DagBag from /opt/airflow/dags/minio_to_snowflake.py
[2026-06-05T02:41:07.758+0000] {processor.py:840} INFO - DAG(s) 'minio_to_snowflake' retrieved from /opt/airflow/dags/minio_to_snowflake.py
[2026-06-05T02:41:07.796+0000] {logging_mixin.py:188} INFO - [2026-06-05T02:41:07.795+0000] {dag.py:3089} INFO - Sync 1 DAGs
[2026-06-05T02:41:07.857+0000] {logging_mixin.py:188} INFO - [2026-06-05T02:41:07.856+0000] {dag.py:3947} INFO - Setting next_dagrun for minio_to_snowflake to 2026-06-05 02:40:00+00:00, run_after=2026-06-05 02:41:00+00:00
[2026-06-05T02:41:07.887+0000] {processor.py:183} INFO - Processing /opt/airflow/dags/minio_to_snowflake.py took 1.391 seconds
[2026-06-05T02:41:38.210+0000] {processor.py:161} INFO - Started process (PID=44328) to work on /opt/airflow/dags/minio_to_snowflake.py
[2026-06-05T02:41:38.212+0000] {processor.py:830} INFO - Processing file /opt/airflow/dags/minio_to_snowflake.py for tasks to queue
[2026-06-05T02:41:38.214+0000] {logging_mixin.py:188} INFO - [2026-06-05T02:41:38.214+0000] {dagbag.py:545} INFO - Filling up the DagBag from /opt/airflow/dags/minio_to_snowflake.py
[2026-06-05T02:41:39.456+0000] {processor.py:840} INFO - DAG(s) 'minio_to_snowflake' retrieved from /opt/airflow/dags/minio_to_snowflake.py
[2026-06-05T02:41:39.507+0000] {logging_mixin.py:188} INFO - [2026-06-05T02:41:39.506+0000] {dag.py:3089} INFO - Sync 1 DAGs
[2026-06-05T02:41:39.569+0000] {logging_mixin.py:188} INFO - [2026-06-05T02:41:39.568+0000] {dag.py:3947} INFO - Setting next_dagrun for minio_to_snowflake to 2026-06-05 02:40:00+00:00, run_after=2026-06-05 02:41:00+00:00
[2026-06-05T02:41:39.621+0000] {processor.py:183} INFO - Processing /opt/airflow/dags/minio_to_snowflake.py took 1.423 seconds
[2026-06-05T02:42:09.926+0000] {processor.py:161} INFO - Started process (PID=44397) to work on /opt/airflow/dags/minio_to_snowflake.py
[2026-06-05T02:42:09.928+0000] {processor.py:830} INFO - Processing file /opt/airflow/dags/minio_to_snowflake.py for tasks to queue
[2026-06-05T02:42:09.932+0000] {logging_mixin.py:188} INFO - [2026-06-05T02:42:09.931+0000] {dagbag.py:545} INFO - Filling up the DagBag from /opt/airflow/dags/minio_to_snowflake.py
[2026-06-05T02:42:10.997+0000] {processor.py:840} INFO - DAG(s) 'minio_to_snowflake' retrieved from /opt/airflow/dags/minio_to_snowflake.py
[2026-06-05T02:42:11.116+0000] {logging_mixin.py:188} INFO - [2026-06-05T02:42:11.115+0000] {dag.py:3089} INFO - Sync 1 DAGs
[2026-06-05T02:42:11.208+0000] {logging_mixin.py:188} INFO - [2026-06-05T02:42:11.207+0000] {dag.py:3947} INFO - Setting next_dagrun for minio_to_snowflake to 2026-06-05 02:41:00+00:00, run_after=2026-06-05 02:42:00+00:00
[2026-06-05T02:42:11.266+0000] {processor.py:183} INFO - Processing /opt/airflow/dags/minio_to_snowflake.py took 1.351 seconds
[2026-06-05T02:42:41.496+0000] {processor.py:161} INFO - Started process (PID=44483) to work on /opt/airflow/dags/minio_to_snowflake.py
[2026-06-05T02:42:41.498+0000] {processor.py:830} INFO - Processing file /opt/airflow/dags/minio_to_snowflake.py for tasks to queue
[2026-06-05T02:42:41.501+0000] {logging_mixin.py:188} INFO - [2026-06-05T02:42:41.501+0000] {dagbag.py:545} INFO - Filling up the DagBag from /opt/airflow/dags/minio_to_snowflake.py
[2026-06-05T02:42:42.926+0000] {processor.py:840} INFO - DAG(s) 'minio_to_snowflake' retrieved from /opt/airflow/dags/minio_to_snowflake.py
[2026-06-05T02:42:42.990+0000] {logging_mixin.py:188} INFO - [2026-06-05T02:42:42.989+0000] {dag.py:3089} INFO - Sync 1 DAGs
[2026-06-05T02:42:43.071+0000] {logging_mixin.py:188} INFO - [2026-06-05T02:42:43.071+0000] {dag.py:3947} INFO - Setting next_dagrun for minio_to_snowflake to 2026-06-05 02:41:00+00:00, run_after=2026-06-05 02:42:00+00:00
[2026-06-05T02:42:43.128+0000] {processor.py:183} INFO - Processing /opt/airflow/dags/minio_to_snowflake.py took 1.645 seconds
[2026-06-05T02:43:13.641+0000] {processor.py:161} INFO - Started process (PID=44595) to work on /opt/airflow/dags/minio_to_snowflake.py
[2026-06-05T02:43:13.643+0000] {processor.py:830} INFO - Processing file /opt/airflow/dags/minio_to_snowflake.py for tasks to queue
[2026-06-05T02:43:13.646+0000] {logging_mixin.py:188} INFO - [2026-06-05T02:43:13.646+0000] {dagbag.py:545} INFO - Filling up the DagBag from /opt/airflow/dags/minio_to_snowflake.py
[2026-06-05T02:43:14.816+0000] {processor.py:840} INFO - DAG(s) 'minio_to_snowflake' retrieved from /opt/airflow/dags/minio_to_snowflake.py
[2026-06-05T02:43:14.850+0000] {logging_mixin.py:188} INFO - [2026-06-05T02:43:14.850+0000] {dag.py:3089} INFO - Sync 1 DAGs
[2026-06-05T02:43:14.880+0000] {logging_mixin.py:188} INFO - [2026-06-05T02:43:14.880+0000] {dag.py:3947} INFO - Setting next_dagrun for minio_to_snowflake to 2026-06-05 02:42:00+00:00, run_after=2026-06-05 02:43:00+00:00
[2026-06-05T02:43:14.902+0000] {processor.py:183} INFO - Processing /opt/airflow/dags/minio_to_snowflake.py took 1.269 seconds
[2026-06-05T02:43:45.206+0000] {processor.py:161} INFO - Started process (PID=45364) to work on /opt/airflow/dags/minio_to_snowflake.py
[2026-06-05T02:43:45.208+0000] {processor.py:830} INFO - Processing file /opt/airflow/dags/minio_to_snowflake.py for tasks to queue
[2026-06-05T02:43:45.212+0000] {logging_mixin.py:188} INFO - [2026-06-05T02:43:45.211+0000] {dagbag.py:545} INFO - Filling up the DagBag from /opt/airflow/dags/minio_to_snowflake.py
[2026-06-05T02:43:47.768+0000] {processor.py:840} INFO - DAG(s) 'minio_to_snowflake' retrieved from /opt/airflow/dags/minio_to_snowflake.py
[2026-06-05T02:43:47.851+0000] {logging_mixin.py:188} INFO - [2026-06-05T02:43:47.850+0000] {dag.py:3089} INFO - Sync 1 DAGs
[2026-06-05T02:43:47.931+0000] {logging_mixin.py:188} INFO - [2026-06-05T02:43:47.931+0000] {dag.py:3947} INFO - Setting next_dagrun for minio_to_snowflake to 2026-06-05 02:43:00+00:00, run_after=2026-06-05 02:44:00+00:00
[2026-06-05T02:43:47.980+0000] {processor.py:183} INFO - Processing /opt/airflow/dags/minio_to_snowflake.py took 2.805 seconds
[2026-06-05T02:44:18.383+0000] {processor.py:161} INFO - Started process (PID=45867) to work on /opt/airflow/dags/minio_to_snowflake.py
[2026-06-05T02:44:18.384+0000] {processor.py:830} INFO - Processing file /opt/airflow/dags/minio_to_snowflake.py for tasks to queue
[2026-06-05T02:44:18.387+0000] {logging_mixin.py:188} INFO - [2026-06-05T02:44:18.386+0000] {dagbag.py:545} INFO - Filling up the DagBag from /opt/airflow/dags/minio_to_snowflake.py
[2026-06-05T02:44:19.425+0000] {processor.py:840} INFO - DAG(s) 'minio_to_snowflake' retrieved from /opt/airflow/dags/minio_to_snowflake.py
[2026-06-05T02:44:19.457+0000] {logging_mixin.py:188} INFO - [2026-06-05T02:44:19.457+0000] {dag.py:3089} INFO - Sync 1 DAGs
[2026-06-05T02:44:19.488+0000] {logging_mixin.py:188} INFO - [2026-06-05T02:44:19.488+0000] {dag.py:3947} INFO - Setting next_dagrun for minio_to_snowflake to 2026-06-05 02:43:00+00:00, run_after=2026-06-05 02:44:00+00:00
[2026-06-05T02:44:19.518+0000] {processor.py:183} INFO - Processing /opt/airflow/dags/minio_to_snowflake.py took 1.145 seconds
[2026-06-05T02:44:49.620+0000] {processor.py:161} INFO - Started process (PID=45959) to work on /opt/airflow/dags/minio_to_snowflake.py
[2026-06-05T02:44:49.621+0000] {processor.py:830} INFO - Processing file /opt/airflow/dags/minio_to_snowflake.py for tasks to queue
[2026-06-05T02:44:49.624+0000] {logging_mixin.py:188} INFO - [2026-06-05T02:44:49.623+0000] {dagbag.py:545} INFO - Filling up the DagBag from /opt/airflow/dags/minio_to_snowflake.py
[2026-06-05T02:44:51.010+0000] {processor.py:840} INFO - DAG(s) 'minio_to_snowflake' retrieved from /opt/airflow/dags/minio_to_snowflake.py
[2026-06-05T02:44:51.042+0000] {logging_mixin.py:188} INFO - [2026-06-05T02:44:51.041+0000] {dag.py:3089} INFO - Sync 1 DAGs
[2026-06-05T02:44:51.071+0000] {logging_mixin.py:188} INFO - [2026-06-05T02:44:51.070+0000] {dag.py:3947} INFO - Setting next_dagrun for minio_to_snowflake to 2026-06-05 02:43:00+00:00, run_after=2026-06-05 02:44:00+00:00
[2026-06-05T02:44:51.093+0000] {processor.py:183} INFO - Processing /opt/airflow/dags/minio_to_snowflake.py took 1.487 seconds
[2026-06-05T02:45:21.433+0000] {processor.py:161} INFO - Started process (PID=46049) to work on /opt/airflow/dags/minio_to_snowflake.py
[2026-06-05T02:45:21.435+0000] {processor.py:830} INFO - Processing file /opt/airflow/dags/minio_to_snowflake.py for tasks to queue
[2026-06-05T02:45:21.437+0000] {logging_mixin.py:188} INFO - [2026-06-05T02:45:21.437+0000] {dagbag.py:545} INFO - Filling up the DagBag from /opt/airflow/dags/minio_to_snowflake.py
[2026-06-05T02:45:22.570+0000] {processor.py:840} INFO - DAG(s) 'minio_to_snowflake' retrieved from /opt/airflow/dags/minio_to_snowflake.py
[2026-06-05T02:45:22.605+0000] {logging_mixin.py:188} INFO - [2026-06-05T02:45:22.605+0000] {dag.py:3089} INFO - Sync 1 DAGs
[2026-06-05T02:45:22.636+0000] {logging_mixin.py:188} INFO - [2026-06-05T02:45:22.636+0000] {dag.py:3947} INFO - Setting next_dagrun for minio_to_snowflake to 2026-06-05 02:44:00+00:00, run_after=2026-06-05 02:45:00+00:00
[2026-06-05T02:45:22.661+0000] {processor.py:183} INFO - Processing /opt/airflow/dags/minio_to_snowflake.py took 1.236 seconds
[2026-06-05T02:45:53.046+0000] {processor.py:161} INFO - Started process (PID=46144) to work on /opt/airflow/dags/minio_to_snowflake.py
[2026-06-05T02:45:53.047+0000] {processor.py:830} INFO - Processing file /opt/airflow/dags/minio_to_snowflake.py for tasks to queue
[2026-06-05T02:45:53.050+0000] {logging_mixin.py:188} INFO - [2026-06-05T02:45:53.050+0000] {dagbag.py:545} INFO - Filling up the DagBag from /opt/airflow/dags/minio_to_snowflake.py
[2026-06-05T02:45:54.224+0000] {processor.py:840} INFO - DAG(s) 'minio_to_snowflake' retrieved from /opt/airflow/dags/minio_to_snowflake.py
[2026-06-05T02:45:54.260+0000] {logging_mixin.py:188} INFO - [2026-06-05T02:45:54.259+0000] {dag.py:3089} INFO - Sync 1 DAGs
[2026-06-05T02:45:54.295+0000] {logging_mixin.py:188} INFO - [2026-06-05T02:45:54.295+0000] {dag.py:3947} INFO - Setting next_dagrun for minio_to_snowflake to 2026-06-05 02:44:00+00:00, run_after=2026-06-05 02:45:00+00:00
[2026-06-05T02:45:54.317+0000] {processor.py:183} INFO - Processing /opt/airflow/dags/minio_to_snowflake.py took 1.282 seconds
[2026-06-05T02:46:24.584+0000] {processor.py:161} INFO - Started process (PID=46238) to work on /opt/airflow/dags/minio_to_snowflake.py
[2026-06-05T02:46:24.586+0000] {processor.py:830} INFO - Processing file /opt/airflow/dags/minio_to_snowflake.py for tasks to queue
[2026-06-05T02:46:24.588+0000] {logging_mixin.py:188} INFO - [2026-06-05T02:46:24.588+0000] {dagbag.py:545} INFO - Filling up the DagBag from /opt/airflow/dags/minio_to_snowflake.py
[2026-06-05T02:46:25.840+0000] {processor.py:840} INFO - DAG(s) 'minio_to_snowflake' retrieved from /opt/airflow/dags/minio_to_snowflake.py
[2026-06-05T02:46:25.881+0000] {logging_mixin.py:188} INFO - [2026-06-05T02:46:25.878+0000] {dag.py:3089} INFO - Sync 1 DAGs
[2026-06-05T02:46:25.930+0000] {logging_mixin.py:188} INFO - [2026-06-05T02:46:25.930+0000] {dag.py:3947} INFO - Setting next_dagrun for minio_to_snowflake to 2026-06-05 02:45:00+00:00, run_after=2026-06-05 02:46:00+00:00
[2026-06-05T02:46:25.970+0000] {processor.py:183} INFO - Processing /opt/airflow/dags/minio_to_snowflake.py took 1.394 seconds
[2026-06-05T02:46:56.264+0000] {processor.py:161} INFO - Started process (PID=46345) to work on /opt/airflow/dags/minio_to_snowflake.py
[2026-06-05T02:46:56.266+0000] {processor.py:830} INFO - Processing file /opt/airflow/dags/minio_to_snowflake.py for tasks to queue
[2026-06-05T02:46:56.275+0000] {logging_mixin.py:188} INFO - [2026-06-05T02:46:56.274+0000] {dagbag.py:545} INFO - Filling up the DagBag from /opt/airflow/dags/minio_to_snowflake.py
[2026-06-05T02:46:57.318+0000] {processor.py:840} INFO - DAG(s) 'minio_to_snowflake' retrieved from /opt/airflow/dags/minio_to_snowflake.py
[2026-06-05T02:46:57.350+0000] {logging_mixin.py:188} INFO - [2026-06-05T02:46:57.349+0000] {dag.py:3089} INFO - Sync 1 DAGs
[2026-06-05T02:46:57.373+0000] {logging_mixin.py:188} INFO - [2026-06-05T02:46:57.373+0000] {dag.py:3947} INFO - Setting next_dagrun for minio_to_snowflake to 2026-06-05 02:45:00+00:00, run_after=2026-06-05 02:46:00+00:00
[2026-06-05T02:46:57.394+0000] {processor.py:183} INFO - Processing /opt/airflow/dags/minio_to_snowflake.py took 1.141 seconds
[2026-06-05T02:47:27.523+0000] {processor.py:161} INFO - Started process (PID=47501) to work on /opt/airflow/dags/minio_to_snowflake.py
[2026-06-05T02:47:27.525+0000] {processor.py:830} INFO - Processing file /opt/airflow/dags/minio_to_snowflake.py for tasks to queue
[2026-06-05T02:47:27.528+0000] {logging_mixin.py:188} INFO - [2026-06-05T02:47:27.527+0000] {dagbag.py:545} INFO - Filling up the DagBag from /opt/airflow/dags/minio_to_snowflake.py
[2026-06-05T02:47:28.727+0000] {processor.py:840} INFO - DAG(s) 'minio_to_snowflake' retrieved from /opt/airflow/dags/minio_to_snowflake.py
[2026-06-05T02:47:28.768+0000] {logging_mixin.py:188} INFO - [2026-06-05T02:47:28.767+0000] {dag.py:3089} INFO - Sync 1 DAGs
[2026-06-05T02:47:28.802+0000] {logging_mixin.py:188} INFO - [2026-06-05T02:47:28.802+0000] {dag.py:3947} INFO - Setting next_dagrun for minio_to_snowflake to 2026-06-05 02:46:00+00:00, run_after=2026-06-05 02:47:00+00:00
[2026-06-05T02:47:28.834+0000] {processor.py:183} INFO - Processing /opt/airflow/dags/minio_to_snowflake.py took 1.319 seconds
[2026-06-05T02:47:59.121+0000] {processor.py:161} INFO - Started process (PID=47602) to work on /opt/airflow/dags/minio_to_snowflake.py
[2026-06-05T02:47:59.123+0000] {processor.py:830} INFO - Processing file /opt/airflow/dags/minio_to_snowflake.py for tasks to queue
[2026-06-05T02:47:59.127+0000] {logging_mixin.py:188} INFO - [2026-06-05T02:47:59.126+0000] {dagbag.py:545} INFO - Filling up the DagBag from /opt/airflow/dags/minio_to_snowflake.py
[2026-06-05T02:48:00.279+0000] {processor.py:840} INFO - DAG(s) 'minio_to_snowflake' retrieved from /opt/airflow/dags/minio_to_snowflake.py
[2026-06-05T02:48:00.311+0000] {logging_mixin.py:188} INFO - [2026-06-05T02:48:00.311+0000] {dag.py:3089} INFO - Sync 1 DAGs
[2026-06-05T02:48:00.343+0000] {logging_mixin.py:188} INFO - [2026-06-05T02:48:00.343+0000] {dag.py:3947} INFO - Setting next_dagrun for minio_to_snowflake to 2026-06-05 02:47:00+00:00, run_after=2026-06-05 02:48:00+00:00
[2026-06-05T02:48:00.369+0000] {processor.py:183} INFO - Processing /opt/airflow/dags/minio_to_snowflake.py took 1.259 seconds
[2026-06-05T02:48:30.639+0000] {processor.py:161} INFO - Started process (PID=47690) to work on /opt/airflow/dags/minio_to_snowflake.py
[2026-06-05T02:48:30.641+0000] {processor.py:830} INFO - Processing file /opt/airflow/dags/minio_to_snowflake.py for tasks to queue
[2026-06-05T02:48:30.646+0000] {logging_mixin.py:188} INFO - [2026-06-05T02:48:30.645+0000] {dagbag.py:545} INFO - Filling up the DagBag from /opt/airflow/dags/minio_to_snowflake.py
[2026-06-05T02:48:31.662+0000] {processor.py:840} INFO - DAG(s) 'minio_to_snowflake' retrieved from /opt/airflow/dags/minio_to_snowflake.py
[2026-06-05T02:48:31.692+0000] {logging_mixin.py:188} INFO - [2026-06-05T02:48:31.692+0000] {dag.py:3089} INFO - Sync 1 DAGs
[2026-06-05T02:48:31.720+0000] {logging_mixin.py:188} INFO - [2026-06-05T02:48:31.718+0000] {dag.py:3947} INFO - Setting next_dagrun for minio_to_snowflake to 2026-06-05 02:47:00+00:00, run_after=2026-06-05 02:48:00+00:00
[2026-06-05T02:48:31.750+0000] {processor.py:183} INFO - Processing /opt/airflow/dags/minio_to_snowflake.py took 1.119 seconds
[2026-06-05T02:49:01.905+0000] {processor.py:161} INFO - Started process (PID=47765) to work on /opt/airflow/dags/minio_to_snowflake.py
[2026-06-05T02:49:01.907+0000] {processor.py:830} INFO - Processing file /opt/airflow/dags/minio_to_snowflake.py for tasks to queue
[2026-06-05T02:49:01.910+0000] {logging_mixin.py:188} INFO - [2026-06-05T02:49:01.909+0000] {dagbag.py:545} INFO - Filling up the DagBag from /opt/airflow/dags/minio_to_snowflake.py
[2026-06-05T02:49:03.112+0000] {processor.py:840} INFO - DAG(s) 'minio_to_snowflake' retrieved from /opt/airflow/dags/minio_to_snowflake.py
[2026-06-05T02:49:03.183+0000] {logging_mixin.py:188} INFO - [2026-06-05T02:49:03.175+0000] {dag.py:3089} INFO - Sync 1 DAGs
[2026-06-05T02:49:03.239+0000] {logging_mixin.py:188} INFO - [2026-06-05T02:49:03.239+0000] {dag.py:3947} INFO - Setting next_dagrun for minio_to_snowflake to 2026-06-05 02:48:00+00:00, run_after=2026-06-05 02:49:00+00:00
[2026-06-05T02:49:03.282+0000] {processor.py:183} INFO - Processing /opt/airflow/dags/minio_to_snowflake.py took 1.390 seconds
[2026-06-05T02:49:33.566+0000] {processor.py:161} INFO - Started process (PID=47824) to work on /opt/airflow/dags/minio_to_snowflake.py
[2026-06-05T02:49:33.567+0000] {processor.py:830} INFO - Processing file /opt/airflow/dags/minio_to_snowflake.py for tasks to queue
[2026-06-05T02:49:33.570+0000] {logging_mixin.py:188} INFO - [2026-06-05T02:49:33.569+0000] {dagbag.py:545} INFO - Filling up the DagBag from /opt/airflow/dags/minio_to_snowflake.py
[2026-06-05T02:49:34.568+0000] {processor.py:840} INFO - DAG(s) 'minio_to_snowflake' retrieved from /opt/airflow/dags/minio_to_snowflake.py
[2026-06-05T02:49:34.603+0000] {logging_mixin.py:188} INFO - [2026-06-05T02:49:34.602+0000] {dag.py:3089} INFO - Sync 1 DAGs
[2026-06-05T02:49:34.632+0000] {logging_mixin.py:188} INFO - [2026-06-05T02:49:34.632+0000] {dag.py:3947} INFO - Setting next_dagrun for minio_to_snowflake to 2026-06-05 02:48:00+00:00, run_after=2026-06-05 02:49:00+00:00
[2026-06-05T02:49:34.656+0000] {processor.py:183} INFO - Processing /opt/airflow/dags/minio_to_snowflake.py took 1.098 seconds
[2026-06-05T02:50:04.831+0000] {processor.py:161} INFO - Started process (PID=47910) to work on /opt/airflow/dags/minio_to_snowflake.py
[2026-06-05T02:50:04.832+0000] {processor.py:830} INFO - Processing file /opt/airflow/dags/minio_to_snowflake.py for tasks to queue
[2026-06-05T02:50:04.835+0000] {logging_mixin.py:188} INFO - [2026-06-05T02:50:04.834+0000] {dagbag.py:545} INFO - Filling up the DagBag from /opt/airflow/dags/minio_to_snowflake.py
[2026-06-05T02:50:05.987+0000] {processor.py:840} INFO - DAG(s) 'minio_to_snowflake' retrieved from /opt/airflow/dags/minio_to_snowflake.py
[2026-06-05T02:50:06.024+0000] {logging_mixin.py:188} INFO - [2026-06-05T02:50:06.021+0000] {dag.py:3089} INFO - Sync 1 DAGs
[2026-06-05T02:50:06.055+0000] {logging_mixin.py:188} INFO - [2026-06-05T02:50:06.055+0000] {dag.py:3947} INFO - Setting next_dagrun for minio_to_snowflake to 2026-06-05 02:49:00+00:00, run_after=2026-06-05 02:50:00+00:00
[2026-06-05T02:50:06.079+0000] {processor.py:183} INFO - Processing /opt/airflow/dags/minio_to_snowflake.py took 1.256 seconds
[2026-06-05T02:50:36.217+0000] {processor.py:161} INFO - Started process (PID=47997) to work on /opt/airflow/dags/minio_to_snowflake.py
[2026-06-05T02:50:36.218+0000] {processor.py:830} INFO - Processing file /opt/airflow/dags/minio_to_snowflake.py for tasks to queue
[2026-06-05T02:50:36.221+0000] {logging_mixin.py:188} INFO - [2026-06-05T02:50:36.220+0000] {dagbag.py:545} INFO - Filling up the DagBag from /opt/airflow/dags/minio_to_snowflake.py
[2026-06-05T02:50:37.291+0000] {processor.py:840} INFO - DAG(s) 'minio_to_snowflake' retrieved from /opt/airflow/dags/minio_to_snowflake.py
[2026-06-05T02:50:37.327+0000] {logging_mixin.py:188} INFO - [2026-06-05T02:50:37.324+0000] {dag.py:3089} INFO - Sync 1 DAGs
[2026-06-05T02:50:37.357+0000] {logging_mixin.py:188} INFO - [2026-06-05T02:50:37.356+0000] {dag.py:3947} INFO - Setting next_dagrun for minio_to_snowflake to 2026-06-05 02:49:00+00:00, run_after=2026-06-05 02:50:00+00:00
[2026-06-05T02:50:37.380+0000] {processor.py:183} INFO - Processing /opt/airflow/dags/minio_to_snowflake.py took 1.172 seconds
[2026-06-05T02:51:07.568+0000] {processor.py:161} INFO - Started process (PID=48075) to work on /opt/airflow/dags/minio_to_snowflake.py
[2026-06-05T02:51:07.570+0000] {processor.py:830} INFO - Processing file /opt/airflow/dags/minio_to_snowflake.py for tasks to queue
[2026-06-05T02:51:07.576+0000] {logging_mixin.py:188} INFO - [2026-06-05T02:51:07.575+0000] {dagbag.py:545} INFO - Filling up the DagBag from /opt/airflow/dags/minio_to_snowflake.py
[2026-06-05T02:51:08.638+0000] {processor.py:840} INFO - DAG(s) 'minio_to_snowflake' retrieved from /opt/airflow/dags/minio_to_snowflake.py
[2026-06-05T02:51:08.669+0000] {logging_mixin.py:188} INFO - [2026-06-05T02:51:08.668+0000] {dag.py:3089} INFO - Sync 1 DAGs
[2026-06-05T02:51:08.698+0000] {logging_mixin.py:188} INFO - [2026-06-05T02:51:08.698+0000] {dag.py:3947} INFO - Setting next_dagrun for minio_to_snowflake to 2026-06-05 02:50:00+00:00, run_after=2026-06-05 02:51:00+00:00
[2026-06-05T02:51:08.719+0000] {processor.py:183} INFO - Processing /opt/airflow/dags/minio_to_snowflake.py took 1.160 seconds
[2026-06-05T02:51:38.936+0000] {processor.py:161} INFO - Started process (PID=49242) to work on /opt/airflow/dags/minio_to_snowflake.py
[2026-06-05T02:51:38.937+0000] {processor.py:830} INFO - Processing file /opt/airflow/dags/minio_to_snowflake.py for tasks to queue
[2026-06-05T02:51:38.940+0000] {logging_mixin.py:188} INFO - [2026-06-05T02:51:38.939+0000] {dagbag.py:545} INFO - Filling up the DagBag from /opt/airflow/dags/minio_to_snowflake.py
[2026-06-05T02:51:39.855+0000] {processor.py:840} INFO - DAG(s) 'minio_to_snowflake' retrieved from /opt/airflow/dags/minio_to_snowflake.py
[2026-06-05T02:51:39.894+0000] {logging_mixin.py:188} INFO - [2026-06-05T02:51:39.892+0000] {dag.py:3089} INFO - Sync 1 DAGs
[2026-06-05T02:51:39.929+0000] {logging_mixin.py:188} INFO - [2026-06-05T02:51:39.929+0000] {dag.py:3947} INFO - Setting next_dagrun for minio_to_snowflake to 2026-06-05 02:50:00+00:00, run_after=2026-06-05 02:51:00+00:00
[2026-06-05T02:51:39.955+0000] {processor.py:183} INFO - Processing /opt/airflow/dags/minio_to_snowflake.py took 1.028 seconds
[2026-06-05T02:52:10.166+0000] {processor.py:161} INFO - Started process (PID=49346) to work on /opt/airflow/dags/minio_to_snowflake.py
[2026-06-05T02:52:10.167+0000] {processor.py:830} INFO - Processing file /opt/airflow/dags/minio_to_snowflake.py for tasks to queue
[2026-06-05T02:52:10.169+0000] {logging_mixin.py:188} INFO - [2026-06-05T02:52:10.169+0000] {dagbag.py:545} INFO - Filling up the DagBag from /opt/airflow/dags/minio_to_snowflake.py
[2026-06-05T02:52:11.141+0000] {processor.py:840} INFO - DAG(s) 'minio_to_snowflake' retrieved from /opt/airflow/dags/minio_to_snowflake.py
[2026-06-05T02:52:11.175+0000] {logging_mixin.py:188} INFO - [2026-06-05T02:52:11.172+0000] {dag.py:3089} INFO - Sync 1 DAGs
[2026-06-05T02:52:11.204+0000] {logging_mixin.py:188} INFO - [2026-06-05T02:52:11.204+0000] {dag.py:3947} INFO - Setting next_dagrun for minio_to_snowflake to 2026-06-05 02:51:00+00:00, run_after=2026-06-05 02:52:00+00:00
[2026-06-05T02:52:11.227+0000] {processor.py:183} INFO - Processing /opt/airflow/dags/minio_to_snowflake.py took 1.069 seconds
[2026-06-05T02:52:41.474+0000] {processor.py:161} INFO - Started process (PID=49443) to work on /opt/airflow/dags/minio_to_snowflake.py
[2026-06-05T02:52:41.476+0000] {processor.py:830} INFO - Processing file /opt/airflow/dags/minio_to_snowflake.py for tasks to queue
[2026-06-05T02:52:41.478+0000] {logging_mixin.py:188} INFO - [2026-06-05T02:52:41.478+0000] {dagbag.py:545} INFO - Filling up the DagBag from /opt/airflow/dags/minio_to_snowflake.py
[2026-06-05T02:52:42.403+0000] {processor.py:840} INFO - DAG(s) 'minio_to_snowflake' retrieved from /opt/airflow/dags/minio_to_snowflake.py
[2026-06-05T02:52:42.435+0000] {logging_mixin.py:188} INFO - [2026-06-05T02:52:42.434+0000] {dag.py:3089} INFO - Sync 1 DAGs
[2026-06-05T02:52:42.461+0000] {logging_mixin.py:188} INFO - [2026-06-05T02:52:42.461+0000] {dag.py:3947} INFO - Setting next_dagrun for minio_to_snowflake to 2026-06-05 02:51:00+00:00, run_after=2026-06-05 02:52:00+00:00
[2026-06-05T02:52:42.483+0000] {processor.py:183} INFO - Processing /opt/airflow/dags/minio_to_snowflake.py took 1.017 seconds
[2026-06-05T02:53:12.760+0000] {processor.py:161} INFO - Started process (PID=49548) to work on /opt/airflow/dags/minio_to_snowflake.py
[2026-06-05T02:53:12.762+0000] {processor.py:830} INFO - Processing file /opt/airflow/dags/minio_to_snowflake.py for tasks to queue
[2026-06-05T02:53:12.764+0000] {logging_mixin.py:188} INFO - [2026-06-05T02:53:12.764+0000] {dagbag.py:545} INFO - Filling up the DagBag from /opt/airflow/dags/minio_to_snowflake.py
[2026-06-05T02:53:14.280+0000] {processor.py:840} INFO - DAG(s) 'minio_to_snowflake' retrieved from /opt/airflow/dags/minio_to_snowflake.py
[2026-06-05T02:53:14.316+0000] {logging_mixin.py:188} INFO - [2026-06-05T02:53:14.314+0000] {dag.py:3089} INFO - Sync 1 DAGs
[2026-06-05T02:53:14.343+0000] {logging_mixin.py:188} INFO - [2026-06-05T02:53:14.342+0000] {dag.py:3947} INFO - Setting next_dagrun for minio_to_snowflake to 2026-06-05 02:52:00+00:00, run_after=2026-06-05 02:53:00+00:00
[2026-06-05T02:53:14.367+0000] {processor.py:183} INFO - Processing /opt/airflow/dags/minio_to_snowflake.py took 1.614 seconds
[2026-06-05T02:53:44.776+0000] {processor.py:161} INFO - Started process (PID=49636) to work on /opt/airflow/dags/minio_to_snowflake.py
[2026-06-05T02:53:44.778+0000] {processor.py:830} INFO - Processing file /opt/airflow/dags/minio_to_snowflake.py for tasks to queue
[2026-06-05T02:53:44.781+0000] {logging_mixin.py:188} INFO - [2026-06-05T02:53:44.780+0000] {dagbag.py:545} INFO - Filling up the DagBag from /opt/airflow/dags/minio_to_snowflake.py
[2026-06-05T02:53:46.070+0000] {processor.py:840} INFO - DAG(s) 'minio_to_snowflake' retrieved from /opt/airflow/dags/minio_to_snowflake.py
[2026-06-05T02:53:46.107+0000] {logging_mixin.py:188} INFO - [2026-06-05T02:53:46.106+0000] {dag.py:3089} INFO - Sync 1 DAGs
[2026-06-05T02:53:46.135+0000] {logging_mixin.py:188} INFO - [2026-06-05T02:53:46.135+0000] {dag.py:3947} INFO - Setting next_dagrun for minio_to_snowflake to 2026-06-05 02:52:00+00:00, run_after=2026-06-05 02:53:00+00:00
[2026-06-05T02:53:46.164+0000] {processor.py:183} INFO - Processing /opt/airflow/dags/minio_to_snowflake.py took 1.401 seconds
[2026-06-05T02:54:16.416+0000] {processor.py:161} INFO - Started process (PID=49744) to work on /opt/airflow/dags/minio_to_snowflake.py
[2026-06-05T02:54:16.417+0000] {processor.py:830} INFO - Processing file /opt/airflow/dags/minio_to_snowflake.py for tasks to queue
[2026-06-05T02:54:16.419+0000] {logging_mixin.py:188} INFO - [2026-06-05T02:54:16.419+0000] {dagbag.py:545} INFO - Filling up the DagBag from /opt/airflow/dags/minio_to_snowflake.py
[2026-06-05T02:54:17.420+0000] {processor.py:840} INFO - DAG(s) 'minio_to_snowflake' retrieved from /opt/airflow/dags/minio_to_snowflake.py
[2026-06-05T02:54:17.453+0000] {logging_mixin.py:188} INFO - [2026-06-05T02:54:17.453+0000] {dag.py:3089} INFO - Sync 1 DAGs
[2026-06-05T02:54:17.482+0000] {logging_mixin.py:188} INFO - [2026-06-05T02:54:17.482+0000] {dag.py:3947} INFO - Setting next_dagrun for minio_to_snowflake to 2026-06-05 02:53:00+00:00, run_after=2026-06-05 02:54:00+00:00
[2026-06-05T02:54:17.505+0000] {processor.py:183} INFO - Processing /opt/airflow/dags/minio_to_snowflake.py took 1.098 seconds
[2026-06-05T02:54:47.630+0000] {processor.py:161} INFO - Started process (PID=50908) to work on /opt/airflow/dags/minio_to_snowflake.py
[2026-06-05T02:54:47.633+0000] {processor.py:830} INFO - Processing file /opt/airflow/dags/minio_to_snowflake.py for tasks to queue
[2026-06-05T02:54:47.639+0000] {logging_mixin.py:188} INFO - [2026-06-05T02:54:47.639+0000] {dagbag.py:545} INFO - Filling up the DagBag from /opt/airflow/dags/minio_to_snowflake.py
[2026-06-05T02:54:48.718+0000] {processor.py:840} INFO - DAG(s) 'minio_to_snowflake' retrieved from /opt/airflow/dags/minio_to_snowflake.py
[2026-06-05T02:54:48.750+0000] {logging_mixin.py:188} INFO - [2026-06-05T02:54:48.748+0000] {dag.py:3089} INFO - Sync 1 DAGs
[2026-06-05T02:54:48.798+0000] {logging_mixin.py:188} INFO - [2026-06-05T02:54:48.797+0000] {dag.py:3947} INFO - Setting next_dagrun for minio_to_snowflake to 2026-06-05 02:54:00+00:00, run_after=2026-06-05 02:55:00+00:00
[2026-06-05T02:54:48.829+0000] {processor.py:183} INFO - Processing /opt/airflow/dags/minio_to_snowflake.py took 1.206 seconds
[2026-06-05T02:55:18.969+0000] {processor.py:161} INFO - Started process (PID=51001) to work on /opt/airflow/dags/minio_to_snowflake.py
[2026-06-05T02:55:18.971+0000] {processor.py:830} INFO - Processing file /opt/airflow/dags/minio_to_snowflake.py for tasks to queue
[2026-06-05T02:55:18.973+0000] {logging_mixin.py:188} INFO - [2026-06-05T02:55:18.973+0000] {dagbag.py:545} INFO - Filling up the DagBag from /opt/airflow/dags/minio_to_snowflake.py
[2026-06-05T02:55:19.952+0000] {processor.py:840} INFO - DAG(s) 'minio_to_snowflake' retrieved from /opt/airflow/dags/minio_to_snowflake.py
[2026-06-05T02:55:19.999+0000] {logging_mixin.py:188} INFO - [2026-06-05T02:55:19.998+0000] {dag.py:3089} INFO - Sync 1 DAGs
[2026-06-05T02:55:20.031+0000] {logging_mixin.py:188} INFO - [2026-06-05T02:55:20.031+0000] {dag.py:3947} INFO - Setting next_dagrun for minio_to_snowflake to 2026-06-05 02:54:00+00:00, run_after=2026-06-05 02:55:00+00:00
[2026-06-05T02:55:20.052+0000] {processor.py:183} INFO - Processing /opt/airflow/dags/minio_to_snowflake.py took 1.090 seconds
[2026-06-05T02:55:50.276+0000] {processor.py:161} INFO - Started process (PID=51107) to work on /opt/airflow/dags/minio_to_snowflake.py
[2026-06-05T02:55:50.278+0000] {processor.py:830} INFO - Processing file /opt/airflow/dags/minio_to_snowflake.py for tasks to queue
[2026-06-05T02:55:50.287+0000] {logging_mixin.py:188} INFO - [2026-06-05T02:55:50.282+0000] {dagbag.py:545} INFO - Filling up the DagBag from /opt/airflow/dags/minio_to_snowflake.py
[2026-06-05T02:55:51.240+0000] {processor.py:840} INFO - DAG(s) 'minio_to_snowflake' retrieved from /opt/airflow/dags/minio_to_snowflake.py
[2026-06-05T02:55:51.280+0000] {logging_mixin.py:188} INFO - [2026-06-05T02:55:51.279+0000] {dag.py:3089} INFO - Sync 1 DAGs
[2026-06-05T02:55:51.308+0000] {logging_mixin.py:188} INFO - [2026-06-05T02:55:51.307+0000] {dag.py:3947} INFO - Setting next_dagrun for minio_to_snowflake to 2026-06-05 02:54:00+00:00, run_after=2026-06-05 02:55:00+00:00
[2026-06-05T02:55:51.331+0000] {processor.py:183} INFO - Processing /opt/airflow/dags/minio_to_snowflake.py took 1.063 seconds
[2026-06-05T02:56:21.533+0000] {processor.py:161} INFO - Started process (PID=51220) to work on /opt/airflow/dags/minio_to_snowflake.py
[2026-06-05T02:56:21.534+0000] {processor.py:830} INFO - Processing file /opt/airflow/dags/minio_to_snowflake.py for tasks to queue
[2026-06-05T02:56:21.537+0000] {logging_mixin.py:188} INFO - [2026-06-05T02:56:21.536+0000] {dagbag.py:545} INFO - Filling up the DagBag from /opt/airflow/dags/minio_to_snowflake.py
[2026-06-05T02:56:22.467+0000] {processor.py:840} INFO - DAG(s) 'minio_to_snowflake' retrieved from /opt/airflow/dags/minio_to_snowflake.py
[2026-06-05T02:56:22.499+0000] {logging_mixin.py:188} INFO - [2026-06-05T02:56:22.498+0000] {dag.py:3089} INFO - Sync 1 DAGs
[2026-06-05T02:56:22.533+0000] {logging_mixin.py:188} INFO - [2026-06-05T02:56:22.533+0000] {dag.py:3947} INFO - Setting next_dagrun for minio_to_snowflake to 2026-06-05 02:55:00+00:00, run_after=2026-06-05 02:56:00+00:00
[2026-06-05T02:56:22.559+0000] {processor.py:183} INFO - Processing /opt/airflow/dags/minio_to_snowflake.py took 1.034 seconds
[2026-06-05T02:56:52.795+0000] {processor.py:161} INFO - Started process (PID=51307) to work on /opt/airflow/dags/minio_to_snowflake.py
[2026-06-05T02:56:52.796+0000] {processor.py:830} INFO - Processing file /opt/airflow/dags/minio_to_snowflake.py for tasks to queue
[2026-06-05T02:56:52.803+0000] {logging_mixin.py:188} INFO - [2026-06-05T02:56:52.802+0000] {dagbag.py:545} INFO - Filling up the DagBag from /opt/airflow/dags/minio_to_snowflake.py
[2026-06-05T02:56:53.993+0000] {processor.py:840} INFO - DAG(s) 'minio_to_snowflake' retrieved from /opt/airflow/dags/minio_to_snowflake.py
[2026-06-05T02:56:54.027+0000] {logging_mixin.py:188} INFO - [2026-06-05T02:56:54.026+0000] {dag.py:3089} INFO - Sync 1 DAGs
[2026-06-05T02:56:54.061+0000] {logging_mixin.py:188} INFO - [2026-06-05T02:56:54.061+0000] {dag.py:3947} INFO - Setting next_dagrun for minio_to_snowflake to 2026-06-05 02:55:00+00:00, run_after=2026-06-05 02:56:00+00:00
[2026-06-05T02:56:54.081+0000] {processor.py:183} INFO - Processing /opt/airflow/dags/minio_to_snowflake.py took 1.294 seconds
[2026-06-05T02:57:24.381+0000] {processor.py:161} INFO - Started process (PID=51408) to work on /opt/airflow/dags/minio_to_snowflake.py
[2026-06-05T02:57:24.382+0000] {processor.py:830} INFO - Processing file /opt/airflow/dags/minio_to_snowflake.py for tasks to queue
[2026-06-05T02:57:24.385+0000] {logging_mixin.py:188} INFO - [2026-06-05T02:57:24.385+0000] {dagbag.py:545} INFO - Filling up the DagBag from /opt/airflow/dags/minio_to_snowflake.py
[2026-06-05T02:57:25.440+0000] {processor.py:840} INFO - DAG(s) 'minio_to_snowflake' retrieved from /opt/airflow/dags/minio_to_snowflake.py
[2026-06-05T02:57:25.504+0000] {logging_mixin.py:188} INFO - [2026-06-05T02:57:25.503+0000] {dag.py:3089} INFO - Sync 1 DAGs
[2026-06-05T02:57:25.548+0000] {logging_mixin.py:188} INFO - [2026-06-05T02:57:25.548+0000] {dag.py:3947} INFO - Setting next_dagrun for minio_to_snowflake to 2026-06-05 02:56:00+00:00, run_after=2026-06-05 02:57:00+00:00
[2026-06-05T02:57:25.574+0000] {processor.py:183} INFO - Processing /opt/airflow/dags/minio_to_snowflake.py took 1.201 seconds
[2026-06-05T02:57:56.179+0000] {processor.py:161} INFO - Started process (PID=51484) to work on /opt/airflow/dags/minio_to_snowflake.py
[2026-06-05T02:57:56.181+0000] {processor.py:830} INFO - Processing file /opt/airflow/dags/minio_to_snowflake.py for tasks to queue
[2026-06-05T02:57:56.193+0000] {logging_mixin.py:188} INFO - [2026-06-05T02:57:56.193+0000] {dagbag.py:545} INFO - Filling up the DagBag from /opt/airflow/dags/minio_to_snowflake.py
[2026-06-05T02:58:00.208+0000] {processor.py:840} INFO - DAG(s) 'minio_to_snowflake' retrieved from /opt/airflow/dags/minio_to_snowflake.py
[2026-06-05T02:58:00.630+0000] {logging_mixin.py:188} INFO - [2026-06-05T02:58:00.629+0000] {dag.py:3089} INFO - Sync 1 DAGs
[2026-06-05T02:58:00.954+0000] {logging_mixin.py:188} INFO - [2026-06-05T02:58:00.954+0000] {dag.py:3947} INFO - Setting next_dagrun for minio_to_snowflake to 2026-06-05 02:57:00+00:00, run_after=2026-06-05 02:58:00+00:00
[2026-06-05T02:58:01.351+0000] {processor.py:183} INFO - Processing /opt/airflow/dags/minio_to_snowflake.py took 5.190 seconds
[2026-06-05T02:58:31.782+0000] {processor.py:161} INFO - Started process (PID=52640) to work on /opt/airflow/dags/minio_to_snowflake.py
[2026-06-05T02:58:31.785+0000] {processor.py:830} INFO - Processing file /opt/airflow/dags/minio_to_snowflake.py for tasks to queue
[2026-06-05T02:58:31.788+0000] {logging_mixin.py:188} INFO - [2026-06-05T02:58:31.787+0000] {dagbag.py:545} INFO - Filling up the DagBag from /opt/airflow/dags/minio_to_snowflake.py
[2026-06-05T02:58:32.765+0000] {processor.py:840} INFO - DAG(s) 'minio_to_snowflake' retrieved from /opt/airflow/dags/minio_to_snowflake.py
[2026-06-05T02:58:32.803+0000] {logging_mixin.py:188} INFO - [2026-06-05T02:58:32.803+0000] {dag.py:3089} INFO - Sync 1 DAGs
[2026-06-05T02:58:32.832+0000] {logging_mixin.py:188} INFO - [2026-06-05T02:58:32.832+0000] {dag.py:3947} INFO - Setting next_dagrun for minio_to_snowflake to 2026-06-05 02:57:00+00:00, run_after=2026-06-05 02:58:00+00:00
[2026-06-05T02:58:32.864+0000] {processor.py:183} INFO - Processing /opt/airflow/dags/minio_to_snowflake.py took 1.097 seconds
[2026-06-05T02:59:03.038+0000] {processor.py:161} INFO - Started process (PID=52747) to work on /opt/airflow/dags/minio_to_snowflake.py
[2026-06-05T02:59:03.040+0000] {processor.py:830} INFO - Processing file /opt/airflow/dags/minio_to_snowflake.py for tasks to queue
[2026-06-05T02:59:03.042+0000] {logging_mixin.py:188} INFO - [2026-06-05T02:59:03.042+0000] {dagbag.py:545} INFO - Filling up the DagBag from /opt/airflow/dags/minio_to_snowflake.py
[2026-06-05T02:59:04.330+0000] {processor.py:840} INFO - DAG(s) 'minio_to_snowflake' retrieved from /opt/airflow/dags/minio_to_snowflake.py
[2026-06-05T02:59:04.361+0000] {logging_mixin.py:188} INFO - [2026-06-05T02:59:04.360+0000] {dag.py:3089} INFO - Sync 1 DAGs
[2026-06-05T02:59:04.385+0000] {logging_mixin.py:188} INFO - [2026-06-05T02:59:04.385+0000] {dag.py:3947} INFO - Setting next_dagrun for minio_to_snowflake to 2026-06-05 02:58:00+00:00, run_after=2026-06-05 02:59:00+00:00
[2026-06-05T02:59:04.405+0000] {processor.py:183} INFO - Processing /opt/airflow/dags/minio_to_snowflake.py took 1.383 seconds
[2026-06-05T02:59:34.695+0000] {processor.py:161} INFO - Started process (PID=52855) to work on /opt/airflow/dags/minio_to_snowflake.py
[2026-06-05T02:59:34.697+0000] {processor.py:830} INFO - Processing file /opt/airflow/dags/minio_to_snowflake.py for tasks to queue
[2026-06-05T02:59:34.699+0000] {logging_mixin.py:188} INFO - [2026-06-05T02:59:34.699+0000] {dagbag.py:545} INFO - Filling up the DagBag from /opt/airflow/dags/minio_to_snowflake.py
[2026-06-05T02:59:35.698+0000] {processor.py:840} INFO - DAG(s) 'minio_to_snowflake' retrieved from /opt/airflow/dags/minio_to_snowflake.py
[2026-06-05T02:59:35.731+0000] {logging_mixin.py:188} INFO - [2026-06-05T02:59:35.731+0000] {dag.py:3089} INFO - Sync 1 DAGs
[2026-06-05T02:59:35.764+0000] {logging_mixin.py:188} INFO - [2026-06-05T02:59:35.763+0000] {dag.py:3947} INFO - Setting next_dagrun for minio_to_snowflake to 2026-06-05 02:58:00+00:00, run_after=2026-06-05 02:59:00+00:00
[2026-06-05T02:59:35.790+0000] {processor.py:183} INFO - Processing /opt/airflow/dags/minio_to_snowflake.py took 1.104 seconds
[2026-06-05T03:00:05.919+0000] {processor.py:161} INFO - Started process (PID=52955) to work on /opt/airflow/dags/minio_to_snowflake.py
[2026-06-05T03:00:05.921+0000] {processor.py:830} INFO - Processing file /opt/airflow/dags/minio_to_snowflake.py for tasks to queue
[2026-06-05T03:00:05.925+0000] {logging_mixin.py:188} INFO - [2026-06-05T03:00:05.924+0000] {dagbag.py:545} INFO - Filling up the DagBag from /opt/airflow/dags/minio_to_snowflake.py
[2026-06-05T03:00:06.900+0000] {processor.py:840} INFO - DAG(s) 'minio_to_snowflake' retrieved from /opt/airflow/dags/minio_to_snowflake.py
[2026-06-05T03:00:06.934+0000] {logging_mixin.py:188} INFO - [2026-06-05T03:00:06.933+0000] {dag.py:3089} INFO - Sync 1 DAGs
[2026-06-05T03:00:06.966+0000] {logging_mixin.py:188} INFO - [2026-06-05T03:00:06.965+0000] {dag.py:3947} INFO - Setting next_dagrun for minio_to_snowflake to 2026-06-05 02:59:00+00:00, run_after=2026-06-05 03:00:00+00:00
[2026-06-05T03:00:06.988+0000] {processor.py:183} INFO - Processing /opt/airflow/dags/minio_to_snowflake.py took 1.078 seconds
[2026-06-05T03:00:37.279+0000] {processor.py:161} INFO - Started process (PID=53046) to work on /opt/airflow/dags/minio_to_snowflake.py
[2026-06-05T03:00:37.280+0000] {processor.py:830} INFO - Processing file /opt/airflow/dags/minio_to_snowflake.py for tasks to queue
[2026-06-05T03:00:37.308+0000] {logging_mixin.py:188} INFO - [2026-06-05T03:00:37.308+0000] {dagbag.py:545} INFO - Filling up the DagBag from /opt/airflow/dags/minio_to_snowflake.py
[2026-06-05T03:00:38.250+0000] {processor.py:840} INFO - DAG(s) 'minio_to_snowflake' retrieved from /opt/airflow/dags/minio_to_snowflake.py
[2026-06-05T03:00:38.287+0000] {logging_mixin.py:188} INFO - [2026-06-05T03:00:38.284+0000] {dag.py:3089} INFO - Sync 1 DAGs
[2026-06-05T03:00:38.312+0000] {logging_mixin.py:188} INFO - [2026-06-05T03:00:38.311+0000] {dag.py:3947} INFO - Setting next_dagrun for minio_to_snowflake to 2026-06-05 02:59:00+00:00, run_after=2026-06-05 03:00:00+00:00
[2026-06-05T03:00:38.336+0000] {processor.py:183} INFO - Processing /opt/airflow/dags/minio_to_snowflake.py took 1.065 seconds
[2026-06-05T03:01:08.498+0000] {processor.py:161} INFO - Started process (PID=53145) to work on /opt/airflow/dags/minio_to_snowflake.py
[2026-06-05T03:01:08.500+0000] {processor.py:830} INFO - Processing file /opt/airflow/dags/minio_to_snowflake.py for tasks to queue
[2026-06-05T03:01:08.503+0000] {logging_mixin.py:188} INFO - [2026-06-05T03:01:08.503+0000] {dagbag.py:545} INFO - Filling up the DagBag from /opt/airflow/dags/minio_to_snowflake.py
[2026-06-05T03:01:09.452+0000] {processor.py:840} INFO - DAG(s) 'minio_to_snowflake' retrieved from /opt/airflow/dags/minio_to_snowflake.py
[2026-06-05T03:01:09.488+0000] {logging_mixin.py:188} INFO - [2026-06-05T03:01:09.487+0000] {dag.py:3089} INFO - Sync 1 DAGs
[2026-06-05T03:01:09.516+0000] {logging_mixin.py:188} INFO - [2026-06-05T03:01:09.516+0000] {dag.py:3947} INFO - Setting next_dagrun for minio_to_snowflake to 2026-06-05 03:00:00+00:00, run_after=2026-06-05 03:01:00+00:00
[2026-06-05T03:01:09.540+0000] {processor.py:183} INFO - Processing /opt/airflow/dags/minio_to_snowflake.py took 1.051 seconds
[2026-06-05T03:01:39.736+0000] {processor.py:161} INFO - Started process (PID=54311) to work on /opt/airflow/dags/minio_to_snowflake.py
[2026-06-05T03:01:39.737+0000] {processor.py:830} INFO - Processing file /opt/airflow/dags/minio_to_snowflake.py for tasks to queue
[2026-06-05T03:01:39.740+0000] {logging_mixin.py:188} INFO - [2026-06-05T03:01:39.740+0000] {dagbag.py:545} INFO - Filling up the DagBag from /opt/airflow/dags/minio_to_snowflake.py
[2026-06-05T03:01:40.681+0000] {processor.py:840} INFO - DAG(s) 'minio_to_snowflake' retrieved from /opt/airflow/dags/minio_to_snowflake.py
[2026-06-05T03:01:40.711+0000] {logging_mixin.py:188} INFO - [2026-06-05T03:01:40.711+0000] {dag.py:3089} INFO - Sync 1 DAGs
[2026-06-05T03:01:40.739+0000] {logging_mixin.py:188} INFO - [2026-06-05T03:01:40.739+0000] {dag.py:3947} INFO - Setting next_dagrun for minio_to_snowflake to 2026-06-05 03:01:00+00:00, run_after=2026-06-05 03:02:00+00:00
[2026-06-05T03:01:40.761+0000] {processor.py:183} INFO - Processing /opt/airflow/dags/minio_to_snowflake.py took 1.035 seconds
[2026-06-05T03:02:11.012+0000] {processor.py:161} INFO - Started process (PID=54410) to work on /opt/airflow/dags/minio_to_snowflake.py
[2026-06-05T03:02:11.013+0000] {processor.py:830} INFO - Processing file /opt/airflow/dags/minio_to_snowflake.py for tasks to queue
[2026-06-05T03:02:11.016+0000] {logging_mixin.py:188} INFO - [2026-06-05T03:02:11.015+0000] {dagbag.py:545} INFO - Filling up the DagBag from /opt/airflow/dags/minio_to_snowflake.py
[2026-06-05T03:02:11.961+0000] {processor.py:840} INFO - DAG(s) 'minio_to_snowflake' retrieved from /opt/airflow/dags/minio_to_snowflake.py
[2026-06-05T03:02:11.992+0000] {logging_mixin.py:188} INFO - [2026-06-05T03:02:11.991+0000] {dag.py:3089} INFO - Sync 1 DAGs
[2026-06-05T03:02:12.028+0000] {logging_mixin.py:188} INFO - [2026-06-05T03:02:12.028+0000] {dag.py:3947} INFO - Setting next_dagrun for minio_to_snowflake to 2026-06-05 03:01:00+00:00, run_after=2026-06-05 03:02:00+00:00
[2026-06-05T03:02:12.054+0000] {processor.py:183} INFO - Processing /opt/airflow/dags/minio_to_snowflake.py took 1.050 seconds
[2026-06-05T03:02:42.253+0000] {processor.py:161} INFO - Started process (PID=54516) to work on /opt/airflow/dags/minio_to_snowflake.py
[2026-06-05T03:02:42.254+0000] {processor.py:830} INFO - Processing file /opt/airflow/dags/minio_to_snowflake.py for tasks to queue
[2026-06-05T03:02:42.257+0000] {logging_mixin.py:188} INFO - [2026-06-05T03:02:42.256+0000] {dagbag.py:545} INFO - Filling up the DagBag from /opt/airflow/dags/minio_to_snowflake.py
[2026-06-05T03:02:43.187+0000] {processor.py:840} INFO - DAG(s) 'minio_to_snowflake' retrieved from /opt/airflow/dags/minio_to_snowflake.py
[2026-06-05T03:02:43.217+0000] {logging_mixin.py:188} INFO - [2026-06-05T03:02:43.216+0000] {dag.py:3089} INFO - Sync 1 DAGs
[2026-06-05T03:02:43.244+0000] {logging_mixin.py:188} INFO - [2026-06-05T03:02:43.244+0000] {dag.py:3947} INFO - Setting next_dagrun for minio_to_snowflake to 2026-06-05 03:01:00+00:00, run_after=2026-06-05 03:02:00+00:00
[2026-06-05T03:02:43.265+0000] {processor.py:183} INFO - Processing /opt/airflow/dags/minio_to_snowflake.py took 1.021 seconds
[2026-06-05T03:03:13.693+0000] {processor.py:161} INFO - Started process (PID=54583) to work on /opt/airflow/dags/minio_to_snowflake.py
[2026-06-05T03:03:13.694+0000] {processor.py:830} INFO - Processing file /opt/airflow/dags/minio_to_snowflake.py for tasks to queue
[2026-06-05T03:03:13.699+0000] {logging_mixin.py:188} INFO - [2026-06-05T03:03:13.698+0000] {dagbag.py:545} INFO - Filling up the DagBag from /opt/airflow/dags/minio_to_snowflake.py
[2026-06-05T03:03:14.749+0000] {processor.py:840} INFO - DAG(s) 'minio_to_snowflake' retrieved from /opt/airflow/dags/minio_to_snowflake.py
[2026-06-05T03:03:14.782+0000] {logging_mixin.py:188} INFO - [2026-06-05T03:03:14.781+0000] {dag.py:3089} INFO - Sync 1 DAGs
[2026-06-05T03:03:14.812+0000] {logging_mixin.py:188} INFO - [2026-06-05T03:03:14.812+0000] {dag.py:3947} INFO - Setting next_dagrun for minio_to_snowflake to 2026-06-05 03:02:00+00:00, run_after=2026-06-05 03:03:00+00:00
[2026-06-05T03:03:14.837+0000] {processor.py:183} INFO - Processing /opt/airflow/dags/minio_to_snowflake.py took 1.153 seconds
[2026-06-05T03:03:44.935+0000] {processor.py:161} INFO - Started process (PID=54668) to work on /opt/airflow/dags/minio_to_snowflake.py
[2026-06-05T03:03:44.936+0000] {processor.py:830} INFO - Processing file /opt/airflow/dags/minio_to_snowflake.py for tasks to queue
[2026-06-05T03:03:44.939+0000] {logging_mixin.py:188} INFO - [2026-06-05T03:03:44.938+0000] {dagbag.py:545} INFO - Filling up the DagBag from /opt/airflow/dags/minio_to_snowflake.py
[2026-06-05T03:03:46.061+0000] {processor.py:840} INFO - DAG(s) 'minio_to_snowflake' retrieved from /opt/airflow/dags/minio_to_snowflake.py
[2026-06-05T03:03:46.100+0000] {logging_mixin.py:188} INFO - [2026-06-05T03:03:46.099+0000] {dag.py:3089} INFO - Sync 1 DAGs
[2026-06-05T03:03:46.138+0000] {logging_mixin.py:188} INFO - [2026-06-05T03:03:46.138+0000] {dag.py:3947} INFO - Setting next_dagrun for minio_to_snowflake to 2026-06-05 03:02:00+00:00, run_after=2026-06-05 03:03:00+00:00
[2026-06-05T03:03:46.172+0000] {processor.py:183} INFO - Processing /opt/airflow/dags/minio_to_snowflake.py took 1.245 seconds
[2026-06-05T03:04:16.310+0000] {processor.py:161} INFO - Started process (PID=54764) to work on /opt/airflow/dags/minio_to_snowflake.py
[2026-06-05T03:04:16.312+0000] {processor.py:830} INFO - Processing file /opt/airflow/dags/minio_to_snowflake.py for tasks to queue
[2026-06-05T03:04:16.314+0000] {logging_mixin.py:188} INFO - [2026-06-05T03:04:16.313+0000] {dagbag.py:545} INFO - Filling up the DagBag from /opt/airflow/dags/minio_to_snowflake.py
[2026-06-05T03:04:17.253+0000] {processor.py:840} INFO - DAG(s) 'minio_to_snowflake' retrieved from /opt/airflow/dags/minio_to_snowflake.py
[2026-06-05T03:04:17.286+0000] {logging_mixin.py:188} INFO - [2026-06-05T03:04:17.286+0000] {dag.py:3089} INFO - Sync 1 DAGs
[2026-06-05T03:04:17.316+0000] {logging_mixin.py:188} INFO - [2026-06-05T03:04:17.315+0000] {dag.py:3947} INFO - Setting next_dagrun for minio_to_snowflake to 2026-06-05 03:03:00+00:00, run_after=2026-06-05 03:04:00+00:00
[2026-06-05T03:04:17.341+0000] {processor.py:183} INFO - Processing /opt/airflow/dags/minio_to_snowflake.py took 1.040 seconds
[2026-06-05T03:04:47.549+0000] {processor.py:161} INFO - Started process (PID=54835) to work on /opt/airflow/dags/minio_to_snowflake.py
[2026-06-05T03:04:47.550+0000] {processor.py:830} INFO - Processing file /opt/airflow/dags/minio_to_snowflake.py for tasks to queue
[2026-06-05T03:04:47.553+0000] {logging_mixin.py:188} INFO - [2026-06-05T03:04:47.552+0000] {dagbag.py:545} INFO - Filling up the DagBag from /opt/airflow/dags/minio_to_snowflake.py
[2026-06-05T03:04:48.620+0000] {processor.py:840} INFO - DAG(s) 'minio_to_snowflake' retrieved from /opt/airflow/dags/minio_to_snowflake.py
[2026-06-05T03:04:48.651+0000] {logging_mixin.py:188} INFO - [2026-06-05T03:04:48.651+0000] {dag.py:3089} INFO - Sync 1 DAGs
[2026-06-05T03:04:48.681+0000] {logging_mixin.py:188} INFO - [2026-06-05T03:04:48.680+0000] {dag.py:3947} INFO - Setting next_dagrun for minio_to_snowflake to 2026-06-05 03:03:00+00:00, run_after=2026-06-05 03:04:00+00:00
[2026-06-05T03:04:48.703+0000] {processor.py:183} INFO - Processing /opt/airflow/dags/minio_to_snowflake.py took 1.165 seconds
[2026-06-05T03:05:18.846+0000] {processor.py:161} INFO - Started process (PID=54902) to work on /opt/airflow/dags/minio_to_snowflake.py
[2026-06-05T03:05:18.848+0000] {processor.py:830} INFO - Processing file /opt/airflow/dags/minio_to_snowflake.py for tasks to queue
[2026-06-05T03:05:18.851+0000] {logging_mixin.py:188} INFO - [2026-06-05T03:05:18.850+0000] {dagbag.py:545} INFO - Filling up the DagBag from /opt/airflow/dags/minio_to_snowflake.py
[2026-06-05T03:05:19.855+0000] {processor.py:840} INFO - DAG(s) 'minio_to_snowflake' retrieved from /opt/airflow/dags/minio_to_snowflake.py
[2026-06-05T03:05:19.889+0000] {logging_mixin.py:188} INFO - [2026-06-05T03:05:19.888+0000] {dag.py:3089} INFO - Sync 1 DAGs
[2026-06-05T03:05:19.919+0000] {logging_mixin.py:188} INFO - [2026-06-05T03:05:19.919+0000] {dag.py:3947} INFO - Setting next_dagrun for minio_to_snowflake to 2026-06-05 03:04:00+00:00, run_after=2026-06-05 03:05:00+00:00
[2026-06-05T03:05:19.944+0000] {processor.py:183} INFO - Processing /opt/airflow/dags/minio_to_snowflake.py took 1.108 seconds
[2026-06-05T03:05:50.127+0000] {processor.py:161} INFO - Started process (PID=56071) to work on /opt/airflow/dags/minio_to_snowflake.py
[2026-06-05T03:05:50.128+0000] {processor.py:830} INFO - Processing file /opt/airflow/dags/minio_to_snowflake.py for tasks to queue
[2026-06-05T03:05:50.133+0000] {logging_mixin.py:188} INFO - [2026-06-05T03:05:50.132+0000] {dagbag.py:545} INFO - Filling up the DagBag from /opt/airflow/dags/minio_to_snowflake.py
[2026-06-05T03:05:51.095+0000] {processor.py:840} INFO - DAG(s) 'minio_to_snowflake' retrieved from /opt/airflow/dags/minio_to_snowflake.py
[2026-06-05T03:05:51.128+0000] {logging_mixin.py:188} INFO - [2026-06-05T03:05:51.127+0000] {dag.py:3089} INFO - Sync 1 DAGs
[2026-06-05T03:05:51.158+0000] {logging_mixin.py:188} INFO - [2026-06-05T03:05:51.158+0000] {dag.py:3947} INFO - Setting next_dagrun for minio_to_snowflake to 2026-06-05 03:04:00+00:00, run_after=2026-06-05 03:05:00+00:00
[2026-06-05T03:05:51.180+0000] {processor.py:183} INFO - Processing /opt/airflow/dags/minio_to_snowflake.py took 1.062 seconds
[2026-06-05T03:06:21.453+0000] {processor.py:161} INFO - Started process (PID=56141) to work on /opt/airflow/dags/minio_to_snowflake.py
[2026-06-05T03:06:21.455+0000] {processor.py:830} INFO - Processing file /opt/airflow/dags/minio_to_snowflake.py for tasks to queue
[2026-06-05T03:06:21.467+0000] {logging_mixin.py:188} INFO - [2026-06-05T03:06:21.466+0000] {dagbag.py:545} INFO - Filling up the DagBag from /opt/airflow/dags/minio_to_snowflake.py
[2026-06-05T03:06:22.583+0000] {processor.py:840} INFO - DAG(s) 'minio_to_snowflake' retrieved from /opt/airflow/dags/minio_to_snowflake.py
[2026-06-05T03:06:22.622+0000] {logging_mixin.py:188} INFO - [2026-06-05T03:06:22.618+0000] {dag.py:3089} INFO - Sync 1 DAGs
[2026-06-05T03:06:22.664+0000] {logging_mixin.py:188} INFO - [2026-06-05T03:06:22.663+0000] {dag.py:3947} INFO - Setting next_dagrun for minio_to_snowflake to 2026-06-05 03:05:00+00:00, run_after=2026-06-05 03:06:00+00:00
[2026-06-05T03:06:22.696+0000] {processor.py:183} INFO - Processing /opt/airflow/dags/minio_to_snowflake.py took 1.251 seconds
[2026-06-05T03:06:52.974+0000] {processor.py:161} INFO - Started process (PID=56232) to work on /opt/airflow/dags/minio_to_snowflake.py
[2026-06-05T03:06:52.975+0000] {processor.py:830} INFO - Processing file /opt/airflow/dags/minio_to_snowflake.py for tasks to queue
[2026-06-05T03:06:52.978+0000] {logging_mixin.py:188} INFO - [2026-06-05T03:06:52.977+0000] {dagbag.py:545} INFO - Filling up the DagBag from /opt/airflow/dags/minio_to_snowflake.py
[2026-06-05T03:06:54.226+0000] {processor.py:840} INFO - DAG(s) 'minio_to_snowflake' retrieved from /opt/airflow/dags/minio_to_snowflake.py
[2026-06-05T03:06:54.267+0000] {logging_mixin.py:188} INFO - [2026-06-05T03:06:54.266+0000] {dag.py:3089} INFO - Sync 1 DAGs
[2026-06-05T03:06:54.301+0000] {logging_mixin.py:188} INFO - [2026-06-05T03:06:54.300+0000] {dag.py:3947} INFO - Setting next_dagrun for minio_to_snowflake to 2026-06-05 03:05:00+00:00, run_after=2026-06-05 03:06:00+00:00
[2026-06-05T03:06:54.331+0000] {processor.py:183} INFO - Processing /opt/airflow/dags/minio_to_snowflake.py took 1.365 seconds
[2026-06-05T03:07:24.604+0000] {processor.py:161} INFO - Started process (PID=56301) to work on /opt/airflow/dags/minio_to_snowflake.py
[2026-06-05T03:07:24.606+0000] {processor.py:830} INFO - Processing file /opt/airflow/dags/minio_to_snowflake.py for tasks to queue
[2026-06-05T03:07:24.609+0000] {logging_mixin.py:188} INFO - [2026-06-05T03:07:24.608+0000] {dagbag.py:545} INFO - Filling up the DagBag from /opt/airflow/dags/minio_to_snowflake.py
[2026-06-05T03:07:25.556+0000] {processor.py:840} INFO - DAG(s) 'minio_to_snowflake' retrieved from /opt/airflow/dags/minio_to_snowflake.py
[2026-06-05T03:07:25.588+0000] {logging_mixin.py:188} INFO - [2026-06-05T03:07:25.587+0000] {dag.py:3089} INFO - Sync 1 DAGs
[2026-06-05T03:07:25.619+0000] {logging_mixin.py:188} INFO - [2026-06-05T03:07:25.619+0000] {dag.py:3947} INFO - Setting next_dagrun for minio_to_snowflake to 2026-06-05 03:06:00+00:00, run_after=2026-06-05 03:07:00+00:00
[2026-06-05T03:07:25.648+0000] {processor.py:183} INFO - Processing /opt/airflow/dags/minio_to_snowflake.py took 1.052 seconds
[2026-06-05T03:07:55.929+0000] {processor.py:161} INFO - Started process (PID=56376) to work on /opt/airflow/dags/minio_to_snowflake.py
[2026-06-05T03:07:55.931+0000] {processor.py:830} INFO - Processing file /opt/airflow/dags/minio_to_snowflake.py for tasks to queue
[2026-06-05T03:07:55.935+0000] {logging_mixin.py:188} INFO - [2026-06-05T03:07:55.935+0000] {dagbag.py:545} INFO - Filling up the DagBag from /opt/airflow/dags/minio_to_snowflake.py
[2026-06-05T03:07:56.915+0000] {processor.py:840} INFO - DAG(s) 'minio_to_snowflake' retrieved from /opt/airflow/dags/minio_to_snowflake.py
[2026-06-05T03:07:56.950+0000] {logging_mixin.py:188} INFO - [2026-06-05T03:07:56.949+0000] {dag.py:3089} INFO - Sync 1 DAGs
[2026-06-05T03:07:56.979+0000] {logging_mixin.py:188} INFO - [2026-06-05T03:07:56.978+0000] {dag.py:3947} INFO - Setting next_dagrun for minio_to_snowflake to 2026-06-05 03:06:00+00:00, run_after=2026-06-05 03:07:00+00:00
[2026-06-05T03:07:57.002+0000] {processor.py:183} INFO - Processing /opt/airflow/dags/minio_to_snowflake.py took 1.087 seconds
[2026-06-05T03:08:27.371+0000] {processor.py:161} INFO - Started process (PID=56442) to work on /opt/airflow/dags/minio_to_snowflake.py
[2026-06-05T03:08:27.373+0000] {processor.py:830} INFO - Processing file /opt/airflow/dags/minio_to_snowflake.py for tasks to queue
[2026-06-05T03:08:27.376+0000] {logging_mixin.py:188} INFO - [2026-06-05T03:08:27.375+0000] {dagbag.py:545} INFO - Filling up the DagBag from /opt/airflow/dags/minio_to_snowflake.py
[2026-06-05T03:08:28.460+0000] {processor.py:840} INFO - DAG(s) 'minio_to_snowflake' retrieved from /opt/airflow/dags/minio_to_snowflake.py
[2026-06-05T03:08:28.491+0000] {logging_mixin.py:188} INFO - [2026-06-05T03:08:28.490+0000] {dag.py:3089} INFO - Sync 1 DAGs
[2026-06-05T03:08:28.521+0000] {logging_mixin.py:188} INFO - [2026-06-05T03:08:28.520+0000] {dag.py:3947} INFO - Setting next_dagrun for minio_to_snowflake to 2026-06-05 03:07:00+00:00, run_after=2026-06-05 03:08:00+00:00
[2026-06-05T03:08:28.545+0000] {processor.py:183} INFO - Processing /opt/airflow/dags/minio_to_snowflake.py took 1.183 seconds
[2026-06-05T03:08:58.708+0000] {processor.py:161} INFO - Started process (PID=56529) to work on /opt/airflow/dags/minio_to_snowflake.py
[2026-06-05T03:08:58.710+0000] {processor.py:830} INFO - Processing file /opt/airflow/dags/minio_to_snowflake.py for tasks to queue
[2026-06-05T03:08:58.713+0000] {logging_mixin.py:188} INFO - [2026-06-05T03:08:58.713+0000] {dagbag.py:545} INFO - Filling up the DagBag from /opt/airflow/dags/minio_to_snowflake.py
[2026-06-05T03:08:59.666+0000] {processor.py:840} INFO - DAG(s) 'minio_to_snowflake' retrieved from /opt/airflow/dags/minio_to_snowflake.py
[2026-06-05T03:08:59.700+0000] {logging_mixin.py:188} INFO - [2026-06-05T03:08:59.700+0000] {dag.py:3089} INFO - Sync 1 DAGs
[2026-06-05T03:08:59.732+0000] {logging_mixin.py:188} INFO - [2026-06-05T03:08:59.732+0000] {dag.py:3947} INFO - Setting next_dagrun for minio_to_snowflake to 2026-06-05 03:07:00+00:00, run_after=2026-06-05 03:08:00+00:00
[2026-06-05T03:08:59.758+0000] {processor.py:183} INFO - Processing /opt/airflow/dags/minio_to_snowflake.py took 1.059 seconds
[2026-06-05T03:09:30.052+0000] {processor.py:161} INFO - Started process (PID=56605) to work on /opt/airflow/dags/minio_to_snowflake.py
[2026-06-05T03:09:30.054+0000] {processor.py:830} INFO - Processing file /opt/airflow/dags/minio_to_snowflake.py for tasks to queue
[2026-06-05T03:09:30.056+0000] {logging_mixin.py:188} INFO - [2026-06-05T03:09:30.056+0000] {dagbag.py:545} INFO - Filling up the DagBag from /opt/airflow/dags/minio_to_snowflake.py
[2026-06-05T03:09:31.060+0000] {processor.py:840} INFO - DAG(s) 'minio_to_snowflake' retrieved from /opt/airflow/dags/minio_to_snowflake.py
[2026-06-05T03:09:31.107+0000] {logging_mixin.py:188} INFO - [2026-06-05T03:09:31.107+0000] {dag.py:3089} INFO - Sync 1 DAGs
[2026-06-05T03:09:31.133+0000] {logging_mixin.py:188} INFO - [2026-06-05T03:09:31.133+0000] {dag.py:3947} INFO - Setting next_dagrun for minio_to_snowflake to 2026-06-05 03:08:00+00:00, run_after=2026-06-05 03:09:00+00:00
[2026-06-05T03:09:31.154+0000] {processor.py:183} INFO - Processing /opt/airflow/dags/minio_to_snowflake.py took 1.111 seconds
[2026-06-05T03:10:01.369+0000] {processor.py:161} INFO - Started process (PID=57741) to work on /opt/airflow/dags/minio_to_snowflake.py
[2026-06-05T03:10:01.371+0000] {processor.py:830} INFO - Processing file /opt/airflow/dags/minio_to_snowflake.py for tasks to queue
[2026-06-05T03:10:01.373+0000] {logging_mixin.py:188} INFO - [2026-06-05T03:10:01.373+0000] {dagbag.py:545} INFO - Filling up the DagBag from /opt/airflow/dags/minio_to_snowflake.py
[2026-06-05T03:10:02.437+0000] {processor.py:840} INFO - DAG(s) 'minio_to_snowflake' retrieved from /opt/airflow/dags/minio_to_snowflake.py
[2026-06-05T03:10:02.470+0000] {logging_mixin.py:188} INFO - [2026-06-05T03:10:02.469+0000] {dag.py:3089} INFO - Sync 1 DAGs
[2026-06-05T03:10:02.502+0000] {logging_mixin.py:188} INFO - [2026-06-05T03:10:02.502+0000] {dag.py:3947} INFO - Setting next_dagrun for minio_to_snowflake to 2026-06-05 03:09:00+00:00, run_after=2026-06-05 03:10:00+00:00
[2026-06-05T03:10:02.536+0000] {processor.py:183} INFO - Processing /opt/airflow/dags/minio_to_snowflake.py took 1.178 seconds
[2026-06-05T03:10:32.693+0000] {processor.py:161} INFO - Started process (PID=57759) to work on /opt/airflow/dags/minio_to_snowflake.py
[2026-06-05T03:10:32.694+0000] {processor.py:830} INFO - Processing file /opt/airflow/dags/minio_to_snowflake.py for tasks to queue
[2026-06-05T03:10:32.697+0000] {logging_mixin.py:188} INFO - [2026-06-05T03:10:32.696+0000] {dagbag.py:545} INFO - Filling up the DagBag from /opt/airflow/dags/minio_to_snowflake.py
[2026-06-05T03:10:34.069+0000] {processor.py:840} INFO - DAG(s) 'minio_to_snowflake' retrieved from /opt/airflow/dags/minio_to_snowflake.py
[2026-06-05T03:10:34.131+0000] {logging_mixin.py:188} INFO - [2026-06-05T03:10:34.129+0000] {dag.py:3089} INFO - Sync 1 DAGs
[2026-06-05T03:10:34.209+0000] {logging_mixin.py:188} INFO - [2026-06-05T03:10:34.208+0000] {dag.py:3947} INFO - Setting next_dagrun for minio_to_snowflake to 2026-06-05 03:09:00+00:00, run_after=2026-06-05 03:10:00+00:00
[2026-06-05T03:10:34.262+0000] {processor.py:183} INFO - Processing /opt/airflow/dags/minio_to_snowflake.py took 1.584 seconds
[2026-06-05T03:11:04.569+0000] {processor.py:161} INFO - Started process (PID=57849) to work on /opt/airflow/dags/minio_to_snowflake.py
[2026-06-05T03:11:04.570+0000] {processor.py:830} INFO - Processing file /opt/airflow/dags/minio_to_snowflake.py for tasks to queue
[2026-06-05T03:11:04.573+0000] {logging_mixin.py:188} INFO - [2026-06-05T03:11:04.573+0000] {dagbag.py:545} INFO - Filling up the DagBag from /opt/airflow/dags/minio_to_snowflake.py
[2026-06-05T03:11:05.896+0000] {processor.py:840} INFO - DAG(s) 'minio_to_snowflake' retrieved from /opt/airflow/dags/minio_to_snowflake.py
[2026-06-05T03:11:05.930+0000] {logging_mixin.py:188} INFO - [2026-06-05T03:11:05.929+0000] {dag.py:3089} INFO - Sync 1 DAGs
[2026-06-05T03:11:05.970+0000] {logging_mixin.py:188} INFO - [2026-06-05T03:11:05.970+0000] {dag.py:3947} INFO - Setting next_dagrun for minio_to_snowflake to 2026-06-05 03:10:00+00:00, run_after=2026-06-05 03:11:00+00:00
[2026-06-05T03:11:06.005+0000] {processor.py:183} INFO - Processing /opt/airflow/dags/minio_to_snowflake.py took 1.446 seconds
[2026-06-05T03:11:36.304+0000] {processor.py:161} INFO - Started process (PID=57940) to work on /opt/airflow/dags/minio_to_snowflake.py
[2026-06-05T03:11:36.307+0000] {processor.py:830} INFO - Processing file /opt/airflow/dags/minio_to_snowflake.py for tasks to queue
[2026-06-05T03:11:36.317+0000] {logging_mixin.py:188} INFO - [2026-06-05T03:11:36.316+0000] {dagbag.py:545} INFO - Filling up the DagBag from /opt/airflow/dags/minio_to_snowflake.py
[2026-06-05T03:11:37.807+0000] {processor.py:840} INFO - DAG(s) 'minio_to_snowflake' retrieved from /opt/airflow/dags/minio_to_snowflake.py
[2026-06-05T03:11:37.846+0000] {logging_mixin.py:188} INFO - [2026-06-05T03:11:37.846+0000] {dag.py:3089} INFO - Sync 1 DAGs
[2026-06-05T03:11:37.885+0000] {logging_mixin.py:188} INFO - [2026-06-05T03:11:37.884+0000] {dag.py:3947} INFO - Setting next_dagrun for minio_to_snowflake to 2026-06-05 03:10:00+00:00, run_after=2026-06-05 03:11:00+00:00
[2026-06-05T03:11:37.909+0000] {processor.py:183} INFO - Processing /opt/airflow/dags/minio_to_snowflake.py took 1.622 seconds
[2026-06-05T03:12:08.188+0000] {processor.py:161} INFO - Started process (PID=57985) to work on /opt/airflow/dags/minio_to_snowflake.py
[2026-06-05T03:12:08.189+0000] {processor.py:830} INFO - Processing file /opt/airflow/dags/minio_to_snowflake.py for tasks to queue
[2026-06-05T03:12:08.192+0000] {logging_mixin.py:188} INFO - [2026-06-05T03:12:08.191+0000] {dagbag.py:545} INFO - Filling up the DagBag from /opt/airflow/dags/minio_to_snowflake.py
[2026-06-05T03:12:09.247+0000] {processor.py:840} INFO - DAG(s) 'minio_to_snowflake' retrieved from /opt/airflow/dags/minio_to_snowflake.py
[2026-06-05T03:12:09.282+0000] {logging_mixin.py:188} INFO - [2026-06-05T03:12:09.280+0000] {dag.py:3089} INFO - Sync 1 DAGs
[2026-06-05T03:12:09.311+0000] {logging_mixin.py:188} INFO - [2026-06-05T03:12:09.311+0000] {dag.py:3947} INFO - Setting next_dagrun for minio_to_snowflake to 2026-06-05 03:11:00+00:00, run_after=2026-06-05 03:12:00+00:00
[2026-06-05T03:12:09.339+0000] {processor.py:183} INFO - Processing /opt/airflow/dags/minio_to_snowflake.py took 1.159 seconds
[2026-06-05T03:12:39.445+0000] {processor.py:161} INFO - Started process (PID=58055) to work on /opt/airflow/dags/minio_to_snowflake.py
[2026-06-05T03:12:39.447+0000] {processor.py:830} INFO - Processing file /opt/airflow/dags/minio_to_snowflake.py for tasks to queue
[2026-06-05T03:12:39.450+0000] {logging_mixin.py:188} INFO - [2026-06-05T03:12:39.449+0000] {dagbag.py:545} INFO - Filling up the DagBag from /opt/airflow/dags/minio_to_snowflake.py
[2026-06-05T03:12:40.620+0000] {processor.py:840} INFO - DAG(s) 'minio_to_snowflake' retrieved from /opt/airflow/dags/minio_to_snowflake.py
[2026-06-05T03:12:40.690+0000] {logging_mixin.py:188} INFO - [2026-06-05T03:12:40.689+0000] {dag.py:3089} INFO - Sync 1 DAGs
[2026-06-05T03:12:40.721+0000] {logging_mixin.py:188} INFO - [2026-06-05T03:12:40.721+0000] {dag.py:3947} INFO - Setting next_dagrun for minio_to_snowflake to 2026-06-05 03:11:00+00:00, run_after=2026-06-05 03:12:00+00:00
[2026-06-05T03:12:40.750+0000] {processor.py:183} INFO - Processing /opt/airflow/dags/minio_to_snowflake.py took 1.313 seconds
[2026-06-05T03:13:10.916+0000] {processor.py:161} INFO - Started process (PID=58151) to work on /opt/airflow/dags/minio_to_snowflake.py
[2026-06-05T03:13:10.918+0000] {processor.py:830} INFO - Processing file /opt/airflow/dags/minio_to_snowflake.py for tasks to queue
[2026-06-05T03:13:10.923+0000] {logging_mixin.py:188} INFO - [2026-06-05T03:13:10.922+0000] {dagbag.py:545} INFO - Filling up the DagBag from /opt/airflow/dags/minio_to_snowflake.py
[2026-06-05T03:13:11.942+0000] {processor.py:840} INFO - DAG(s) 'minio_to_snowflake' retrieved from /opt/airflow/dags/minio_to_snowflake.py
[2026-06-05T03:13:11.977+0000] {logging_mixin.py:188} INFO - [2026-06-05T03:13:11.976+0000] {dag.py:3089} INFO - Sync 1 DAGs
[2026-06-05T03:13:12.008+0000] {logging_mixin.py:188} INFO - [2026-06-05T03:13:12.007+0000] {dag.py:3947} INFO - Setting next_dagrun for minio_to_snowflake to 2026-06-05 03:12:00+00:00, run_after=2026-06-05 03:13:00+00:00
[2026-06-05T03:13:12.033+0000] {processor.py:183} INFO - Processing /opt/airflow/dags/minio_to_snowflake.py took 1.126 seconds
[2026-06-05T03:13:42.645+0000] {processor.py:161} INFO - Started process (PID=58244) to work on /opt/airflow/dags/minio_to_snowflake.py
[2026-06-05T03:13:42.649+0000] {processor.py:830} INFO - Processing file /opt/airflow/dags/minio_to_snowflake.py for tasks to queue
[2026-06-05T03:13:42.652+0000] {logging_mixin.py:188} INFO - [2026-06-05T03:13:42.652+0000] {dagbag.py:545} INFO - Filling up the DagBag from /opt/airflow/dags/minio_to_snowflake.py
[2026-06-05T03:13:43.829+0000] {processor.py:840} INFO - DAG(s) 'minio_to_snowflake' retrieved from /opt/airflow/dags/minio_to_snowflake.py
[2026-06-05T03:13:43.868+0000] {logging_mixin.py:188} INFO - [2026-06-05T03:13:43.867+0000] {dag.py:3089} INFO - Sync 1 DAGs
[2026-06-05T03:13:43.908+0000] {logging_mixin.py:188} INFO - [2026-06-05T03:13:43.907+0000] {dag.py:3947} INFO - Setting next_dagrun for minio_to_snowflake to 2026-06-05 03:12:00+00:00, run_after=2026-06-05 03:13:00+00:00
[2026-06-05T03:13:43.939+0000] {processor.py:183} INFO - Processing /opt/airflow/dags/minio_to_snowflake.py took 1.302 seconds
