[2026-06-03T21:31:55.073+0000] {manager.py:470} INFO - Processing files using up to 2 processes at a time 
[2026-06-03T21:31:55.077+0000] {manager.py:471} INFO - Process each file at most once every 30 seconds
[2026-06-03T21:31:55.078+0000] {manager.py:472} INFO - Checking for new files in /opt/airflow/dags every 300 seconds
[2026-06-03T21:31:55.080+0000] {manager.py:737} INFO - Searching for files in /opt/airflow/dags
[2026-06-03T21:31:55.092+0000] {manager.py:740} INFO - There are 0 files in /opt/airflow/dags
[2026-06-03T21:36:55.827+0000] {manager.py:737} INFO - Searching for files in /opt/airflow/dags
[2026-06-03T21:36:55.864+0000] {manager.py:740} INFO - There are 0 files in /opt/airflow/dags
[2026-06-03T21:41:56.644+0000] {manager.py:737} INFO - Searching for files in /opt/airflow/dags
[2026-06-03T21:41:56.668+0000] {manager.py:740} INFO - There are 0 files in /opt/airflow/dags
[2026-06-03T21:46:57.428+0000] {manager.py:737} INFO - Searching for files in /opt/airflow/dags
[2026-06-03T21:46:57.433+0000] {manager.py:740} INFO - There are 0 files in /opt/airflow/dags
[2026-06-03T21:51:58.136+0000] {manager.py:737} INFO - Searching for files in /opt/airflow/dags
[2026-06-03T21:51:58.161+0000] {manager.py:740} INFO - There are 0 files in /opt/airflow/dags
[2026-06-03T22:11:49.152+0000] {manager.py:737} INFO - Searching for files in /opt/airflow/dags
[2026-06-03T22:11:50.551+0000] {manager.py:740} INFO - There are 0 files in /opt/airflow/dags
[2026-06-03T22:16:49.755+0000] {manager.py:737} INFO - Searching for files in /opt/airflow/dags
[2026-06-03T22:16:49.760+0000] {manager.py:740} INFO - There are 0 files in /opt/airflow/dags
[2026-06-03T22:21:50.303+0000] {manager.py:737} INFO - Searching for files in /opt/airflow/dags
[2026-06-03T22:21:50.314+0000] {manager.py:740} INFO - There are 0 files in /opt/airflow/dags
[2026-06-03T22:26:50.935+0000] {manager.py:737} INFO - Searching for files in /opt/airflow/dags
[2026-06-03T22:26:50.941+0000] {manager.py:740} INFO - There are 0 files in /opt/airflow/dags
[2026-06-03T22:31:51.556+0000] {manager.py:737} INFO - Searching for files in /opt/airflow/dags
[2026-06-03T22:31:51.600+0000] {manager.py:740} INFO - There are 0 files in /opt/airflow/dags
[2026-06-03T22:36:51.978+0000] {manager.py:737} INFO - Searching for files in /opt/airflow/dags
[2026-06-03T22:36:51.984+0000] {manager.py:740} INFO - There are 0 files in /opt/airflow/dags
[2026-06-03T22:41:52.431+0000] {manager.py:737} INFO - Searching for files in /opt/airflow/dags
[2026-06-03T22:41:52.452+0000] {manager.py:740} INFO - There are 0 files in /opt/airflow/dags
[2026-06-03T22:46:53.049+0000] {manager.py:737} INFO - Searching for files in /opt/airflow/dags
[2026-06-03T22:46:53.055+0000] {manager.py:740} INFO - There are 0 files in /opt/airflow/dags
[2026-06-03T22:51:53.724+0000] {manager.py:737} INFO - Searching for files in /opt/airflow/dags
[2026-06-03T22:51:53.803+0000] {manager.py:740} INFO - There are 0 files in /opt/airflow/dags
[2026-06-03T22:56:54.341+0000] {manager.py:737} INFO - Searching for files in /opt/airflow/dags
[2026-06-03T22:56:54.346+0000] {manager.py:740} INFO - There are 0 files in /opt/airflow/dags
[2026-06-03T23:01:54.967+0000] {manager.py:737} INFO - Searching for files in /opt/airflow/dags
[2026-06-03T23:01:54.972+0000] {manager.py:740} INFO - There are 0 files in /opt/airflow/dags
[2026-06-03T23:06:55.556+0000] {manager.py:737} INFO - Searching for files in /opt/airflow/dags
[2026-06-03T23:06:55.563+0000] {manager.py:740} INFO - There are 0 files in /opt/airflow/dags
[2026-06-03T23:11:56.110+0000] {manager.py:737} INFO - Searching for files in /opt/airflow/dags
[2026-06-03T23:11:56.116+0000] {manager.py:740} INFO - There are 0 files in /opt/airflow/dags
[2026-06-03T23:16:56.792+0000] {manager.py:737} INFO - Searching for files in /opt/airflow/dags
[2026-06-03T23:16:56.797+0000] {manager.py:740} INFO - There are 0 files in /opt/airflow/dags
[2026-06-03T23:21:57.357+0000] {manager.py:737} INFO - Searching for files in /opt/airflow/dags
[2026-06-03T23:21:57.364+0000] {manager.py:740} INFO - There are 0 files in /opt/airflow/dags
[2026-06-03T23:26:57.892+0000] {manager.py:737} INFO - Searching for files in /opt/airflow/dags
[2026-06-03T23:26:57.903+0000] {manager.py:740} INFO - There are 0 files in /opt/airflow/dags
[2026-06-03T23:31:58.398+0000] {manager.py:737} INFO - Searching for files in /opt/airflow/dags
[2026-06-03T23:31:58.407+0000] {manager.py:740} INFO - There are 0 files in /opt/airflow/dags
[2026-06-03T23:36:58.911+0000] {manager.py:737} INFO - Searching for files in /opt/airflow/dags
[2026-06-03T23:36:58.917+0000] {manager.py:740} INFO - There are 0 files in /opt/airflow/dags
[2026-06-03T23:41:59.501+0000] {manager.py:737} INFO - Searching for files in /opt/airflow/dags
[2026-06-03T23:41:59.514+0000] {manager.py:740} INFO - There are 0 files in /opt/airflow/dags
[2026-06-03T23:46:59.846+0000] {manager.py:737} INFO - Searching for files in /opt/airflow/dags
[2026-06-03T23:46:59.859+0000] {manager.py:740} INFO - There are 0 files in /opt/airflow/dags
[2026-06-03T23:52:00.634+0000] {manager.py:737} INFO - Searching for files in /opt/airflow/dags
[2026-06-03T23:52:00.645+0000] {manager.py:740} INFO - There are 0 files in /opt/airflow/dags
[2026-06-03T23:57:01.546+0000] {manager.py:737} INFO - Searching for files in /opt/airflow/dags
[2026-06-03T23:57:01.571+0000] {manager.py:740} INFO - There are 0 files in /opt/airflow/dags
[2026-06-04T00:02:02.286+0000] {manager.py:737} INFO - Searching for files in /opt/airflow/dags
[2026-06-04T00:02:02.323+0000] {manager.py:740} INFO - There are 0 files in /opt/airflow/dags
[2026-06-04T00:07:02.961+0000] {manager.py:737} INFO - Searching for files in /opt/airflow/dags
[2026-06-04T00:07:02.980+0000] {manager.py:740} INFO - There are 0 files in /opt/airflow/dags
[2026-06-04T00:12:03.581+0000] {manager.py:737} INFO - Searching for files in /opt/airflow/dags
[2026-06-04T00:12:03.614+0000] {manager.py:740} INFO - There are 1 files in /opt/airflow/dags
[2026-06-04T00:12:09.663+0000] {manager.py:878} INFO - 
================================================================================
DAG File Processing Stats

File Path                                PID    Runtime      # DAGs    # Errors  Last Runtime    Last Run
---------------------------------------  -----  ---------  --------  ----------  --------------  -------------------
/opt/airflow/dags/minio_to_snowflake.py                           1           0  4.90s           2026-06-04T00:12:08
================================================================================
[2026-06-04T00:12:39.977+0000] {manager.py:878} INFO - 
================================================================================
DAG File Processing Stats

File Path                                  PID  Runtime      # DAGs    # Errors  Last Runtime    Last Run
---------------------------------------  -----  ---------  --------  ----------  --------------  -------------------
/opt/airflow/dags/minio_to_snowflake.py     36  1.02s             1           0  4.90s           2026-06-04T00:12:08
================================================================================
[2026-06-04T00:13:10.344+0000] {manager.py:878} INFO - 
================================================================================
DAG File Processing Stats

File Path                                  PID  Runtime      # DAGs    # Errors  Last Runtime    Last Run
---------------------------------------  -----  ---------  --------  ----------  --------------  -------------------
/opt/airflow/dags/minio_to_snowflake.py     39  0.01s             1           0  1.24s           2026-06-04T00:12:40
================================================================================
[2026-06-04T00:13:40.584+0000] {manager.py:878} INFO - 
================================================================================
DAG File Processing Stats

File Path                                PID    Runtime      # DAGs    # Errors  Last Runtime    Last Run
---------------------------------------  -----  ---------  --------  ----------  --------------  -------------------
/opt/airflow/dags/minio_to_snowflake.py                           1           0  1.15s           2026-06-04T00:13:11
================================================================================
[2026-06-04T00:14:10.956+0000] {manager.py:878} INFO - 
================================================================================
DAG File Processing Stats

File Path                                PID    Runtime      # DAGs    # Errors  Last Runtime    Last Run
---------------------------------------  -----  ---------  --------  ----------  --------------  -------------------
/opt/airflow/dags/minio_to_snowflake.py                           1           0  1.21s           2026-06-04T00:13:42
================================================================================
[2026-06-04T00:14:41.154+0000] {manager.py:878} INFO - 
================================================================================
DAG File Processing Stats

File Path                                PID    Runtime      # DAGs    # Errors  Last Runtime    Last Run
---------------------------------------  -----  ---------  --------  ----------  --------------  -------------------
/opt/airflow/dags/minio_to_snowflake.py                           1           0  1.76s           2026-06-04T00:14:14
================================================================================
[2026-06-04T00:15:11.356+0000] {manager.py:878} INFO - 
================================================================================
DAG File Processing Stats

File Path                                PID    Runtime      # DAGs    # Errors  Last Runtime    Last Run
---------------------------------------  -----  ---------  --------  ----------  --------------  -------------------
/opt/airflow/dags/minio_to_snowflake.py                           1           0  1.24s           2026-06-04T00:14:46
================================================================================
[2026-06-04T00:15:41.564+0000] {manager.py:878} INFO - 
================================================================================
DAG File Processing Stats

File Path                                PID    Runtime      # DAGs    # Errors  Last Runtime    Last Run
---------------------------------------  -----  ---------  --------  ----------  --------------  -------------------
/opt/airflow/dags/minio_to_snowflake.py                           1           0  1.25s           2026-06-04T00:15:17
================================================================================
[2026-06-04T00:16:12.062+0000] {manager.py:878} INFO - 
================================================================================
DAG File Processing Stats

File Path                                PID    Runtime      # DAGs    # Errors  Last Runtime    Last Run
---------------------------------------  -----  ---------  --------  ----------  --------------  -------------------
/opt/airflow/dags/minio_to_snowflake.py                           1           0  1.24s           2026-06-04T00:15:49
================================================================================
[2026-06-04T00:16:42.193+0000] {manager.py:878} INFO - 
================================================================================
DAG File Processing Stats

File Path                                PID    Runtime      # DAGs    # Errors  Last Runtime    Last Run
---------------------------------------  -----  ---------  --------  ----------  --------------  -------------------
/opt/airflow/dags/minio_to_snowflake.py                           1           0  1.58s           2026-06-04T00:16:20
================================================================================
[2026-06-04T00:17:03.797+0000] {manager.py:737} INFO - Searching for files in /opt/airflow/dags
[2026-06-04T00:17:03.849+0000] {manager.py:740} INFO - There are 1 files in /opt/airflow/dags
[2026-06-04T00:17:12.924+0000] {manager.py:878} INFO - 
================================================================================
DAG File Processing Stats

File Path                                PID    Runtime      # DAGs    # Errors  Last Runtime    Last Run
---------------------------------------  -----  ---------  --------  ----------  --------------  -------------------
/opt/airflow/dags/minio_to_snowflake.py                           1           0  1.51s           2026-06-04T00:16:52
================================================================================
[2026-06-04T00:17:42.979+0000] {manager.py:878} INFO - 
================================================================================
DAG File Processing Stats

File Path                                PID    Runtime      # DAGs    # Errors  Last Runtime    Last Run
---------------------------------------  -----  ---------  --------  ----------  --------------  -------------------
/opt/airflow/dags/minio_to_snowflake.py                           1           0  2.53s           2026-06-04T00:17:25
================================================================================
[2026-06-04T00:18:13.415+0000] {manager.py:878} INFO - 
================================================================================
DAG File Processing Stats

File Path                                PID    Runtime      # DAGs    # Errors  Last Runtime    Last Run
---------------------------------------  -----  ---------  --------  ----------  --------------  -------------------
/opt/airflow/dags/minio_to_snowflake.py                           1           0  6.12s           2026-06-04T00:18:02
================================================================================
[2026-06-04T00:18:43.511+0000] {manager.py:878} INFO - 
================================================================================
DAG File Processing Stats

File Path                                PID    Runtime      # DAGs    # Errors  Last Runtime    Last Run
---------------------------------------  -----  ---------  --------  ----------  --------------  -------------------
/opt/airflow/dags/minio_to_snowflake.py                           1           0  5.51s           2026-06-04T00:18:39
================================================================================
[2026-06-04T00:19:13.743+0000] {manager.py:878} INFO - 
================================================================================
DAG File Processing Stats

File Path                                  PID  Runtime      # DAGs    # Errors  Last Runtime    Last Run
---------------------------------------  -----  ---------  --------  ----------  --------------  -------------------
/opt/airflow/dags/minio_to_snowflake.py     72  4.20s             1           0  5.51s           2026-06-04T00:18:39
================================================================================
[2026-06-04T00:19:45.177+0000] {manager.py:878} INFO - 
================================================================================
DAG File Processing Stats

File Path                                  PID  Runtime      # DAGs    # Errors  Last Runtime    Last Run
---------------------------------------  -----  ---------  --------  ----------  --------------  -------------------
/opt/airflow/dags/minio_to_snowflake.py     75  0.01s             1           0  4.58s           2026-06-04T00:19:14
================================================================================
[2026-06-04T00:20:15.948+0000] {manager.py:878} INFO - 
================================================================================
DAG File Processing Stats

File Path                                PID    Runtime      # DAGs    # Errors  Last Runtime    Last Run
---------------------------------------  -----  ---------  --------  ----------  --------------  -------------------
/opt/airflow/dags/minio_to_snowflake.py                           1           0  4.29s           2026-06-04T00:19:49
================================================================================
[2026-06-04T00:20:46.036+0000] {manager.py:878} INFO - 
================================================================================
DAG File Processing Stats

File Path                                PID    Runtime      # DAGs    # Errors  Last Runtime    Last Run
---------------------------------------  -----  ---------  --------  ----------  --------------  -------------------
/opt/airflow/dags/minio_to_snowflake.py                           1           0  1.71s           2026-06-04T00:20:21
================================================================================
[2026-06-04T00:21:16.575+0000] {manager.py:878} INFO - 
================================================================================
DAG File Processing Stats

File Path                                PID    Runtime      # DAGs    # Errors  Last Runtime    Last Run
---------------------------------------  -----  ---------  --------  ----------  --------------  -------------------
/opt/airflow/dags/minio_to_snowflake.py                           1           0  1.65s           2026-06-04T00:20:53
================================================================================
[2026-06-04T00:21:46.606+0000] {manager.py:878} INFO - 
================================================================================
DAG File Processing Stats

File Path                                PID    Runtime      # DAGs    # Errors  Last Runtime    Last Run
---------------------------------------  -----  ---------  --------  ----------  --------------  -------------------
/opt/airflow/dags/minio_to_snowflake.py                           1           0  1.50s           2026-06-04T00:21:25
================================================================================
[2026-06-04T00:22:03.883+0000] {manager.py:737} INFO - Searching for files in /opt/airflow/dags
[2026-06-04T00:22:03.905+0000] {manager.py:740} INFO - There are 1 files in /opt/airflow/dags
[2026-06-04T00:22:16.809+0000] {manager.py:878} INFO - 
================================================================================
DAG File Processing Stats

File Path                                PID    Runtime      # DAGs    # Errors  Last Runtime    Last Run
---------------------------------------  -----  ---------  --------  ----------  --------------  -------------------
/opt/airflow/dags/minio_to_snowflake.py                           1           0  1.10s           2026-06-04T00:21:56
================================================================================
[2026-06-04T00:22:47.192+0000] {manager.py:878} INFO - 
================================================================================
DAG File Processing Stats

File Path                                PID    Runtime      # DAGs    # Errors  Last Runtime    Last Run
---------------------------------------  -----  ---------  --------  ----------  --------------  -------------------
/opt/airflow/dags/minio_to_snowflake.py                           1           0  1.58s           2026-06-04T00:22:28
================================================================================
[2026-06-04T00:23:17.491+0000] {manager.py:878} INFO - 
================================================================================
DAG File Processing Stats

File Path                                PID    Runtime      # DAGs    # Errors  Last Runtime    Last Run
---------------------------------------  -----  ---------  --------  ----------  --------------  -------------------
/opt/airflow/dags/minio_to_snowflake.py                           1           0  1.61s           2026-06-04T00:23:00
================================================================================
[2026-06-04T00:23:47.757+0000] {manager.py:878} INFO - 
================================================================================
DAG File Processing Stats

File Path                                PID    Runtime      # DAGs    # Errors  Last Runtime    Last Run
---------------------------------------  -----  ---------  --------  ----------  --------------  -------------------
/opt/airflow/dags/minio_to_snowflake.py                           1           0  1.26s           2026-06-04T00:23:31
================================================================================
[2026-06-04T00:24:17.798+0000] {manager.py:878} INFO - 
================================================================================
DAG File Processing Stats

File Path                                PID    Runtime      # DAGs    # Errors  Last Runtime    Last Run
---------------------------------------  -----  ---------  --------  ----------  --------------  -------------------
/opt/airflow/dags/minio_to_snowflake.py                           1           0  1.57s           2026-06-04T00:24:03
================================================================================
[2026-06-04T00:24:48.045+0000] {manager.py:878} INFO - 
================================================================================
DAG File Processing Stats

File Path                                PID    Runtime      # DAGs    # Errors  Last Runtime    Last Run
---------------------------------------  -----  ---------  --------  ----------  --------------  -------------------
/opt/airflow/dags/minio_to_snowflake.py                           1           0  1.18s           2026-06-04T00:24:35
================================================================================
[2026-06-04T00:25:18.423+0000] {manager.py:878} INFO - 
================================================================================
DAG File Processing Stats

File Path                                PID    Runtime      # DAGs    # Errors  Last Runtime    Last Run
---------------------------------------  -----  ---------  --------  ----------  --------------  -------------------
/opt/airflow/dags/minio_to_snowflake.py                           1           0  1.41s           2026-06-04T00:25:06
================================================================================
[2026-06-04T00:25:48.897+0000] {manager.py:878} INFO - 
================================================================================
DAG File Processing Stats

File Path                                PID    Runtime      # DAGs    # Errors  Last Runtime    Last Run
---------------------------------------  -----  ---------  --------  ----------  --------------  -------------------
/opt/airflow/dags/minio_to_snowflake.py                           1           0  1.40s           2026-06-04T00:25:38
================================================================================
[2026-06-04T00:26:19.552+0000] {manager.py:878} INFO - 
================================================================================
DAG File Processing Stats

File Path                                PID    Runtime      # DAGs    # Errors  Last Runtime    Last Run
---------------------------------------  -----  ---------  --------  ----------  --------------  -------------------
/opt/airflow/dags/minio_to_snowflake.py                           1           0  1.15s           2026-06-04T00:26:09
================================================================================
[2026-06-04T00:26:49.888+0000] {manager.py:878} INFO - 
================================================================================
DAG File Processing Stats

File Path                                PID    Runtime      # DAGs    # Errors  Last Runtime    Last Run
---------------------------------------  -----  ---------  --------  ----------  --------------  -------------------
/opt/airflow/dags/minio_to_snowflake.py                           1           0  1.40s           2026-06-04T00:26:41
================================================================================
[2026-06-04T00:27:03.980+0000] {manager.py:737} INFO - Searching for files in /opt/airflow/dags
[2026-06-04T00:27:04.012+0000] {manager.py:740} INFO - There are 1 files in /opt/airflow/dags
[2026-06-04T00:27:20.452+0000] {manager.py:878} INFO - 
================================================================================
DAG File Processing Stats

File Path                                PID    Runtime      # DAGs    # Errors  Last Runtime    Last Run
---------------------------------------  -----  ---------  --------  ----------  --------------  -------------------
/opt/airflow/dags/minio_to_snowflake.py                           1           0  1.07s           2026-06-04T00:27:12
================================================================================
[2026-06-04T00:27:50.782+0000] {manager.py:878} INFO - 
================================================================================
DAG File Processing Stats

File Path                                PID    Runtime      # DAGs    # Errors  Last Runtime    Last Run
---------------------------------------  -----  ---------  --------  ----------  --------------  -------------------
/opt/airflow/dags/minio_to_snowflake.py                           1           0  1.20s           2026-06-04T00:27:43
================================================================================
[2026-06-04T00:28:21.004+0000] {manager.py:878} INFO - 
================================================================================
DAG File Processing Stats

File Path                                PID    Runtime      # DAGs    # Errors  Last Runtime    Last Run
---------------------------------------  -----  ---------  --------  ----------  --------------  -------------------
/opt/airflow/dags/minio_to_snowflake.py                           1           0  1.05s           2026-06-04T00:28:14
================================================================================
[2026-06-04T00:28:51.238+0000] {manager.py:878} INFO - 
================================================================================
DAG File Processing Stats

File Path                                PID    Runtime      # DAGs    # Errors  Last Runtime    Last Run
---------------------------------------  -----  ---------  --------  ----------  --------------  -------------------
/opt/airflow/dags/minio_to_snowflake.py                           1           0  1.09s           2026-06-04T00:28:46
================================================================================
[2026-06-04T00:29:21.560+0000] {manager.py:878} INFO - 
================================================================================
DAG File Processing Stats

File Path                                PID    Runtime      # DAGs    # Errors  Last Runtime    Last Run
---------------------------------------  -----  ---------  --------  ----------  --------------  -------------------
/opt/airflow/dags/minio_to_snowflake.py                           1           0  1.15s           2026-06-04T00:29:17
================================================================================
[2026-06-04T00:29:51.840+0000] {manager.py:878} INFO - 
================================================================================
DAG File Processing Stats

File Path                                PID    Runtime      # DAGs    # Errors  Last Runtime    Last Run
---------------------------------------  -----  ---------  --------  ----------  --------------  -------------------
/opt/airflow/dags/minio_to_snowflake.py                           1           0  1.52s           2026-06-04T00:29:49
================================================================================
[2026-06-04T00:30:22.123+0000] {manager.py:878} INFO - 
================================================================================
DAG File Processing Stats

File Path                                PID    Runtime      # DAGs    # Errors  Last Runtime    Last Run
---------------------------------------  -----  ---------  --------  ----------  --------------  -------------------
/opt/airflow/dags/minio_to_snowflake.py                           1           0  1.57s           2026-06-04T00:30:21
================================================================================
[2026-06-04T00:30:52.345+0000] {manager.py:878} INFO - 
================================================================================
DAG File Processing Stats

File Path                                  PID  Runtime      # DAGs    # Errors  Last Runtime    Last Run
---------------------------------------  -----  ---------  --------  ----------  --------------  -------------------
/opt/airflow/dags/minio_to_snowflake.py    201  1.01s             1           0  1.57s           2026-06-04T00:30:21
================================================================================
[2026-06-04T00:31:22.573+0000] {manager.py:878} INFO - 
================================================================================
DAG File Processing Stats

File Path                                  PID  Runtime      # DAGs    # Errors  Last Runtime    Last Run
---------------------------------------  -----  ---------  --------  ----------  --------------  -------------------
/opt/airflow/dags/minio_to_snowflake.py    204  0.00s             1           0  1.18s           2026-06-04T00:30:52
================================================================================
[2026-06-04T00:31:53.070+0000] {manager.py:878} INFO - 
================================================================================
DAG File Processing Stats

File Path                                PID    Runtime      # DAGs    # Errors  Last Runtime    Last Run
---------------------------------------  -----  ---------  --------  ----------  --------------  -------------------
/opt/airflow/dags/minio_to_snowflake.py                           1           0  1.21s           2026-06-04T00:31:23
================================================================================
[2026-06-04T00:32:04.079+0000] {manager.py:737} INFO - Searching for files in /opt/airflow/dags
[2026-06-04T00:32:04.133+0000] {manager.py:740} INFO - There are 1 files in /opt/airflow/dags
[2026-06-04T00:32:23.309+0000] {manager.py:878} INFO - 
================================================================================
DAG File Processing Stats

File Path                                PID    Runtime      # DAGs    # Errors  Last Runtime    Last Run
---------------------------------------  -----  ---------  --------  ----------  --------------  -------------------
/opt/airflow/dags/minio_to_snowflake.py                           1           0  1.92s           2026-06-04T00:31:56
================================================================================
[2026-06-04T00:32:53.531+0000] {manager.py:878} INFO - 
================================================================================
DAG File Processing Stats

File Path                                PID    Runtime      # DAGs    # Errors  Last Runtime    Last Run
---------------------------------------  -----  ---------  --------  ----------  --------------  -------------------
/opt/airflow/dags/minio_to_snowflake.py                           1           0  1.19s           2026-06-04T00:32:27
================================================================================
[2026-06-04T00:33:23.747+0000] {manager.py:878} INFO - 
================================================================================
DAG File Processing Stats

File Path                                PID    Runtime      # DAGs    # Errors  Last Runtime    Last Run
---------------------------------------  -----  ---------  --------  ----------  --------------  -------------------
/opt/airflow/dags/minio_to_snowflake.py                           1           0  1.18s           2026-06-04T00:32:58
================================================================================
[2026-06-04T00:33:54.151+0000] {manager.py:878} INFO - 
================================================================================
DAG File Processing Stats

File Path                                PID    Runtime      # DAGs    # Errors  Last Runtime    Last Run
---------------------------------------  -----  ---------  --------  ----------  --------------  -------------------
/opt/airflow/dags/minio_to_snowflake.py                           1           0  1.20s           2026-06-04T00:33:29
================================================================================
[2026-06-04T00:34:24.408+0000] {manager.py:878} INFO - 
================================================================================
DAG File Processing Stats

File Path                                PID    Runtime      # DAGs    # Errors  Last Runtime    Last Run
---------------------------------------  -----  ---------  --------  ----------  --------------  -------------------
/opt/airflow/dags/minio_to_snowflake.py                           1           0  1.24s           2026-06-04T00:34:01
================================================================================
[2026-06-04T00:34:54.665+0000] {manager.py:878} INFO - 
================================================================================
DAG File Processing Stats

File Path                                PID    Runtime      # DAGs    # Errors  Last Runtime    Last Run
---------------------------------------  -----  ---------  --------  ----------  --------------  -------------------
/opt/airflow/dags/minio_to_snowflake.py                           1           0  1.13s           2026-06-04T00:34:32
================================================================================
[2026-06-04T00:35:24.937+0000] {manager.py:878} INFO - 
================================================================================
DAG File Processing Stats

File Path                                PID    Runtime      # DAGs    # Errors  Last Runtime    Last Run
---------------------------------------  -----  ---------  --------  ----------  --------------  -------------------
/opt/airflow/dags/minio_to_snowflake.py                           1           0  1.31s           2026-06-04T00:35:04
================================================================================
[2026-06-04T00:35:55.207+0000] {manager.py:878} INFO - 
================================================================================
DAG File Processing Stats

File Path                                PID    Runtime      # DAGs    # Errors  Last Runtime    Last Run
---------------------------------------  -----  ---------  --------  ----------  --------------  -------------------
/opt/airflow/dags/minio_to_snowflake.py                           1           0  1.01s           2026-06-04T00:35:35
================================================================================
[2026-06-04T00:36:25.561+0000] {manager.py:878} INFO - 
================================================================================
DAG File Processing Stats

File Path                                PID    Runtime      # DAGs    # Errors  Last Runtime    Last Run
---------------------------------------  -----  ---------  --------  ----------  --------------  -------------------
/opt/airflow/dags/minio_to_snowflake.py                           1           0  1.18s           2026-06-04T00:36:06
================================================================================
[2026-06-04T00:36:55.598+0000] {manager.py:878} INFO - 
================================================================================
DAG File Processing Stats

File Path                                PID    Runtime      # DAGs    # Errors  Last Runtime    Last Run
---------------------------------------  -----  ---------  --------  ----------  --------------  -------------------
/opt/airflow/dags/minio_to_snowflake.py                           1           0  1.85s           2026-06-04T00:36:38
================================================================================
[2026-06-04T00:37:04.088+0000] {manager.py:737} INFO - Searching for files in /opt/airflow/dags
[2026-06-04T00:37:04.114+0000] {manager.py:740} INFO - There are 1 files in /opt/airflow/dags
[2026-06-04T00:37:26.290+0000] {manager.py:878} INFO - 
================================================================================
DAG File Processing Stats

File Path                                PID    Runtime      # DAGs    # Errors  Last Runtime    Last Run
---------------------------------------  -----  ---------  --------  ----------  --------------  -------------------
/opt/airflow/dags/minio_to_snowflake.py                           1           0  1.32s           2026-06-04T00:37:10
================================================================================
[2026-06-04T00:37:56.792+0000] {manager.py:878} INFO - 
================================================================================
DAG File Processing Stats

File Path                                PID    Runtime      # DAGs    # Errors  Last Runtime    Last Run
---------------------------------------  -----  ---------  --------  ----------  --------------  -------------------
/opt/airflow/dags/minio_to_snowflake.py                           1           0  1.12s           2026-06-04T00:37:41
================================================================================
[2026-06-04T00:38:27.436+0000] {manager.py:878} INFO - 
================================================================================
DAG File Processing Stats

File Path                                PID    Runtime      # DAGs    # Errors  Last Runtime    Last Run
---------------------------------------  -----  ---------  --------  ----------  --------------  -------------------
/opt/airflow/dags/minio_to_snowflake.py                           1           0  1.19s           2026-06-04T00:38:13
================================================================================
[2026-06-04T00:38:57.833+0000] {manager.py:878} INFO - 
================================================================================
DAG File Processing Stats

File Path                                PID    Runtime      # DAGs    # Errors  Last Runtime    Last Run
---------------------------------------  -----  ---------  --------  ----------  --------------  -------------------
/opt/airflow/dags/minio_to_snowflake.py                           1           0  1.26s           2026-06-04T00:38:44
================================================================================
[2026-06-04T00:39:28.128+0000] {manager.py:878} INFO - 
================================================================================
DAG File Processing Stats

File Path                                PID    Runtime      # DAGs    # Errors  Last Runtime    Last Run
---------------------------------------  -----  ---------  --------  ----------  --------------  -------------------
/opt/airflow/dags/minio_to_snowflake.py                           1           0  1.20s           2026-06-04T00:39:16
================================================================================
[2026-06-04T00:39:58.347+0000] {manager.py:878} INFO - 
================================================================================
DAG File Processing Stats

File Path                                PID    Runtime      # DAGs    # Errors  Last Runtime    Last Run
---------------------------------------  -----  ---------  --------  ----------  --------------  -------------------
/opt/airflow/dags/minio_to_snowflake.py                           1           0  1.05s           2026-06-04T00:39:47
================================================================================
[2026-06-04T00:40:28.557+0000] {manager.py:878} INFO - 
================================================================================
DAG File Processing Stats

File Path                                PID    Runtime      # DAGs    # Errors  Last Runtime    Last Run
---------------------------------------  -----  ---------  --------  ----------  --------------  -------------------
/opt/airflow/dags/minio_to_snowflake.py                           1           0  1.38s           2026-06-04T00:40:18
================================================================================
[2026-06-04T00:40:59.251+0000] {manager.py:878} INFO - 
================================================================================
DAG File Processing Stats

File Path                                PID    Runtime      # DAGs    # Errors  Last Runtime    Last Run
---------------------------------------  -----  ---------  --------  ----------  --------------  -------------------
/opt/airflow/dags/minio_to_snowflake.py                           1           0  1.31s           2026-06-04T00:40:50
================================================================================
[2026-06-04T00:41:30.081+0000] {manager.py:878} INFO - 
================================================================================
DAG File Processing Stats

File Path                                PID    Runtime      # DAGs    # Errors  Last Runtime    Last Run
---------------------------------------  -----  ---------  --------  ----------  --------------  -------------------
/opt/airflow/dags/minio_to_snowflake.py                           1           0  2.21s           2026-06-04T00:41:23
================================================================================
[2026-06-04T00:42:00.411+0000] {manager.py:878} INFO - 
================================================================================
DAG File Processing Stats

File Path                                PID    Runtime      # DAGs    # Errors  Last Runtime    Last Run
---------------------------------------  -----  ---------  --------  ----------  --------------  -------------------
/opt/airflow/dags/minio_to_snowflake.py                           1           0  1.29s           2026-06-04T00:41:54
================================================================================
[2026-06-04T00:42:04.434+0000] {manager.py:737} INFO - Searching for files in /opt/airflow/dags
[2026-06-04T00:42:04.457+0000] {manager.py:740} INFO - There are 1 files in /opt/airflow/dags
[2026-06-04T00:42:30.668+0000] {manager.py:878} INFO - 
================================================================================
DAG File Processing Stats

File Path                                PID    Runtime      # DAGs    # Errors  Last Runtime    Last Run
---------------------------------------  -----  ---------  --------  ----------  --------------  -------------------
/opt/airflow/dags/minio_to_snowflake.py                           1           0  1.20s           2026-06-04T00:42:25
================================================================================
[2026-06-04T00:43:01.151+0000] {manager.py:878} INFO - 
================================================================================
DAG File Processing Stats

File Path                                PID    Runtime      # DAGs    # Errors  Last Runtime    Last Run
---------------------------------------  -----  ---------  --------  ----------  --------------  -------------------
/opt/airflow/dags/minio_to_snowflake.py                           1           0  1.20s           2026-06-04T00:42:57
================================================================================
[2026-06-04T00:43:31.573+0000] {manager.py:878} INFO - 
================================================================================
DAG File Processing Stats

File Path                                PID    Runtime      # DAGs    # Errors  Last Runtime    Last Run
---------------------------------------  -----  ---------  --------  ----------  --------------  -------------------
/opt/airflow/dags/minio_to_snowflake.py                           1           0  1.22s           2026-06-04T00:43:28
================================================================================
[2026-06-04T00:44:01.793+0000] {manager.py:878} INFO - 
================================================================================
DAG File Processing Stats

File Path                                PID    Runtime      # DAGs    # Errors  Last Runtime    Last Run
---------------------------------------  -----  ---------  --------  ----------  --------------  -------------------
/opt/airflow/dags/minio_to_snowflake.py                           1           0  1.13s           2026-06-04T00:43:59
================================================================================
[2026-06-04T00:44:32.137+0000] {manager.py:878} INFO - 
================================================================================
DAG File Processing Stats

File Path                                PID    Runtime      # DAGs    # Errors  Last Runtime    Last Run
---------------------------------------  -----  ---------  --------  ----------  --------------  -------------------
/opt/airflow/dags/minio_to_snowflake.py                           1           0  1.56s           2026-06-04T00:44:31
================================================================================
[2026-06-04T00:45:02.330+0000] {manager.py:878} INFO - 
================================================================================
DAG File Processing Stats

File Path                                  PID  Runtime      # DAGs    # Errors  Last Runtime    Last Run
---------------------------------------  -----  ---------  --------  ----------  --------------  -------------------
/opt/airflow/dags/minio_to_snowflake.py   9203  0.53s             1           0  1.56s           2026-06-04T00:44:31
================================================================================
[2026-06-04T00:45:33.042+0000] {manager.py:878} INFO - 
================================================================================
DAG File Processing Stats

File Path                                  PID  Runtime      # DAGs    # Errors  Last Runtime    Last Run
---------------------------------------  -----  ---------  --------  ----------  --------------  -------------------
/opt/airflow/dags/minio_to_snowflake.py   9287  0.01s             1           0  1.09s           2026-06-04T00:45:02
================================================================================
[2026-06-04T00:46:03.308+0000] {manager.py:878} INFO - 
================================================================================
DAG File Processing Stats

File Path                                PID    Runtime      # DAGs    # Errors  Last Runtime    Last Run
---------------------------------------  -----  ---------  --------  ----------  --------------  -------------------
/opt/airflow/dags/minio_to_snowflake.py                           1           0  1.19s           2026-06-04T00:45:34
================================================================================
[2026-06-04T00:46:33.631+0000] {manager.py:878} INFO - 
================================================================================
DAG File Processing Stats

File Path                                PID    Runtime      # DAGs    # Errors  Last Runtime    Last Run
---------------------------------------  -----  ---------  --------  ----------  --------------  -------------------
/opt/airflow/dags/minio_to_snowflake.py                           1           0  1.14s           2026-06-04T00:46:05
================================================================================
[2026-06-04T00:47:03.892+0000] {manager.py:878} INFO - 
================================================================================
DAG File Processing Stats

File Path                                PID    Runtime      # DAGs    # Errors  Last Runtime    Last Run
---------------------------------------  -----  ---------  --------  ----------  --------------  -------------------
/opt/airflow/dags/minio_to_snowflake.py                           1           0  1.11s           2026-06-04T00:46:36
================================================================================
[2026-06-04T00:47:04.899+0000] {manager.py:737} INFO - Searching for files in /opt/airflow/dags
[2026-06-04T00:47:04.926+0000] {manager.py:740} INFO - There are 1 files in /opt/airflow/dags
[2026-06-04T00:47:34.142+0000] {manager.py:878} INFO - 
================================================================================
DAG File Processing Stats

File Path                                PID    Runtime      # DAGs    # Errors  Last Runtime    Last Run
---------------------------------------  -----  ---------  --------  ----------  --------------  -------------------
/opt/airflow/dags/minio_to_snowflake.py                           1           0  1.17s           2026-06-04T00:47:08
================================================================================
[2026-06-04T00:48:04.482+0000] {manager.py:878} INFO - 
================================================================================
DAG File Processing Stats

File Path                                PID    Runtime      # DAGs    # Errors  Last Runtime    Last Run
---------------------------------------  -----  ---------  --------  ----------  --------------  -------------------
/opt/airflow/dags/minio_to_snowflake.py                           1           0  1.16s           2026-06-04T00:47:39
================================================================================
[2026-06-04T00:48:34.719+0000] {manager.py:878} INFO - 
================================================================================
DAG File Processing Stats

File Path                                PID    Runtime      # DAGs    # Errors  Last Runtime    Last Run
---------------------------------------  -----  ---------  --------  ----------  --------------  -------------------
/opt/airflow/dags/minio_to_snowflake.py                           1           0  1.14s           2026-06-04T00:48:10
================================================================================
[2026-06-04T00:49:05.038+0000] {manager.py:878} INFO - 
================================================================================
DAG File Processing Stats

File Path                                PID    Runtime      # DAGs    # Errors  Last Runtime    Last Run
---------------------------------------  -----  ---------  --------  ----------  --------------  -------------------
/opt/airflow/dags/minio_to_snowflake.py                           1           0  1.09s           2026-06-04T00:48:41
================================================================================
[2026-06-04T00:49:35.352+0000] {manager.py:878} INFO - 
================================================================================
DAG File Processing Stats

File Path                                PID    Runtime      # DAGs    # Errors  Last Runtime    Last Run
---------------------------------------  -----  ---------  --------  ----------  --------------  -------------------
/opt/airflow/dags/minio_to_snowflake.py                           1           0  1.10s           2026-06-04T00:49:13
================================================================================
[2026-06-04T00:50:05.592+0000] {manager.py:878} INFO - 
================================================================================
DAG File Processing Stats

File Path                                PID    Runtime      # DAGs    # Errors  Last Runtime    Last Run
---------------------------------------  -----  ---------  --------  ----------  --------------  -------------------
/opt/airflow/dags/minio_to_snowflake.py                           1           0  1.14s           2026-06-04T00:49:44
================================================================================
[2026-06-04T00:50:35.901+0000] {manager.py:878} INFO - 
================================================================================
DAG File Processing Stats

File Path                                PID    Runtime      # DAGs    # Errors  Last Runtime    Last Run
---------------------------------------  -----  ---------  --------  ----------  --------------  -------------------
/opt/airflow/dags/minio_to_snowflake.py                           1           0  1.18s           2026-06-04T00:50:15
================================================================================
[2026-06-04T00:51:06.142+0000] {manager.py:878} INFO - 
================================================================================
DAG File Processing Stats

File Path                                PID    Runtime      # DAGs    # Errors  Last Runtime    Last Run
---------------------------------------  -----  ---------  --------  ----------  --------------  -------------------
/opt/airflow/dags/minio_to_snowflake.py                           1           0  1.12s           2026-06-04T00:50:47
================================================================================
[2026-06-04T00:51:36.422+0000] {manager.py:878} INFO - 
================================================================================
DAG File Processing Stats

File Path                                PID    Runtime      # DAGs    # Errors  Last Runtime    Last Run
---------------------------------------  -----  ---------  --------  ----------  --------------  -------------------
/opt/airflow/dags/minio_to_snowflake.py                           1           0  1.21s           2026-06-04T00:51:18
================================================================================
[2026-06-04T00:52:05.774+0000] {manager.py:737} INFO - Searching for files in /opt/airflow/dags
[2026-06-04T00:52:05.852+0000] {manager.py:740} INFO - There are 1 files in /opt/airflow/dags
[2026-06-04T00:52:06.873+0000] {manager.py:878} INFO - 
================================================================================
DAG File Processing Stats

File Path                                PID    Runtime      # DAGs    # Errors  Last Runtime    Last Run
---------------------------------------  -----  ---------  --------  ----------  --------------  -------------------
/opt/airflow/dags/minio_to_snowflake.py                           1           0  1.18s           2026-06-04T00:51:49
================================================================================
[2026-06-04T00:52:37.122+0000] {manager.py:878} INFO - 
================================================================================
DAG File Processing Stats

File Path                                PID    Runtime      # DAGs    # Errors  Last Runtime    Last Run
---------------------------------------  -----  ---------  --------  ----------  --------------  -------------------
/opt/airflow/dags/minio_to_snowflake.py                           1           0  1.15s           2026-06-04T00:52:21
================================================================================
[2026-06-04T00:53:07.447+0000] {manager.py:878} INFO - 
================================================================================
DAG File Processing Stats

File Path                                PID    Runtime      # DAGs    # Errors  Last Runtime    Last Run
---------------------------------------  -----  ---------  --------  ----------  --------------  -------------------
/opt/airflow/dags/minio_to_snowflake.py                           1           0  1.18s           2026-06-04T00:52:52
================================================================================
[2026-06-04T00:53:37.725+0000] {manager.py:878} INFO - 
================================================================================
DAG File Processing Stats

File Path                                PID    Runtime      # DAGs    # Errors  Last Runtime    Last Run
---------------------------------------  -----  ---------  --------  ----------  --------------  -------------------
/opt/airflow/dags/minio_to_snowflake.py                           1           0  1.08s           2026-06-04T00:53:23
================================================================================
[2026-06-04T00:54:07.979+0000] {manager.py:878} INFO - 
================================================================================
DAG File Processing Stats

File Path                                PID    Runtime      # DAGs    # Errors  Last Runtime    Last Run
---------------------------------------  -----  ---------  --------  ----------  --------------  -------------------
/opt/airflow/dags/minio_to_snowflake.py                           1           0  1.11s           2026-06-04T00:53:54
================================================================================
[2026-06-04T00:54:38.267+0000] {manager.py:878} INFO - 
================================================================================
DAG File Processing Stats

File Path                                PID    Runtime      # DAGs    # Errors  Last Runtime    Last Run
---------------------------------------  -----  ---------  --------  ----------  --------------  -------------------
/opt/airflow/dags/minio_to_snowflake.py                           1           0  1.19s           2026-06-04T00:54:26
================================================================================
[2026-06-04T00:55:08.571+0000] {manager.py:878} INFO - 
================================================================================
DAG File Processing Stats

File Path                                PID    Runtime      # DAGs    # Errors  Last Runtime    Last Run
---------------------------------------  -----  ---------  --------  ----------  --------------  -------------------
/opt/airflow/dags/minio_to_snowflake.py                           1           0  1.13s           2026-06-04T00:54:57
================================================================================
[2026-06-04T00:55:38.791+0000] {manager.py:878} INFO - 
================================================================================
DAG File Processing Stats

File Path                                PID    Runtime      # DAGs    # Errors  Last Runtime    Last Run
---------------------------------------  -----  ---------  --------  ----------  --------------  -------------------
/opt/airflow/dags/minio_to_snowflake.py                           1           0  1.29s           2026-06-04T00:55:29
================================================================================
[2026-06-04T00:56:09.334+0000] {manager.py:878} INFO - 
================================================================================
DAG File Processing Stats

File Path                                PID    Runtime      # DAGs    # Errors  Last Runtime    Last Run
---------------------------------------  -----  ---------  --------  ----------  --------------  -------------------
/opt/airflow/dags/minio_to_snowflake.py                           1           0  1.29s           2026-06-04T00:56:00
================================================================================
[2026-06-04T00:56:39.723+0000] {manager.py:878} INFO - 
================================================================================
DAG File Processing Stats

File Path                                PID    Runtime      # DAGs    # Errors  Last Runtime    Last Run
---------------------------------------  -----  ---------  --------  ----------  --------------  -------------------
/opt/airflow/dags/minio_to_snowflake.py                           1           0  1.39s           2026-06-04T00:56:31
================================================================================
[2026-06-04T00:57:06.154+0000] {manager.py:737} INFO - Searching for files in /opt/airflow/dags
[2026-06-04T00:57:06.214+0000] {manager.py:740} INFO - There are 1 files in /opt/airflow/dags
[2026-06-04T00:57:10.272+0000] {manager.py:878} INFO - 
================================================================================
DAG File Processing Stats

File Path                                PID    Runtime      # DAGs    # Errors  Last Runtime    Last Run
---------------------------------------  -----  ---------  --------  ----------  --------------  -------------------
/opt/airflow/dags/minio_to_snowflake.py                           1           0  1.33s           2026-06-04T00:57:03
================================================================================
[2026-06-04T00:57:40.749+0000] {manager.py:878} INFO - 
================================================================================
DAG File Processing Stats

File Path                                PID    Runtime      # DAGs    # Errors  Last Runtime    Last Run
---------------------------------------  -----  ---------  --------  ----------  --------------  -------------------
/opt/airflow/dags/minio_to_snowflake.py                           1           0  1.08s           2026-06-04T00:57:34
================================================================================
[2026-06-04T00:58:10.999+0000] {manager.py:878} INFO - 
================================================================================
DAG File Processing Stats

File Path                                PID    Runtime      # DAGs    # Errors  Last Runtime    Last Run
---------------------------------------  -----  ---------  --------  ----------  --------------  -------------------
/opt/airflow/dags/minio_to_snowflake.py                           1           0  1.15s           2026-06-04T00:58:06
================================================================================
[2026-06-04T00:58:41.351+0000] {manager.py:878} INFO - 
================================================================================
DAG File Processing Stats

File Path                                PID    Runtime      # DAGs    # Errors  Last Runtime    Last Run
---------------------------------------  -----  ---------  --------  ----------  --------------  -------------------
/opt/airflow/dags/minio_to_snowflake.py                           1           0  1.18s           2026-06-04T00:58:37
================================================================================
[2026-06-04T00:59:11.612+0000] {manager.py:878} INFO - 
================================================================================
DAG File Processing Stats

File Path                                PID    Runtime      # DAGs    # Errors  Last Runtime    Last Run
---------------------------------------  -----  ---------  --------  ----------  --------------  -------------------
/opt/airflow/dags/minio_to_snowflake.py                           1           0  1.18s           2026-06-04T00:59:08
================================================================================
[2026-06-04T00:59:41.842+0000] {manager.py:878} INFO - 
================================================================================
DAG File Processing Stats

File Path                                PID    Runtime      # DAGs    # Errors  Last Runtime    Last Run
---------------------------------------  -----  ---------  --------  ----------  --------------  -------------------
/opt/airflow/dags/minio_to_snowflake.py                           1           0  1.10s           2026-06-04T00:59:39
================================================================================
[2026-06-04T01:00:12.107+0000] {manager.py:878} INFO - 
================================================================================
DAG File Processing Stats

File Path                                PID    Runtime      # DAGs    # Errors  Last Runtime    Last Run
---------------------------------------  -----  ---------  --------  ----------  --------------  -------------------
/opt/airflow/dags/minio_to_snowflake.py                           1           0  1.12s           2026-06-04T01:00:11
================================================================================
[2026-06-04T01:00:42.284+0000] {manager.py:878} INFO - 
================================================================================
DAG File Processing Stats

File Path                                  PID  Runtime      # DAGs    # Errors  Last Runtime    Last Run
---------------------------------------  -----  ---------  --------  ----------  --------------  -------------------
/opt/airflow/dags/minio_to_snowflake.py  16533  1.01s             1           0  1.12s           2026-06-04T01:00:11
================================================================================
[2026-06-04T01:01:12.561+0000] {manager.py:878} INFO - 
================================================================================
DAG File Processing Stats

File Path                                  PID  Runtime      # DAGs    # Errors  Last Runtime    Last Run
---------------------------------------  -----  ---------  --------  ----------  --------------  -------------------
/opt/airflow/dags/minio_to_snowflake.py  16636  0.01s             1           0  1.06s           2026-06-04T01:00:42
================================================================================
[2026-06-04T01:01:42.851+0000] {manager.py:878} INFO - 
================================================================================
DAG File Processing Stats

File Path                                PID    Runtime      # DAGs    # Errors  Last Runtime    Last Run
---------------------------------------  -----  ---------  --------  ----------  --------------  -------------------
/opt/airflow/dags/minio_to_snowflake.py                           1           0  1.13s           2026-06-04T01:01:13
================================================================================
[2026-06-04T01:02:06.317+0000] {manager.py:737} INFO - Searching for files in /opt/airflow/dags
[2026-06-04T01:02:06.373+0000] {manager.py:740} INFO - There are 1 files in /opt/airflow/dags
[2026-06-04T01:02:13.429+0000] {manager.py:878} INFO - 
================================================================================
DAG File Processing Stats

File Path                                PID    Runtime      # DAGs    # Errors  Last Runtime    Last Run
---------------------------------------  -----  ---------  --------  ----------  --------------  -------------------
/opt/airflow/dags/minio_to_snowflake.py                           1           0  1.36s           2026-06-04T01:01:45
================================================================================
[2026-06-04T01:02:43.663+0000] {manager.py:878} INFO - 
================================================================================
DAG File Processing Stats

File Path                                PID    Runtime      # DAGs    # Errors  Last Runtime    Last Run
---------------------------------------  -----  ---------  --------  ----------  --------------  -------------------
/opt/airflow/dags/minio_to_snowflake.py                           1           0  1.12s           2026-06-04T01:02:16
================================================================================
[2026-06-04T01:03:13.983+0000] {manager.py:878} INFO - 
================================================================================
DAG File Processing Stats

File Path                                PID    Runtime      # DAGs    # Errors  Last Runtime    Last Run
---------------------------------------  -----  ---------  --------  ----------  --------------  -------------------
/opt/airflow/dags/minio_to_snowflake.py                           1           0  1.10s           2026-06-04T01:02:47
================================================================================
[2026-06-04T01:03:44.222+0000] {manager.py:878} INFO - 
================================================================================
DAG File Processing Stats

File Path                                PID    Runtime      # DAGs    # Errors  Last Runtime    Last Run
---------------------------------------  -----  ---------  --------  ----------  --------------  -------------------
/opt/airflow/dags/minio_to_snowflake.py                           1           0  1.17s           2026-06-04T01:03:19
================================================================================
[2026-06-04T01:04:14.491+0000] {manager.py:878} INFO - 
================================================================================
DAG File Processing Stats

File Path                                PID    Runtime      # DAGs    # Errors  Last Runtime    Last Run
---------------------------------------  -----  ---------  --------  ----------  --------------  -------------------
/opt/airflow/dags/minio_to_snowflake.py                           1           0  1.08s           2026-06-04T01:03:50
================================================================================
[2026-06-04T01:04:44.783+0000] {manager.py:878} INFO - 
================================================================================
DAG File Processing Stats

File Path                                PID    Runtime      # DAGs    # Errors  Last Runtime    Last Run
---------------------------------------  -----  ---------  --------  ----------  --------------  -------------------
/opt/airflow/dags/minio_to_snowflake.py                           1           0  1.14s           2026-06-04T01:04:21
================================================================================
[2026-06-04T01:34:18.582+0000] {manager.py:737} INFO - Searching for files in /opt/airflow/dags
[2026-06-04T01:34:28.685+0000] {manager.py:740} INFO - There are 1 files in /opt/airflow/dags
[2026-06-04T01:34:32.333+0000] {manager.py:878} INFO - 
================================================================================
DAG File Processing Stats

File Path                                PID    Runtime      # DAGs    # Errors  Last Runtime    Last Run
---------------------------------------  -----  ---------  --------  ----------  --------------  -------------------
/opt/airflow/dags/minio_to_snowflake.py                           1           0  13.55s          2026-06-04T01:34:32
================================================================================
[2026-06-04T01:35:02.632+0000] {manager.py:878} INFO - 
================================================================================
DAG File Processing Stats

File Path                                  PID  Runtime      # DAGs    # Errors  Last Runtime    Last Run
---------------------------------------  -----  ---------  --------  ----------  --------------  -------------------
/opt/airflow/dags/minio_to_snowflake.py  19390  0.42s             1           0  13.55s          2026-06-04T01:34:32
================================================================================
[2026-06-04T01:35:32.929+0000] {manager.py:878} INFO - 
================================================================================
DAG File Processing Stats

File Path                                PID    Runtime      # DAGs    # Errors  Last Runtime    Last Run
---------------------------------------  -----  ---------  --------  ----------  --------------  -------------------
/opt/airflow/dags/minio_to_snowflake.py                           1           0  3.47s           2026-06-04T01:35:05
================================================================================
[2026-06-04T01:36:03.195+0000] {manager.py:878} INFO - 
================================================================================
DAG File Processing Stats

File Path                                PID    Runtime      # DAGs    # Errors  Last Runtime    Last Run
---------------------------------------  -----  ---------  --------  ----------  --------------  -------------------
/opt/airflow/dags/minio_to_snowflake.py                           1           0  1.32s           2026-06-04T01:35:37
================================================================================
[2026-06-04T01:36:33.764+0000] {manager.py:878} INFO - 
================================================================================
DAG File Processing Stats

File Path                                PID    Runtime      # DAGs    # Errors  Last Runtime    Last Run
---------------------------------------  -----  ---------  --------  ----------  --------------  -------------------
/opt/airflow/dags/minio_to_snowflake.py                           1           0  1.16s           2026-06-04T01:36:08
================================================================================
[2026-06-04T01:37:04.100+0000] {manager.py:878} INFO - 
================================================================================
DAG File Processing Stats

File Path                                PID    Runtime      # DAGs    # Errors  Last Runtime    Last Run
---------------------------------------  -----  ---------  --------  ----------  --------------  -------------------
/opt/airflow/dags/minio_to_snowflake.py                           1           0  1.19s           2026-06-04T01:36:39
================================================================================
[2026-06-04T01:37:34.339+0000] {manager.py:878} INFO - 
================================================================================
DAG File Processing Stats

File Path                                PID    Runtime      # DAGs    # Errors  Last Runtime    Last Run
---------------------------------------  -----  ---------  --------  ----------  --------------  -------------------
/opt/airflow/dags/minio_to_snowflake.py                           1           0  1.21s           2026-06-04T01:37:11
================================================================================
[2026-06-04T01:38:04.592+0000] {manager.py:878} INFO - 
================================================================================
DAG File Processing Stats

File Path                                PID    Runtime      # DAGs    # Errors  Last Runtime    Last Run
---------------------------------------  -----  ---------  --------  ----------  --------------  -------------------
/opt/airflow/dags/minio_to_snowflake.py                           1           0  1.07s           2026-06-04T01:37:42
================================================================================
[2026-06-04T01:38:34.866+0000] {manager.py:878} INFO - 
================================================================================
DAG File Processing Stats

File Path                                PID    Runtime      # DAGs    # Errors  Last Runtime    Last Run
---------------------------------------  -----  ---------  --------  ----------  --------------  -------------------
/opt/airflow/dags/minio_to_snowflake.py                           1           0  1.16s           2026-06-04T01:38:13
================================================================================
[2026-06-04T01:39:05.154+0000] {manager.py:878} INFO - 
================================================================================
DAG File Processing Stats

File Path                                PID    Runtime      # DAGs    # Errors  Last Runtime    Last Run
---------------------------------------  -----  ---------  --------  ----------  --------------  -------------------
/opt/airflow/dags/minio_to_snowflake.py                           1           0  1.15s           2026-06-04T01:38:45
================================================================================
[2026-06-04T01:39:19.293+0000] {manager.py:737} INFO - Searching for files in /opt/airflow/dags
[2026-06-04T01:39:19.334+0000] {manager.py:740} INFO - There are 1 files in /opt/airflow/dags
[2026-06-04T01:39:35.476+0000] {manager.py:878} INFO - 
================================================================================
DAG File Processing Stats

File Path                                PID    Runtime      # DAGs    # Errors  Last Runtime    Last Run
---------------------------------------  -----  ---------  --------  ----------  --------------  -------------------
/opt/airflow/dags/minio_to_snowflake.py                           1           0  1.12s           2026-06-04T01:39:16
================================================================================
[2026-06-04T01:40:05.770+0000] {manager.py:878} INFO - 
================================================================================
DAG File Processing Stats

File Path                                PID    Runtime      # DAGs    # Errors  Last Runtime    Last Run
---------------------------------------  -----  ---------  --------  ----------  --------------  -------------------
/opt/airflow/dags/minio_to_snowflake.py                           1           0  1.10s           2026-06-04T01:39:47
================================================================================
[2026-06-04T01:40:35.854+0000] {manager.py:878} INFO - 
================================================================================
DAG File Processing Stats

File Path                                PID    Runtime      # DAGs    # Errors  Last Runtime    Last Run
---------------------------------------  -----  ---------  --------  ----------  --------------  -------------------
/opt/airflow/dags/minio_to_snowflake.py                           1           0  1.83s           2026-06-04T01:40:19
================================================================================
[2026-06-04T01:41:06.095+0000] {manager.py:878} INFO - 
================================================================================
DAG File Processing Stats

File Path                                PID    Runtime      # DAGs    # Errors  Last Runtime    Last Run
---------------------------------------  -----  ---------  --------  ----------  --------------  -------------------
/opt/airflow/dags/minio_to_snowflake.py                           1           0  1.26s           2026-06-04T01:40:51
================================================================================
[2026-06-04T01:41:36.551+0000] {manager.py:878} INFO - 
================================================================================
DAG File Processing Stats

File Path                                PID    Runtime      # DAGs    # Errors  Last Runtime    Last Run
---------------------------------------  -----  ---------  --------  ----------  --------------  -------------------
/opt/airflow/dags/minio_to_snowflake.py                           1           0  1.19s           2026-06-04T01:41:22
================================================================================
[2026-06-04T01:42:06.829+0000] {manager.py:878} INFO - 
================================================================================
DAG File Processing Stats

File Path                                PID    Runtime      # DAGs    # Errors  Last Runtime    Last Run
---------------------------------------  -----  ---------  --------  ----------  --------------  -------------------
/opt/airflow/dags/minio_to_snowflake.py                           1           0  1.10s           2026-06-04T01:41:53
================================================================================
[2026-06-04T01:42:37.126+0000] {manager.py:878} INFO - 
================================================================================
DAG File Processing Stats

File Path                                PID    Runtime      # DAGs    # Errors  Last Runtime    Last Run
---------------------------------------  -----  ---------  --------  ----------  --------------  -------------------
/opt/airflow/dags/minio_to_snowflake.py                           1           0  1.42s           2026-06-04T01:42:25
================================================================================
[2026-06-04T01:43:07.831+0000] {manager.py:878} INFO - 
================================================================================
DAG File Processing Stats

File Path                                PID    Runtime      # DAGs    # Errors  Last Runtime    Last Run
---------------------------------------  -----  ---------  --------  ----------  --------------  -------------------
/opt/airflow/dags/minio_to_snowflake.py                           1           0  1.25s           2026-06-04T01:42:56
================================================================================
[2026-06-04T01:43:38.232+0000] {manager.py:878} INFO - 
================================================================================
DAG File Processing Stats

File Path                                PID    Runtime      # DAGs    # Errors  Last Runtime    Last Run
---------------------------------------  -----  ---------  --------  ----------  --------------  -------------------
/opt/airflow/dags/minio_to_snowflake.py                           1           0  1.10s           2026-06-04T01:43:28
================================================================================
[2026-06-04T01:44:08.552+0000] {manager.py:878} INFO - 
================================================================================
DAG File Processing Stats

File Path                                PID    Runtime      # DAGs    # Errors  Last Runtime    Last Run
---------------------------------------  -----  ---------  --------  ----------  --------------  -------------------
/opt/airflow/dags/minio_to_snowflake.py                           1           0  1.16s           2026-06-04T01:43:59
================================================================================
[2026-06-04T01:44:19.642+0000] {manager.py:737} INFO - Searching for files in /opt/airflow/dags
[2026-06-04T01:44:19.667+0000] {manager.py:740} INFO - There are 1 files in /opt/airflow/dags
[2026-06-04T01:44:38.904+0000] {manager.py:878} INFO - 
================================================================================
DAG File Processing Stats

File Path                                PID    Runtime      # DAGs    # Errors  Last Runtime    Last Run
---------------------------------------  -----  ---------  --------  ----------  --------------  -------------------
/opt/airflow/dags/minio_to_snowflake.py                           1           0  1.12s           2026-06-04T01:44:30
================================================================================
[2026-06-04T01:45:09.676+0000] {manager.py:878} INFO - 
================================================================================
DAG File Processing Stats

File Path                                PID    Runtime      # DAGs    # Errors  Last Runtime    Last Run
---------------------------------------  -----  ---------  --------  ----------  --------------  -------------------
/opt/airflow/dags/minio_to_snowflake.py                           1           0  1.17s           2026-06-04T01:45:02
================================================================================
[2026-06-04T01:45:39.919+0000] {manager.py:878} INFO - 
================================================================================
DAG File Processing Stats

File Path                                PID    Runtime      # DAGs    # Errors  Last Runtime    Last Run
---------------------------------------  -----  ---------  --------  ----------  --------------  -------------------
/opt/airflow/dags/minio_to_snowflake.py                           1           0  1.01s           2026-06-04T01:45:33
================================================================================
[2026-06-04T01:46:10.210+0000] {manager.py:878} INFO - 
================================================================================
DAG File Processing Stats

File Path                                PID    Runtime      # DAGs    # Errors  Last Runtime    Last Run
---------------------------------------  -----  ---------  --------  ----------  --------------  -------------------
/opt/airflow/dags/minio_to_snowflake.py                           1           0  1.63s           2026-06-04T01:46:05
================================================================================
[2026-06-04T01:46:41.075+0000] {manager.py:878} INFO - 
================================================================================
DAG File Processing Stats

File Path                                PID    Runtime      # DAGs    # Errors  Last Runtime    Last Run
---------------------------------------  -----  ---------  --------  ----------  --------------  -------------------
/opt/airflow/dags/minio_to_snowflake.py                           1           0  1.06s           2026-06-04T01:46:37
================================================================================
[2026-06-04T01:47:11.242+0000] {manager.py:878} INFO - 
================================================================================
DAG File Processing Stats

File Path                                PID    Runtime      # DAGs    # Errors  Last Runtime    Last Run
---------------------------------------  -----  ---------  --------  ----------  --------------  -------------------
/opt/airflow/dags/minio_to_snowflake.py                           1           0  1.95s           2026-06-04T01:47:09
================================================================================
[2026-06-04T01:47:41.437+0000] {manager.py:878} INFO - 
================================================================================
DAG File Processing Stats

File Path                                PID    Runtime      # DAGs    # Errors  Last Runtime    Last Run
---------------------------------------  -----  ---------  --------  ----------  --------------  -------------------
/opt/airflow/dags/minio_to_snowflake.py                           1           0  1.03s           2026-06-04T01:47:40
================================================================================
[2026-06-04T01:48:11.708+0000] {manager.py:878} INFO - 
================================================================================
DAG File Processing Stats

File Path                                  PID  Runtime      # DAGs    # Errors  Last Runtime    Last Run
---------------------------------------  -----  ---------  --------  ----------  --------------  -------------------
/opt/airflow/dags/minio_to_snowflake.py  23294  1.02s             1           0  1.03s           2026-06-04T01:47:40
================================================================================
[2026-06-04T01:48:41.979+0000] {manager.py:878} INFO - 
================================================================================
DAG File Processing Stats

File Path                                  PID  Runtime      # DAGs    # Errors  Last Runtime    Last Run
---------------------------------------  -----  ---------  --------  ----------  --------------  -------------------
/opt/airflow/dags/minio_to_snowflake.py  23372  0.01s             1           0  1.06s           2026-06-04T01:48:11
================================================================================
[2026-06-04T01:49:12.219+0000] {manager.py:878} INFO - 
================================================================================
DAG File Processing Stats

File Path                                PID    Runtime      # DAGs    # Errors  Last Runtime    Last Run
---------------------------------------  -----  ---------  --------  ----------  --------------  -------------------
/opt/airflow/dags/minio_to_snowflake.py                           1           0  1.21s           2026-06-04T01:48:43
================================================================================
[2026-06-04T01:49:19.741+0000] {manager.py:737} INFO - Searching for files in /opt/airflow/dags
[2026-06-04T01:49:19.784+0000] {manager.py:740} INFO - There are 1 files in /opt/airflow/dags
[2026-06-04T01:49:42.537+0000] {manager.py:878} INFO - 
================================================================================
DAG File Processing Stats

File Path                                PID    Runtime      # DAGs    # Errors  Last Runtime    Last Run
---------------------------------------  -----  ---------  --------  ----------  --------------  -------------------
/opt/airflow/dags/minio_to_snowflake.py                           1           0  1.48s           2026-06-04T01:49:14
================================================================================
[2026-06-04T01:50:13.209+0000] {manager.py:878} INFO - 
================================================================================
DAG File Processing Stats

File Path                                PID    Runtime      # DAGs    # Errors  Last Runtime    Last Run
---------------------------------------  -----  ---------  --------  ----------  --------------  -------------------
/opt/airflow/dags/minio_to_snowflake.py                           1           0  1.20s           2026-06-04T01:49:46
================================================================================
[2026-06-04T01:50:43.614+0000] {manager.py:878} INFO - 
================================================================================
DAG File Processing Stats

File Path                                PID    Runtime      # DAGs    # Errors  Last Runtime    Last Run
---------------------------------------  -----  ---------  --------  ----------  --------------  -------------------
/opt/airflow/dags/minio_to_snowflake.py                           1           0  1.48s           2026-06-04T01:50:17
================================================================================
[2026-06-04T01:51:14.111+0000] {manager.py:878} INFO - 
================================================================================
DAG File Processing Stats

File Path                                PID    Runtime      # DAGs    # Errors  Last Runtime    Last Run
---------------------------------------  -----  ---------  --------  ----------  --------------  -------------------
/opt/airflow/dags/minio_to_snowflake.py                           1           0  1.07s           2026-06-04T01:50:48
================================================================================
[2026-06-04T01:51:44.414+0000] {manager.py:878} INFO - 
================================================================================
DAG File Processing Stats

File Path                                PID    Runtime      # DAGs    # Errors  Last Runtime    Last Run
---------------------------------------  -----  ---------  --------  ----------  --------------  -------------------
/opt/airflow/dags/minio_to_snowflake.py                           1           0  1.39s           2026-06-04T01:51:20
================================================================================
[2026-06-04T01:52:14.979+0000] {manager.py:878} INFO - 
================================================================================
DAG File Processing Stats

File Path                                PID    Runtime      # DAGs    # Errors  Last Runtime    Last Run
---------------------------------------  -----  ---------  --------  ----------  --------------  -------------------
/opt/airflow/dags/minio_to_snowflake.py                           1           0  1.08s           2026-06-04T01:51:51
================================================================================
[2026-06-04T01:52:45.215+0000] {manager.py:878} INFO - 
================================================================================
DAG File Processing Stats

File Path                                PID    Runtime      # DAGs    # Errors  Last Runtime    Last Run
---------------------------------------  -----  ---------  --------  ----------  --------------  -------------------
/opt/airflow/dags/minio_to_snowflake.py                           1           0  1.03s           2026-06-04T01:52:23
================================================================================
[2026-06-04T01:53:15.519+0000] {manager.py:878} INFO - 
================================================================================
DAG File Processing Stats

File Path                                PID    Runtime      # DAGs    # Errors  Last Runtime    Last Run
---------------------------------------  -----  ---------  --------  ----------  --------------  -------------------
/opt/airflow/dags/minio_to_snowflake.py                           1           0  1.09s           2026-06-04T01:52:54
================================================================================
[2026-06-04T01:53:45.756+0000] {manager.py:878} INFO - 
================================================================================
DAG File Processing Stats

File Path                                PID    Runtime      # DAGs    # Errors  Last Runtime    Last Run
---------------------------------------  -----  ---------  --------  ----------  --------------  -------------------
/opt/airflow/dags/minio_to_snowflake.py                           1           0  1.25s           2026-06-04T01:53:25
================================================================================
[2026-06-04T01:54:16.276+0000] {manager.py:878} INFO - 
================================================================================
DAG File Processing Stats

File Path                                PID    Runtime      # DAGs    # Errors  Last Runtime    Last Run
---------------------------------------  -----  ---------  --------  ----------  --------------  -------------------
/opt/airflow/dags/minio_to_snowflake.py                           1           0  1.08s           2026-06-04T01:53:57
================================================================================
[2026-06-04T01:54:20.299+0000] {manager.py:737} INFO - Searching for files in /opt/airflow/dags
[2026-06-04T01:54:20.334+0000] {manager.py:740} INFO - There are 1 files in /opt/airflow/dags
[2026-06-04T01:54:46.578+0000] {manager.py:878} INFO - 
================================================================================
DAG File Processing Stats

File Path                                PID    Runtime      # DAGs    # Errors  Last Runtime    Last Run
---------------------------------------  -----  ---------  --------  ----------  --------------  -------------------
/opt/airflow/dags/minio_to_snowflake.py                           1           0  1.12s           2026-06-04T01:54:28
================================================================================
[2026-06-04T01:55:16.882+0000] {manager.py:878} INFO - 
================================================================================
DAG File Processing Stats

File Path                                PID    Runtime      # DAGs    # Errors  Last Runtime    Last Run
---------------------------------------  -----  ---------  --------  ----------  --------------  -------------------
/opt/airflow/dags/minio_to_snowflake.py                           1           0  1.12s           2026-06-04T01:54:59
================================================================================
[2026-06-04T01:55:47.138+0000] {manager.py:878} INFO - 
================================================================================
DAG File Processing Stats

File Path                                PID    Runtime      # DAGs    # Errors  Last Runtime    Last Run
---------------------------------------  -----  ---------  --------  ----------  --------------  -------------------
/opt/airflow/dags/minio_to_snowflake.py                           1           0  1.00s           2026-06-04T01:55:30
================================================================================
[2026-06-04T01:56:17.443+0000] {manager.py:878} INFO - 
================================================================================
DAG File Processing Stats

File Path                                PID    Runtime      # DAGs    # Errors  Last Runtime    Last Run
---------------------------------------  -----  ---------  --------  ----------  --------------  -------------------
/opt/airflow/dags/minio_to_snowflake.py                           1           0  1.07s           2026-06-04T01:56:02
================================================================================
[2026-06-04T01:56:47.677+0000] {manager.py:878} INFO - 
================================================================================
DAG File Processing Stats

File Path                                PID    Runtime      # DAGs    # Errors  Last Runtime    Last Run
---------------------------------------  -----  ---------  --------  ----------  --------------  -------------------
/opt/airflow/dags/minio_to_snowflake.py                           1           0  1.05s           2026-06-04T01:56:33
================================================================================
[2026-06-04T01:57:17.892+0000] {manager.py:878} INFO - 
================================================================================
DAG File Processing Stats

File Path                                PID    Runtime      # DAGs    # Errors  Last Runtime    Last Run
---------------------------------------  -----  ---------  --------  ----------  --------------  -------------------
/opt/airflow/dags/minio_to_snowflake.py                           1           0  1.02s           2026-06-04T01:57:04
================================================================================
[2026-06-04T01:57:48.107+0000] {manager.py:878} INFO - 
================================================================================
DAG File Processing Stats

File Path                                PID    Runtime      # DAGs    # Errors  Last Runtime    Last Run
---------------------------------------  -----  ---------  --------  ----------  --------------  -------------------
/opt/airflow/dags/minio_to_snowflake.py                           1           0  1.39s           2026-06-04T01:57:36
================================================================================
[2026-06-04T01:58:18.776+0000] {manager.py:878} INFO - 
================================================================================
DAG File Processing Stats

File Path                                PID    Runtime      # DAGs    # Errors  Last Runtime    Last Run
---------------------------------------  -----  ---------  --------  ----------  --------------  -------------------
/opt/airflow/dags/minio_to_snowflake.py                           1           0  1.20s           2026-06-04T01:58:07
================================================================================
[2026-06-04T01:58:49.016+0000] {manager.py:878} INFO - 
================================================================================
DAG File Processing Stats

File Path                                PID    Runtime      # DAGs    # Errors  Last Runtime    Last Run
---------------------------------------  -----  ---------  --------  ----------  --------------  -------------------
/opt/airflow/dags/minio_to_snowflake.py                           1           0  1.12s           2026-06-04T01:58:39
================================================================================
[2026-06-04T01:59:19.330+0000] {manager.py:878} INFO - 
================================================================================
DAG File Processing Stats

File Path                                PID    Runtime      # DAGs    # Errors  Last Runtime    Last Run
---------------------------------------  -----  ---------  --------  ----------  --------------  -------------------
/opt/airflow/dags/minio_to_snowflake.py                           1           0  1.31s           2026-06-04T01:59:10
================================================================================
[2026-06-04T01:59:20.335+0000] {manager.py:737} INFO - Searching for files in /opt/airflow/dags
[2026-06-04T01:59:20.360+0000] {manager.py:740} INFO - There are 1 files in /opt/airflow/dags
[2026-06-04T01:59:49.642+0000] {manager.py:878} INFO - 
================================================================================
DAG File Processing Stats

File Path                                PID    Runtime      # DAGs    # Errors  Last Runtime    Last Run
---------------------------------------  -----  ---------  --------  ----------  --------------  -------------------
/opt/airflow/dags/minio_to_snowflake.py                           1           0  1.11s           2026-06-04T01:59:41
================================================================================
[2026-06-04T02:00:19.913+0000] {manager.py:878} INFO - 
================================================================================
DAG File Processing Stats

File Path                                PID    Runtime      # DAGs    # Errors  Last Runtime    Last Run
---------------------------------------  -----  ---------  --------  ----------  --------------  -------------------
/opt/airflow/dags/minio_to_snowflake.py                           1           0  1.22s           2026-06-04T02:00:13
================================================================================
[2026-06-04T02:00:50.106+0000] {manager.py:878} INFO - 
================================================================================
DAG File Processing Stats

File Path                                PID    Runtime      # DAGs    # Errors  Last Runtime    Last Run
---------------------------------------  -----  ---------  --------  ----------  --------------  -------------------
/opt/airflow/dags/minio_to_snowflake.py                           1           0  1.05s           2026-06-04T02:00:44
================================================================================
[2026-06-04T02:01:20.339+0000] {manager.py:878} INFO - 
================================================================================
DAG File Processing Stats

File Path                                PID    Runtime      # DAGs    # Errors  Last Runtime    Last Run
---------------------------------------  -----  ---------  --------  ----------  --------------  -------------------
/opt/airflow/dags/minio_to_snowflake.py                           1           0  1.08s           2026-06-04T02:01:15
================================================================================
[2026-06-04T02:01:50.640+0000] {manager.py:878} INFO - 
================================================================================
DAG File Processing Stats

File Path                                PID    Runtime      # DAGs    # Errors  Last Runtime    Last Run
---------------------------------------  -----  ---------  --------  ----------  --------------  -------------------
/opt/airflow/dags/minio_to_snowflake.py                           1           0  1.20s           2026-06-04T02:01:46
================================================================================
[2026-06-04T02:02:21.001+0000] {manager.py:878} INFO - 
================================================================================
DAG File Processing Stats

File Path                                PID    Runtime      # DAGs    # Errors  Last Runtime    Last Run
---------------------------------------  -----  ---------  --------  ----------  --------------  -------------------
/opt/airflow/dags/minio_to_snowflake.py                           1           0  1.16s           2026-06-04T02:02:18
================================================================================
[2026-06-04T02:02:51.279+0000] {manager.py:878} INFO - 
================================================================================
DAG File Processing Stats

File Path                                PID    Runtime      # DAGs    # Errors  Last Runtime    Last Run
---------------------------------------  -----  ---------  --------  ----------  --------------  -------------------
/opt/airflow/dags/minio_to_snowflake.py                           1           0  1.10s           2026-06-04T02:02:49
================================================================================
[2026-06-04T02:03:21.558+0000] {manager.py:878} INFO - 
================================================================================
DAG File Processing Stats

File Path                                PID    Runtime      # DAGs    # Errors  Last Runtime    Last Run
---------------------------------------  -----  ---------  --------  ----------  --------------  -------------------
/opt/airflow/dags/minio_to_snowflake.py                           1           0  1.13s           2026-06-04T02:03:20
================================================================================
[2026-06-04T02:03:51.775+0000] {manager.py:878} INFO - 
================================================================================
DAG File Processing Stats

File Path                                  PID  Runtime      # DAGs    # Errors  Last Runtime    Last Run
---------------------------------------  -----  ---------  --------  ----------  --------------  -------------------
/opt/airflow/dags/minio_to_snowflake.py  28777  1.01s             1           0  1.13s           2026-06-04T02:03:20
================================================================================
[2026-06-04T02:04:21.029+0000] {manager.py:737} INFO - Searching for files in /opt/airflow/dags
[2026-06-04T02:04:21.058+0000] {manager.py:740} INFO - There are 1 files in /opt/airflow/dags
[2026-06-04T02:04:22.101+0000] {manager.py:878} INFO - 
================================================================================
DAG File Processing Stats

File Path                                  PID  Runtime      # DAGs    # Errors  Last Runtime    Last Run
---------------------------------------  -----  ---------  --------  ----------  --------------  -------------------
/opt/airflow/dags/minio_to_snowflake.py  28852  0.00s             1           0  1.10s           2026-06-04T02:03:51
================================================================================
[2026-06-04T02:04:52.295+0000] {manager.py:878} INFO - 
================================================================================
DAG File Processing Stats

File Path                                PID    Runtime      # DAGs    # Errors  Last Runtime    Last Run
---------------------------------------  -----  ---------  --------  ----------  --------------  -------------------
/opt/airflow/dags/minio_to_snowflake.py                           1           0  1.10s           2026-06-04T02:04:23
================================================================================
[2026-06-04T02:05:22.605+0000] {manager.py:878} INFO - 
================================================================================
DAG File Processing Stats

File Path                                PID    Runtime      # DAGs    # Errors  Last Runtime    Last Run
---------------------------------------  -----  ---------  --------  ----------  --------------  -------------------
/opt/airflow/dags/minio_to_snowflake.py                           1           0  1.25s           2026-06-04T02:04:54
================================================================================
[2026-06-04T02:05:53.065+0000] {manager.py:878} INFO - 
================================================================================
DAG File Processing Stats

File Path                                PID    Runtime      # DAGs    # Errors  Last Runtime    Last Run
---------------------------------------  -----  ---------  --------  ----------  --------------  -------------------
/opt/airflow/dags/minio_to_snowflake.py                           1           0  1.39s           2026-06-04T02:05:26
================================================================================
[2026-06-04T02:06:23.638+0000] {manager.py:878} INFO - 
================================================================================
DAG File Processing Stats

File Path                                PID    Runtime      # DAGs    # Errors  Last Runtime    Last Run
---------------------------------------  -----  ---------  --------  ----------  --------------  -------------------
/opt/airflow/dags/minio_to_snowflake.py                           1           0  1.28s           2026-06-04T02:05:57
================================================================================
[2026-06-04T02:06:54.205+0000] {manager.py:878} INFO - 
================================================================================
DAG File Processing Stats

File Path                                PID    Runtime      # DAGs    # Errors  Last Runtime    Last Run
---------------------------------------  -----  ---------  --------  ----------  --------------  -------------------
/opt/airflow/dags/minio_to_snowflake.py                           1           0  1.38s           2026-06-04T02:06:29
================================================================================
[2026-06-04T02:07:24.840+0000] {manager.py:878} INFO - 
================================================================================
DAG File Processing Stats

File Path                                PID    Runtime      # DAGs    # Errors  Last Runtime    Last Run
---------------------------------------  -----  ---------  --------  ----------  --------------  -------------------
/opt/airflow/dags/minio_to_snowflake.py                           1           0  1.19s           2026-06-04T02:07:00
================================================================================
[2026-06-04T02:07:55.078+0000] {manager.py:878} INFO - 
================================================================================
DAG File Processing Stats

File Path                                PID    Runtime      # DAGs    # Errors  Last Runtime    Last Run
---------------------------------------  -----  ---------  --------  ----------  --------------  -------------------
/opt/airflow/dags/minio_to_snowflake.py                           1           0  1.11s           2026-06-04T02:07:32
================================================================================
[2026-06-04T02:08:25.331+0000] {manager.py:878} INFO - 
================================================================================
DAG File Processing Stats

File Path                                PID    Runtime      # DAGs    # Errors  Last Runtime    Last Run
---------------------------------------  -----  ---------  --------  ----------  --------------  -------------------
/opt/airflow/dags/minio_to_snowflake.py                           1           0  1.23s           2026-06-04T02:08:03
================================================================================
[2026-06-04T02:08:55.706+0000] {manager.py:878} INFO - 
================================================================================
DAG File Processing Stats

File Path                                PID    Runtime      # DAGs    # Errors  Last Runtime    Last Run
---------------------------------------  -----  ---------  --------  ----------  --------------  -------------------
/opt/airflow/dags/minio_to_snowflake.py                           1           0  1.19s           2026-06-04T02:08:34
================================================================================
[2026-06-04T02:09:21.281+0000] {manager.py:737} INFO - Searching for files in /opt/airflow/dags
[2026-06-04T02:09:21.313+0000] {manager.py:740} INFO - There are 1 files in /opt/airflow/dags
[2026-06-04T02:09:25.997+0000] {manager.py:878} INFO - 
================================================================================
DAG File Processing Stats

File Path                                PID    Runtime      # DAGs    # Errors  Last Runtime    Last Run
---------------------------------------  -----  ---------  --------  ----------  --------------  -------------------
/opt/airflow/dags/minio_to_snowflake.py                           1           0  1.36s           2026-06-04T02:09:06
================================================================================
[2026-06-04T02:09:56.524+0000] {manager.py:878} INFO - 
================================================================================
DAG File Processing Stats

File Path                                PID    Runtime      # DAGs    # Errors  Last Runtime    Last Run
---------------------------------------  -----  ---------  --------  ----------  --------------  -------------------
/opt/airflow/dags/minio_to_snowflake.py                           1           0  1.36s           2026-06-04T02:09:37
================================================================================
[2026-06-04T02:10:26.664+0000] {manager.py:878} INFO - 
================================================================================
DAG File Processing Stats

File Path                                PID    Runtime      # DAGs    # Errors  Last Runtime    Last Run
---------------------------------------  -----  ---------  --------  ----------  --------------  -------------------
/opt/airflow/dags/minio_to_snowflake.py                           1           0  1.35s           2026-06-04T02:10:09
================================================================================
[2026-06-04T02:10:57.086+0000] {manager.py:878} INFO - 
================================================================================
DAG File Processing Stats

File Path                                PID    Runtime      # DAGs    # Errors  Last Runtime    Last Run
---------------------------------------  -----  ---------  --------  ----------  --------------  -------------------
/opt/airflow/dags/minio_to_snowflake.py                           1           0  2.13s           2026-06-04T02:10:42
================================================================================
[2026-06-04T02:11:27.410+0000] {manager.py:878} INFO - 
================================================================================
DAG File Processing Stats

File Path                                PID    Runtime      # DAGs    # Errors  Last Runtime    Last Run
---------------------------------------  -----  ---------  --------  ----------  --------------  -------------------
/opt/airflow/dags/minio_to_snowflake.py                           1           0  1.34s           2026-06-04T02:11:13
================================================================================
[2026-06-04T02:11:58.006+0000] {manager.py:878} INFO - 
================================================================================
DAG File Processing Stats

File Path                                PID    Runtime      # DAGs    # Errors  Last Runtime    Last Run
---------------------------------------  -----  ---------  --------  ----------  --------------  -------------------
/opt/airflow/dags/minio_to_snowflake.py                           1           0  1.06s           2026-06-04T02:11:44
================================================================================
[2026-06-04T02:12:28.248+0000] {manager.py:878} INFO - 
================================================================================
DAG File Processing Stats

File Path                                PID    Runtime      # DAGs    # Errors  Last Runtime    Last Run
---------------------------------------  -----  ---------  --------  ----------  --------------  -------------------
/opt/airflow/dags/minio_to_snowflake.py                           1           0  1.28s           2026-06-04T02:12:16
================================================================================
[2026-06-04T02:12:58.707+0000] {manager.py:878} INFO - 
================================================================================
DAG File Processing Stats

File Path                                PID    Runtime      # DAGs    # Errors  Last Runtime    Last Run
---------------------------------------  -----  ---------  --------  ----------  --------------  -------------------
/opt/airflow/dags/minio_to_snowflake.py                           1           0  1.17s           2026-06-04T02:12:47
================================================================================
[2026-06-04T02:13:28.825+0000] {manager.py:878} INFO - 
================================================================================
DAG File Processing Stats

File Path                                PID    Runtime      # DAGs    # Errors  Last Runtime    Last Run
---------------------------------------  -----  ---------  --------  ----------  --------------  -------------------
/opt/airflow/dags/minio_to_snowflake.py                           1           0  1.61s           2026-06-04T02:13:20
================================================================================
[2026-06-04T02:13:59.710+0000] {manager.py:878} INFO - 
================================================================================
DAG File Processing Stats

File Path                                PID    Runtime      # DAGs    # Errors  Last Runtime    Last Run
---------------------------------------  -----  ---------  --------  ----------  --------------  -------------------
/opt/airflow/dags/minio_to_snowflake.py                           1           0  3.45s           2026-06-04T02:13:53
================================================================================
[2026-06-04T02:14:21.365+0000] {manager.py:737} INFO - Searching for files in /opt/airflow/dags
[2026-06-04T02:14:21.400+0000] {manager.py:740} INFO - There are 1 files in /opt/airflow/dags
[2026-06-04T02:14:30.469+0000] {manager.py:878} INFO - 
================================================================================
DAG File Processing Stats

File Path                                PID    Runtime      # DAGs    # Errors  Last Runtime    Last Run
---------------------------------------  -----  ---------  --------  ----------  --------------  -------------------
/opt/airflow/dags/minio_to_snowflake.py                           1           0  1.40s           2026-06-04T02:14:25
================================================================================
[2026-06-04T02:15:00.850+0000] {manager.py:878} INFO - 
================================================================================
DAG File Processing Stats

File Path                                PID    Runtime      # DAGs    # Errors  Last Runtime    Last Run
---------------------------------------  -----  ---------  --------  ----------  --------------  -------------------
/opt/airflow/dags/minio_to_snowflake.py                           1           0  1.66s           2026-06-04T02:14:57
================================================================================
[2026-06-04T02:15:30.861+0000] {manager.py:878} INFO - 
================================================================================
DAG File Processing Stats

File Path                                PID    Runtime      # DAGs    # Errors  Last Runtime    Last Run
---------------------------------------  -----  ---------  --------  ----------  --------------  -------------------
/opt/airflow/dags/minio_to_snowflake.py                           1           0  1.28s           2026-06-04T02:15:28
================================================================================
[2026-06-04T02:16:01.034+0000] {manager.py:878} INFO - 
================================================================================
DAG File Processing Stats

File Path                                PID    Runtime      # DAGs    # Errors  Last Runtime    Last Run
---------------------------------------  -----  ---------  --------  ----------  --------------  -------------------
/opt/airflow/dags/minio_to_snowflake.py                           1           0  1.27s           2026-06-04T02:16:00
================================================================================
[2026-06-04T02:16:31.272+0000] {manager.py:878} INFO - 
================================================================================
DAG File Processing Stats

File Path                                  PID  Runtime      # DAGs    # Errors  Last Runtime    Last Run
---------------------------------------  -----  ---------  --------  ----------  --------------  -------------------
/opt/airflow/dags/minio_to_snowflake.py  33881  0.76s             1           0  1.27s           2026-06-04T02:16:00
================================================================================
[2026-06-04T02:17:01.694+0000] {manager.py:878} INFO - 
================================================================================
DAG File Processing Stats

File Path                                PID    Runtime      # DAGs    # Errors  Last Runtime    Last Run
---------------------------------------  -----  ---------  --------  ----------  --------------  -------------------
/opt/airflow/dags/minio_to_snowflake.py                           1           0  1.40s           2026-06-04T02:16:31
================================================================================
[2026-06-04T02:17:31.795+0000] {manager.py:878} INFO - 
================================================================================
DAG File Processing Stats

File Path                                PID    Runtime      # DAGs    # Errors  Last Runtime    Last Run
---------------------------------------  -----  ---------  --------  ----------  --------------  -------------------
/opt/airflow/dags/minio_to_snowflake.py                           1           0  1.22s           2026-06-04T02:17:03
================================================================================
[2026-06-04T02:18:01.890+0000] {manager.py:878} INFO - 
================================================================================
DAG File Processing Stats

File Path                                PID    Runtime      # DAGs    # Errors  Last Runtime    Last Run
---------------------------------------  -----  ---------  --------  ----------  --------------  -------------------
/opt/airflow/dags/minio_to_snowflake.py                           1           0  2.20s           2026-06-04T02:17:35
================================================================================
[2026-06-04T02:18:32.550+0000] {manager.py:878} INFO - 
================================================================================
DAG File Processing Stats

File Path                                PID    Runtime      # DAGs    # Errors  Last Runtime    Last Run
---------------------------------------  -----  ---------  --------  ----------  --------------  -------------------
/opt/airflow/dags/minio_to_snowflake.py                           1           0  2.23s           2026-06-04T02:18:08
================================================================================
[2026-06-04T02:19:02.844+0000] {manager.py:878} INFO - 
================================================================================
DAG File Processing Stats

File Path                                PID    Runtime      # DAGs    # Errors  Last Runtime    Last Run
---------------------------------------  -----  ---------  --------  ----------  --------------  -------------------
/opt/airflow/dags/minio_to_snowflake.py                           1           0  1.25s           2026-06-04T02:18:39
================================================================================
[2026-06-04T02:19:21.961+0000] {manager.py:737} INFO - Searching for files in /opt/airflow/dags
[2026-06-04T02:19:21.996+0000] {manager.py:740} INFO - There are 1 files in /opt/airflow/dags
[2026-06-04T02:19:33.119+0000] {manager.py:878} INFO - 
================================================================================
DAG File Processing Stats

File Path                                PID    Runtime      # DAGs    # Errors  Last Runtime    Last Run
---------------------------------------  -----  ---------  --------  ----------  --------------  -------------------
/opt/airflow/dags/minio_to_snowflake.py                           1           0  1.11s           2026-06-04T02:19:11
================================================================================
[2026-06-04T02:20:03.389+0000] {manager.py:878} INFO - 
================================================================================
DAG File Processing Stats

File Path                                PID    Runtime      # DAGs    # Errors  Last Runtime    Last Run
---------------------------------------  -----  ---------  --------  ----------  --------------  -------------------
/opt/airflow/dags/minio_to_snowflake.py                           1           0  1.18s           2026-06-04T02:19:42
================================================================================
[2026-06-04T02:20:33.634+0000] {manager.py:878} INFO - 
================================================================================
DAG File Processing Stats

File Path                                PID    Runtime      # DAGs    # Errors  Last Runtime    Last Run
---------------------------------------  -----  ---------  --------  ----------  --------------  -------------------
/opt/airflow/dags/minio_to_snowflake.py                           1           0  1.66s           2026-06-04T02:20:14
================================================================================
[2026-06-04T02:21:04.445+0000] {manager.py:878} INFO - 
================================================================================
DAG File Processing Stats

File Path                                PID    Runtime      # DAGs    # Errors  Last Runtime    Last Run
---------------------------------------  -----  ---------  --------  ----------  --------------  -------------------
/opt/airflow/dags/minio_to_snowflake.py                           1           0  1.17s           2026-06-04T02:20:45
================================================================================
[2026-06-04T02:21:34.788+0000] {manager.py:878} INFO - 
================================================================================
DAG File Processing Stats

File Path                                PID    Runtime      # DAGs    # Errors  Last Runtime    Last Run
---------------------------------------  -----  ---------  --------  ----------  --------------  -------------------
/opt/airflow/dags/minio_to_snowflake.py                           1           0  1.46s           2026-06-04T02:21:16
================================================================================
[2026-06-04T02:22:05.265+0000] {manager.py:878} INFO - 
================================================================================
DAG File Processing Stats

File Path                                PID    Runtime      # DAGs    # Errors  Last Runtime    Last Run
---------------------------------------  -----  ---------  --------  ----------  --------------  -------------------
/opt/airflow/dags/minio_to_snowflake.py                           1           0  1.17s           2026-06-04T02:21:48
================================================================================
[2026-06-04T02:22:35.763+0000] {manager.py:878} INFO - 
================================================================================
DAG File Processing Stats

File Path                                PID    Runtime      # DAGs    # Errors  Last Runtime    Last Run
---------------------------------------  -----  ---------  --------  ----------  --------------  -------------------
/opt/airflow/dags/minio_to_snowflake.py                           1           0  1.29s           2026-06-04T02:22:19
================================================================================
[2026-06-04T02:23:06.000+0000] {manager.py:878} INFO - 
================================================================================
DAG File Processing Stats

File Path                                PID    Runtime      # DAGs    # Errors  Last Runtime    Last Run
---------------------------------------  -----  ---------  --------  ----------  --------------  -------------------
/opt/airflow/dags/minio_to_snowflake.py                           1           0  1.21s           2026-06-04T02:22:51
================================================================================
[2026-06-04T02:23:36.357+0000] {manager.py:878} INFO - 
================================================================================
DAG File Processing Stats

File Path                                PID    Runtime      # DAGs    # Errors  Last Runtime    Last Run
---------------------------------------  -----  ---------  --------  ----------  --------------  -------------------
/opt/airflow/dags/minio_to_snowflake.py                           1           0  1.14s           2026-06-04T02:23:22
================================================================================
[2026-06-04T02:24:06.676+0000] {manager.py:878} INFO - 
================================================================================
DAG File Processing Stats

File Path                                PID    Runtime      # DAGs    # Errors  Last Runtime    Last Run
---------------------------------------  -----  ---------  --------  ----------  --------------  -------------------
/opt/airflow/dags/minio_to_snowflake.py                           1           0  1.28s           2026-06-04T02:23:53
================================================================================
[2026-06-04T02:24:22.775+0000] {manager.py:737} INFO - Searching for files in /opt/airflow/dags
[2026-06-04T02:24:22.808+0000] {manager.py:740} INFO - There are 1 files in /opt/airflow/dags
[2026-06-04T02:24:37.059+0000] {manager.py:878} INFO - 
================================================================================
DAG File Processing Stats

File Path                                PID    Runtime      # DAGs    # Errors  Last Runtime    Last Run
---------------------------------------  -----  ---------  --------  ----------  --------------  -------------------
/opt/airflow/dags/minio_to_snowflake.py                           1           0  1.35s           2026-06-04T02:24:25
================================================================================
[2026-06-04T02:25:07.492+0000] {manager.py:878} INFO - 
================================================================================
DAG File Processing Stats

File Path                                PID    Runtime      # DAGs    # Errors  Last Runtime    Last Run
---------------------------------------  -----  ---------  --------  ----------  --------------  -------------------
/opt/airflow/dags/minio_to_snowflake.py                           1           0  1.54s           2026-06-04T02:24:56
================================================================================
[2026-06-04T02:25:38.195+0000] {manager.py:878} INFO - 
================================================================================
DAG File Processing Stats

File Path                                PID    Runtime      # DAGs    # Errors  Last Runtime    Last Run
---------------------------------------  -----  ---------  --------  ----------  --------------  -------------------
/opt/airflow/dags/minio_to_snowflake.py                           1           0  1.28s           2026-06-04T02:25:28
================================================================================
[2026-06-04T02:26:08.686+0000] {manager.py:878} INFO - 
================================================================================
DAG File Processing Stats

File Path                                PID    Runtime      # DAGs    # Errors  Last Runtime    Last Run
---------------------------------------  -----  ---------  --------  ----------  --------------  -------------------
/opt/airflow/dags/minio_to_snowflake.py                           1           0  1.41s           2026-06-04T02:26:00
================================================================================
[2026-06-04T02:26:39.286+0000] {manager.py:878} INFO - 
================================================================================
DAG File Processing Stats

File Path                                PID    Runtime      # DAGs    # Errors  Last Runtime    Last Run
---------------------------------------  -----  ---------  --------  ----------  --------------  -------------------
/opt/airflow/dags/minio_to_snowflake.py                           1           0  1.19s           2026-06-04T02:26:31
================================================================================
[2026-06-04T02:27:09.661+0000] {manager.py:878} INFO - 
================================================================================
DAG File Processing Stats

File Path                                PID    Runtime      # DAGs    # Errors  Last Runtime    Last Run
---------------------------------------  -----  ---------  --------  ----------  --------------  -------------------
/opt/airflow/dags/minio_to_snowflake.py                           1           0  1.56s           2026-06-04T02:27:03
================================================================================
[2026-06-04T02:27:39.747+0000] {manager.py:878} INFO - 
================================================================================
DAG File Processing Stats

File Path                                PID    Runtime      # DAGs    # Errors  Last Runtime    Last Run
---------------------------------------  -----  ---------  --------  ----------  --------------  -------------------
/opt/airflow/dags/minio_to_snowflake.py                           1           0  1.15s           2026-06-04T02:27:34
================================================================================
[2026-06-04T02:28:09.941+0000] {manager.py:878} INFO - 
================================================================================
DAG File Processing Stats

File Path                                PID    Runtime      # DAGs    # Errors  Last Runtime    Last Run
---------------------------------------  -----  ---------  --------  ----------  --------------  -------------------
/opt/airflow/dags/minio_to_snowflake.py                           1           0  1.41s           2026-06-04T02:28:06
================================================================================
[2026-06-04T02:28:40.264+0000] {manager.py:878} INFO - 
================================================================================
DAG File Processing Stats

File Path                                PID    Runtime      # DAGs    # Errors  Last Runtime    Last Run
---------------------------------------  -----  ---------  --------  ----------  --------------  -------------------
/opt/airflow/dags/minio_to_snowflake.py                           1           0  1.58s           2026-06-04T02:28:37
================================================================================
[2026-06-04T02:29:10.582+0000] {manager.py:878} INFO - 
================================================================================
DAG File Processing Stats

File Path                                PID    Runtime      # DAGs    # Errors  Last Runtime    Last Run
---------------------------------------  -----  ---------  --------  ----------  --------------  -------------------
/opt/airflow/dags/minio_to_snowflake.py                           1           0  1.67s           2026-06-04T02:29:09
================================================================================
[2026-06-04T02:29:23.001+0000] {manager.py:737} INFO - Searching for files in /opt/airflow/dags
[2026-06-04T02:29:23.034+0000] {manager.py:740} INFO - There are 1 files in /opt/airflow/dags
[2026-06-04T02:29:40.826+0000] {manager.py:878} INFO - 
================================================================================
DAG File Processing Stats

File Path                                  PID  Runtime      # DAGs    # Errors  Last Runtime    Last Run
---------------------------------------  -----  ---------  --------  ----------  --------------  -------------------
/opt/airflow/dags/minio_to_snowflake.py  38979  1.01s             1           0  1.67s           2026-06-04T02:29:09
================================================================================
[2026-06-04T02:30:11.565+0000] {manager.py:878} INFO - 
================================================================================
DAG File Processing Stats

File Path                                  PID  Runtime      # DAGs    # Errors  Last Runtime    Last Run
---------------------------------------  -----  ---------  --------  ----------  --------------  -------------------
/opt/airflow/dags/minio_to_snowflake.py  39055  0.01s             1           0  1.37s           2026-06-04T02:29:41
================================================================================
[2026-06-04T02:30:41.842+0000] {manager.py:878} INFO - 
================================================================================
DAG File Processing Stats

File Path                                PID    Runtime      # DAGs    # Errors  Last Runtime    Last Run
---------------------------------------  -----  ---------  --------  ----------  --------------  -------------------
/opt/airflow/dags/minio_to_snowflake.py                           1           0  1.28s           2026-06-04T02:30:12
================================================================================
[2026-06-04T02:31:12.212+0000] {manager.py:878} INFO - 
================================================================================
DAG File Processing Stats

File Path                                PID    Runtime      # DAGs    # Errors  Last Runtime    Last Run
---------------------------------------  -----  ---------  --------  ----------  --------------  -------------------
/opt/airflow/dags/minio_to_snowflake.py                           1           0  1.56s           2026-06-04T02:30:44
================================================================================
[2026-06-04T02:31:42.858+0000] {manager.py:878} INFO - 
================================================================================
DAG File Processing Stats

File Path                                PID    Runtime      # DAGs    # Errors  Last Runtime    Last Run
---------------------------------------  -----  ---------  --------  ----------  --------------  -------------------
/opt/airflow/dags/minio_to_snowflake.py                           1           0  1.30s           2026-06-04T02:31:15
================================================================================
[2026-06-04T02:32:13.396+0000] {manager.py:878} INFO - 
================================================================================
DAG File Processing Stats

File Path                                PID    Runtime      # DAGs    # Errors  Last Runtime    Last Run
---------------------------------------  -----  ---------  --------  ----------  --------------  -------------------
/opt/airflow/dags/minio_to_snowflake.py                           1           0  1.34s           2026-06-04T02:31:47
================================================================================
[2026-06-04T02:32:43.475+0000] {manager.py:878} INFO - 
================================================================================
DAG File Processing Stats

File Path                                PID    Runtime      # DAGs    # Errors  Last Runtime    Last Run
---------------------------------------  -----  ---------  --------  ----------  --------------  -------------------
/opt/airflow/dags/minio_to_snowflake.py                           1           0  1.50s           2026-06-04T02:32:19
================================================================================
[2026-06-04T02:33:13.506+0000] {manager.py:878} INFO - 
================================================================================
DAG File Processing Stats

File Path                                PID    Runtime      # DAGs    # Errors  Last Runtime    Last Run
---------------------------------------  -----  ---------  --------  ----------  --------------  -------------------
/opt/airflow/dags/minio_to_snowflake.py                           1           0  1.80s           2026-06-04T02:32:51
================================================================================
[2026-06-04T02:33:43.704+0000] {manager.py:878} INFO - 
================================================================================
DAG File Processing Stats

File Path                                PID    Runtime      # DAGs    # Errors  Last Runtime    Last Run
---------------------------------------  -----  ---------  --------  ----------  --------------  -------------------
/opt/airflow/dags/minio_to_snowflake.py                           1           0  1.34s           2026-06-04T02:33:22
================================================================================
[2026-06-04T02:34:14.111+0000] {manager.py:878} INFO - 
================================================================================
DAG File Processing Stats

File Path                                PID    Runtime      # DAGs    # Errors  Last Runtime    Last Run
---------------------------------------  -----  ---------  --------  ----------  --------------  -------------------
/opt/airflow/dags/minio_to_snowflake.py                           1           0  1.32s           2026-06-04T02:33:54
================================================================================
[2026-06-04T02:34:23.165+0000] {manager.py:737} INFO - Searching for files in /opt/airflow/dags
[2026-06-04T02:34:23.191+0000] {manager.py:740} INFO - There are 1 files in /opt/airflow/dags
[2026-06-04T02:34:44.403+0000] {manager.py:878} INFO - 
================================================================================
DAG File Processing Stats

File Path                                PID    Runtime      # DAGs    # Errors  Last Runtime    Last Run
---------------------------------------  -----  ---------  --------  ----------  --------------  -------------------
/opt/airflow/dags/minio_to_snowflake.py                           1           0  1.74s           2026-06-04T02:34:26
================================================================================
[2026-06-04T02:35:14.711+0000] {manager.py:878} INFO - 
================================================================================
DAG File Processing Stats

File Path                                PID    Runtime      # DAGs    # Errors  Last Runtime    Last Run
---------------------------------------  -----  ---------  --------  ----------  --------------  -------------------
/opt/airflow/dags/minio_to_snowflake.py                           1           0  1.46s           2026-06-04T02:34:57
================================================================================
[2026-06-04T02:35:44.716+0000] {manager.py:878} INFO - 
================================================================================
DAG File Processing Stats

File Path                                PID    Runtime      # DAGs    # Errors  Last Runtime    Last Run
---------------------------------------  -----  ---------  --------  ----------  --------------  -------------------
/opt/airflow/dags/minio_to_snowflake.py                           1           0  1.42s           2026-06-04T02:35:29
================================================================================
[2026-06-04T02:36:14.939+0000] {manager.py:878} INFO - 
================================================================================
DAG File Processing Stats

File Path                                PID    Runtime      # DAGs    # Errors  Last Runtime    Last Run
---------------------------------------  -----  ---------  --------  ----------  --------------  -------------------
/opt/airflow/dags/minio_to_snowflake.py                           1           0  1.47s           2026-06-04T02:36:01
================================================================================
[2026-06-04T02:36:45.656+0000] {manager.py:878} INFO - 
================================================================================
DAG File Processing Stats

File Path                                PID    Runtime      # DAGs    # Errors  Last Runtime    Last Run
---------------------------------------  -----  ---------  --------  ----------  --------------  -------------------
/opt/airflow/dags/minio_to_snowflake.py                           1           0  1.19s           2026-06-04T02:36:32
================================================================================
[2026-06-04T02:37:15.745+0000] {manager.py:878} INFO - 
================================================================================
DAG File Processing Stats

File Path                                PID    Runtime      # DAGs    # Errors  Last Runtime    Last Run
---------------------------------------  -----  ---------  --------  ----------  --------------  -------------------
/opt/airflow/dags/minio_to_snowflake.py                           1           0  1.78s           2026-06-04T02:37:04
================================================================================
[2026-06-04T02:37:46.191+0000] {manager.py:878} INFO - 
================================================================================
DAG File Processing Stats

File Path                                PID    Runtime      # DAGs    # Errors  Last Runtime    Last Run
---------------------------------------  -----  ---------  --------  ----------  --------------  -------------------
/opt/airflow/dags/minio_to_snowflake.py                           1           0  1.19s           2026-06-04T02:37:36
================================================================================
[2026-06-04T02:38:16.499+0000] {manager.py:878} INFO - 
================================================================================
DAG File Processing Stats

File Path                                PID    Runtime      # DAGs    # Errors  Last Runtime    Last Run
---------------------------------------  -----  ---------  --------  ----------  --------------  -------------------
/opt/airflow/dags/minio_to_snowflake.py                           1           0  1.59s           2026-06-04T02:38:07
================================================================================
[2026-06-04T02:38:46.905+0000] {manager.py:878} INFO - 
================================================================================
DAG File Processing Stats

File Path                                PID    Runtime      # DAGs    # Errors  Last Runtime    Last Run
---------------------------------------  -----  ---------  --------  ----------  --------------  -------------------
/opt/airflow/dags/minio_to_snowflake.py                           1           0  1.47s           2026-06-04T02:38:39
================================================================================
[2026-06-04T02:39:17.073+0000] {manager.py:878} INFO - 
================================================================================
DAG File Processing Stats

File Path                                PID    Runtime      # DAGs    # Errors  Last Runtime    Last Run
---------------------------------------  -----  ---------  --------  ----------  --------------  -------------------
/opt/airflow/dags/minio_to_snowflake.py                           1           0  1.43s           2026-06-04T02:39:11
================================================================================
[2026-06-04T02:39:23.563+0000] {manager.py:737} INFO - Searching for files in /opt/airflow/dags
[2026-06-04T02:39:23.590+0000] {manager.py:740} INFO - There are 1 files in /opt/airflow/dags
[2026-06-04T02:39:47.237+0000] {manager.py:878} INFO - 
================================================================================
DAG File Processing Stats

File Path                                PID    Runtime      # DAGs    # Errors  Last Runtime    Last Run
---------------------------------------  -----  ---------  --------  ----------  --------------  -------------------
/opt/airflow/dags/minio_to_snowflake.py                           1           0  1.54s           2026-06-04T02:39:43
================================================================================
[2026-06-04T02:40:17.497+0000] {manager.py:878} INFO - 
================================================================================
DAG File Processing Stats

File Path                                PID    Runtime      # DAGs    # Errors  Last Runtime    Last Run
---------------------------------------  -----  ---------  --------  ----------  --------------  -------------------
/opt/airflow/dags/minio_to_snowflake.py                           1           0  1.46s           2026-06-04T02:40:14
================================================================================
[2026-06-04T02:40:48.084+0000] {manager.py:878} INFO - 
================================================================================
DAG File Processing Stats

File Path                                PID    Runtime      # DAGs    # Errors  Last Runtime    Last Run
---------------------------------------  -----  ---------  --------  ----------  --------------  -------------------
/opt/airflow/dags/minio_to_snowflake.py                           1           0  1.24s           2026-06-04T02:40:46
================================================================================
[2026-06-04T02:41:18.094+0000] {manager.py:878} INFO - 
================================================================================
DAG File Processing Stats

File Path                                PID    Runtime      # DAGs    # Errors  Last Runtime    Last Run
---------------------------------------  -----  ---------  --------  ----------  --------------  -------------------
/opt/airflow/dags/minio_to_snowflake.py                           1           0  1.51s           2026-06-04T02:41:18
================================================================================
[2026-06-04T02:41:48.390+0000] {manager.py:878} INFO - 
================================================================================
DAG File Processing Stats

File Path                                  PID  Runtime      # DAGs    # Errors  Last Runtime    Last Run
---------------------------------------  -----  ---------  --------  ----------  --------------  -------------------
/opt/airflow/dags/minio_to_snowflake.py  44257  0.00s             1           0  1.51s           2026-06-04T02:41:18
================================================================================
[2026-06-04T02:42:18.643+0000] {manager.py:878} INFO - 
================================================================================
DAG File Processing Stats

File Path                                PID    Runtime      # DAGs    # Errors  Last Runtime    Last Run
---------------------------------------  -----  ---------  --------  ----------  --------------  -------------------
/opt/airflow/dags/minio_to_snowflake.py                           1           0  1.21s           2026-06-04T02:41:49
================================================================================
[2026-06-04T02:42:48.999+0000] {manager.py:878} INFO - 
================================================================================
DAG File Processing Stats

File Path                                PID    Runtime      # DAGs    # Errors  Last Runtime    Last Run
---------------------------------------  -----  ---------  --------  ----------  --------------  -------------------
/opt/airflow/dags/minio_to_snowflake.py                           1           0  1.31s           2026-06-04T02:42:20
================================================================================
[2026-06-04T02:43:19.439+0000] {manager.py:878} INFO - 
================================================================================
DAG File Processing Stats

File Path                                PID    Runtime      # DAGs    # Errors  Last Runtime    Last Run
---------------------------------------  -----  ---------  --------  ----------  --------------  -------------------
/opt/airflow/dags/minio_to_snowflake.py                           1           0  1.27s           2026-06-04T02:42:52
================================================================================
[2026-06-04T02:43:49.665+0000] {manager.py:878} INFO - 
================================================================================
DAG File Processing Stats

File Path                                PID    Runtime      # DAGs    # Errors  Last Runtime    Last Run
---------------------------------------  -----  ---------  --------  ----------  --------------  -------------------
/opt/airflow/dags/minio_to_snowflake.py                           1           0  1.22s           2026-06-04T02:43:23
================================================================================
[2026-06-04T02:44:20.032+0000] {manager.py:878} INFO - 
================================================================================
DAG File Processing Stats

File Path                                PID    Runtime      # DAGs    # Errors  Last Runtime    Last Run
---------------------------------------  -----  ---------  --------  ----------  --------------  -------------------
/opt/airflow/dags/minio_to_snowflake.py                           1           0  1.18s           2026-06-04T02:43:55
================================================================================
[2026-06-04T02:44:24.052+0000] {manager.py:737} INFO - Searching for files in /opt/airflow/dags
[2026-06-04T02:44:24.087+0000] {manager.py:740} INFO - There are 1 files in /opt/airflow/dags
[2026-06-04T02:44:50.414+0000] {manager.py:878} INFO - 
================================================================================
DAG File Processing Stats

File Path                                PID    Runtime      # DAGs    # Errors  Last Runtime    Last Run
---------------------------------------  -----  ---------  --------  ----------  --------------  -------------------
/opt/airflow/dags/minio_to_snowflake.py                           1           0  1.62s           2026-06-04T02:44:26
================================================================================
[2026-06-04T02:45:20.553+0000] {manager.py:878} INFO - 
================================================================================
DAG File Processing Stats

File Path                                PID    Runtime      # DAGs    # Errors  Last Runtime    Last Run
---------------------------------------  -----  ---------  --------  ----------  --------------  -------------------
/opt/airflow/dags/minio_to_snowflake.py                           1           0  1.43s           2026-06-04T02:44:58
================================================================================
[2026-06-04T02:45:50.763+0000] {manager.py:878} INFO - 
================================================================================
DAG File Processing Stats

File Path                                PID    Runtime      # DAGs    # Errors  Last Runtime    Last Run
---------------------------------------  -----  ---------  --------  ----------  --------------  -------------------
/opt/airflow/dags/minio_to_snowflake.py                           1           0  1.24s           2026-06-04T02:45:29
================================================================================
[2026-06-04T02:46:21.231+0000] {manager.py:878} INFO - 
================================================================================
DAG File Processing Stats

File Path                                PID    Runtime      # DAGs    # Errors  Last Runtime    Last Run
---------------------------------------  -----  ---------  --------  ----------  --------------  -------------------
/opt/airflow/dags/minio_to_snowflake.py                           1           0  1.40s           2026-06-04T02:46:01
================================================================================
[2026-06-04T02:46:51.840+0000] {manager.py:878} INFO - 
================================================================================
DAG File Processing Stats

File Path                                PID    Runtime      # DAGs    # Errors  Last Runtime    Last Run
---------------------------------------  -----  ---------  --------  ----------  --------------  -------------------
/opt/airflow/dags/minio_to_snowflake.py                           1           0  1.20s           2026-06-04T02:46:32
================================================================================
[2026-06-04T02:47:22.193+0000] {manager.py:878} INFO - 
================================================================================
DAG File Processing Stats

File Path                                PID    Runtime      # DAGs    # Errors  Last Runtime    Last Run
---------------------------------------  -----  ---------  --------  ----------  --------------  -------------------
/opt/airflow/dags/minio_to_snowflake.py                           1           0  1.16s           2026-06-04T02:47:04
================================================================================
[2026-06-04T02:47:52.507+0000] {manager.py:878} INFO - 
================================================================================
DAG File Processing Stats

File Path                                PID    Runtime      # DAGs    # Errors  Last Runtime    Last Run
---------------------------------------  -----  ---------  --------  ----------  --------------  -------------------
/opt/airflow/dags/minio_to_snowflake.py                           1           0  1.48s           2026-06-04T02:47:35
================================================================================
[2026-06-04T02:48:23.080+0000] {manager.py:878} INFO - 
================================================================================
DAG File Processing Stats

File Path                                PID    Runtime      # DAGs    # Errors  Last Runtime    Last Run
---------------------------------------  -----  ---------  --------  ----------  --------------  -------------------
/opt/airflow/dags/minio_to_snowflake.py                           1           0  1.19s           2026-06-04T02:48:07
================================================================================
[2026-06-04T02:48:53.238+0000] {manager.py:878} INFO - 
================================================================================
DAG File Processing Stats

File Path                                PID    Runtime      # DAGs    # Errors  Last Runtime    Last Run
---------------------------------------  -----  ---------  --------  ----------  --------------  -------------------
/opt/airflow/dags/minio_to_snowflake.py                           1           0  1.75s           2026-06-04T02:48:39
================================================================================
[2026-06-04T02:49:23.646+0000] {manager.py:878} INFO - 
================================================================================
DAG File Processing Stats

File Path                                PID    Runtime      # DAGs    # Errors  Last Runtime    Last Run
---------------------------------------  -----  ---------  --------  ----------  --------------  -------------------
/opt/airflow/dags/minio_to_snowflake.py                           1           0  1.30s           2026-06-04T02:49:10
================================================================================
[2026-06-04T02:49:24.651+0000] {manager.py:737} INFO - Searching for files in /opt/airflow/dags
[2026-06-04T02:49:24.675+0000] {manager.py:740} INFO - There are 1 files in /opt/airflow/dags
[2026-06-04T02:49:53.951+0000] {manager.py:878} INFO - 
================================================================================
DAG File Processing Stats

File Path                                PID    Runtime      # DAGs    # Errors  Last Runtime    Last Run
---------------------------------------  -----  ---------  --------  ----------  --------------  -------------------
/opt/airflow/dags/minio_to_snowflake.py                           1           0  1.31s           2026-06-04T02:49:42
================================================================================
[2026-06-04T02:50:24.350+0000] {manager.py:878} INFO - 
================================================================================
DAG File Processing Stats

File Path                                PID    Runtime      # DAGs    # Errors  Last Runtime    Last Run
---------------------------------------  -----  ---------  --------  ----------  --------------  -------------------
/opt/airflow/dags/minio_to_snowflake.py                           1           0  1.58s           2026-06-04T02:50:13
================================================================================
[2026-06-04T02:50:55.116+0000] {manager.py:878} INFO - 
================================================================================
DAG File Processing Stats

File Path                                PID    Runtime      # DAGs    # Errors  Last Runtime    Last Run
---------------------------------------  -----  ---------  --------  ----------  --------------  -------------------
/opt/airflow/dags/minio_to_snowflake.py                           1           0  1.16s           2026-06-04T02:50:45
================================================================================
[2026-06-04T02:51:25.448+0000] {manager.py:878} INFO - 
================================================================================
DAG File Processing Stats

File Path                                PID    Runtime      # DAGs    # Errors  Last Runtime    Last Run
---------------------------------------  -----  ---------  --------  ----------  --------------  -------------------
/opt/airflow/dags/minio_to_snowflake.py                           1           0  1.19s           2026-06-04T02:51:16
================================================================================
[2026-06-04T02:51:55.623+0000] {manager.py:878} INFO - 
================================================================================
DAG File Processing Stats

File Path                                PID    Runtime      # DAGs    # Errors  Last Runtime    Last Run
---------------------------------------  -----  ---------  --------  ----------  --------------  -------------------
/opt/airflow/dags/minio_to_snowflake.py                           1           0  1.97s           2026-06-04T02:51:48
================================================================================
[2026-06-04T02:52:25.869+0000] {manager.py:878} INFO - 
================================================================================
DAG File Processing Stats

File Path                                PID    Runtime      # DAGs    # Errors  Last Runtime    Last Run
---------------------------------------  -----  ---------  --------  ----------  --------------  -------------------
/opt/airflow/dags/minio_to_snowflake.py                           1           0  1.16s           2026-06-04T02:52:19
================================================================================
[2026-06-04T02:52:56.210+0000] {manager.py:878} INFO - 
================================================================================
DAG File Processing Stats

File Path                                PID    Runtime      # DAGs    # Errors  Last Runtime    Last Run
---------------------------------------  -----  ---------  --------  ----------  --------------  -------------------
/opt/airflow/dags/minio_to_snowflake.py                           1           0  1.64s           2026-06-04T02:52:51
================================================================================
[2026-06-04T02:53:26.907+0000] {manager.py:878} INFO - 
================================================================================
DAG File Processing Stats

File Path                                PID    Runtime      # DAGs    # Errors  Last Runtime    Last Run
---------------------------------------  -----  ---------  --------  ----------  --------------  -------------------
/opt/airflow/dags/minio_to_snowflake.py                           1           0  1.14s           2026-06-04T02:53:23
================================================================================
[2026-06-04T02:53:57.213+0000] {manager.py:878} INFO - 
================================================================================
DAG File Processing Stats

File Path                                PID    Runtime      # DAGs    # Errors  Last Runtime    Last Run
---------------------------------------  -----  ---------  --------  ----------  --------------  -------------------
/opt/airflow/dags/minio_to_snowflake.py                           1           0  1.16s           2026-06-04T02:53:54
================================================================================
[2026-06-04T02:54:25.558+0000] {manager.py:737} INFO - Searching for files in /opt/airflow/dags
[2026-06-04T02:54:25.594+0000] {manager.py:740} INFO - There are 1 files in /opt/airflow/dags
[2026-06-04T02:54:27.637+0000] {manager.py:878} INFO - 
================================================================================
DAG File Processing Stats

File Path                                PID    Runtime      # DAGs    # Errors  Last Runtime    Last Run
---------------------------------------  -----  ---------  --------  ----------  --------------  -------------------
/opt/airflow/dags/minio_to_snowflake.py                           1           0  1.15s           2026-06-04T02:54:25
================================================================================
[2026-06-04T02:54:57.907+0000] {manager.py:878} INFO - 
================================================================================
DAG File Processing Stats

File Path                                PID    Runtime      # DAGs    # Errors  Last Runtime    Last Run
---------------------------------------  -----  ---------  --------  ----------  --------------  -------------------
/opt/airflow/dags/minio_to_snowflake.py                           1           0  1.11s           2026-06-04T02:54:56
================================================================================
[2026-06-04T02:55:28.122+0000] {manager.py:878} INFO - 
================================================================================
DAG File Processing Stats

File Path                                  PID  Runtime      # DAGs    # Errors  Last Runtime    Last Run
---------------------------------------  -----  ---------  --------  ----------  --------------  -------------------
/opt/airflow/dags/minio_to_snowflake.py  52434  1.02s             1           0  1.11s           2026-06-04T02:54:56
================================================================================
[2026-06-04T02:55:58.345+0000] {manager.py:878} INFO - 
================================================================================
DAG File Processing Stats

File Path                                PID    Runtime      # DAGs    # Errors  Last Runtime    Last Run
---------------------------------------  -----  ---------  --------  ----------  --------------  -------------------
/opt/airflow/dags/minio_to_snowflake.py                           1           0  1.39s           2026-06-04T02:55:28
================================================================================
[2026-06-04T02:56:28.862+0000] {manager.py:878} INFO - 
================================================================================
DAG File Processing Stats

File Path                                PID    Runtime      # DAGs    # Errors  Last Runtime    Last Run
---------------------------------------  -----  ---------  --------  ----------  --------------  -------------------
/opt/airflow/dags/minio_to_snowflake.py                           1           0  1.22s           2026-06-04T02:55:59
================================================================================
[2026-06-04T02:56:59.274+0000] {manager.py:878} INFO - 
================================================================================
DAG File Processing Stats

File Path                                PID    Runtime      # DAGs    # Errors  Last Runtime    Last Run
---------------------------------------  -----  ---------  --------  ----------  --------------  -------------------
/opt/airflow/dags/minio_to_snowflake.py                           1           0  1.28s           2026-06-04T02:56:31
================================================================================
[2026-06-04T02:57:29.721+0000] {manager.py:878} INFO - 
================================================================================
DAG File Processing Stats

File Path                                PID    Runtime      # DAGs    # Errors  Last Runtime    Last Run
---------------------------------------  -----  ---------  --------  ----------  --------------  -------------------
/opt/airflow/dags/minio_to_snowflake.py                           1           0  1.17s           2026-06-04T02:57:02
================================================================================
[2026-06-04T02:58:00.113+0000] {manager.py:878} INFO - 
================================================================================
DAG File Processing Stats

File Path                                PID    Runtime      # DAGs    # Errors  Last Runtime    Last Run
---------------------------------------  -----  ---------  --------  ----------  --------------  -------------------
/opt/airflow/dags/minio_to_snowflake.py                           1           0  1.26s           2026-06-04T02:57:34
================================================================================
[2026-06-04T02:58:30.372+0000] {manager.py:878} INFO - 
================================================================================
DAG File Processing Stats

File Path                                PID    Runtime      # DAGs    # Errors  Last Runtime    Last Run
---------------------------------------  -----  ---------  --------  ----------  --------------  -------------------
/opt/airflow/dags/minio_to_snowflake.py                           1           0  1.16s           2026-06-04T02:58:05
================================================================================
[2026-06-04T02:59:00.690+0000] {manager.py:878} INFO - 
================================================================================
DAG File Processing Stats

File Path                                PID    Runtime      # DAGs    # Errors  Last Runtime    Last Run
---------------------------------------  -----  ---------  --------  ----------  --------------  -------------------
/opt/airflow/dags/minio_to_snowflake.py                           1           0  1.33s           2026-06-04T02:58:36
================================================================================
[2026-06-04T02:59:26.053+0000] {manager.py:737} INFO - Searching for files in /opt/airflow/dags
[2026-06-04T02:59:26.080+0000] {manager.py:740} INFO - There are 1 files in /opt/airflow/dags
[2026-06-04T02:59:31.126+0000] {manager.py:878} INFO - 
================================================================================
DAG File Processing Stats

File Path                                PID    Runtime      # DAGs    # Errors  Last Runtime    Last Run
---------------------------------------  -----  ---------  --------  ----------  --------------  -------------------
/opt/airflow/dags/minio_to_snowflake.py                           1           0  1.48s           2026-06-04T02:59:08
================================================================================
[2026-06-04T03:00:01.143+0000] {manager.py:878} INFO - 
================================================================================
DAG File Processing Stats

File Path                                PID    Runtime      # DAGs    # Errors  Last Runtime    Last Run
---------------------------------------  -----  ---------  --------  ----------  --------------  -------------------
/opt/airflow/dags/minio_to_snowflake.py                           1           0  1.42s           2026-06-04T02:59:40
================================================================================
[2026-06-04T03:00:31.347+0000] {manager.py:878} INFO - 
================================================================================
DAG File Processing Stats

File Path                                PID    Runtime      # DAGs    # Errors  Last Runtime    Last Run
---------------------------------------  -----  ---------  --------  ----------  --------------  -------------------
/opt/airflow/dags/minio_to_snowflake.py                           1           0  1.39s           2026-06-04T03:00:11
================================================================================
[2026-06-04T03:01:01.931+0000] {manager.py:878} INFO - 
================================================================================
DAG File Processing Stats

File Path                                PID    Runtime      # DAGs    # Errors  Last Runtime    Last Run
---------------------------------------  -----  ---------  --------  ----------  --------------  -------------------
/opt/airflow/dags/minio_to_snowflake.py                           1           0  1.34s           2026-06-04T03:00:43
================================================================================
[2026-06-04T03:01:32.495+0000] {manager.py:878} INFO - 
================================================================================
DAG File Processing Stats

File Path                                PID    Runtime      # DAGs    # Errors  Last Runtime    Last Run
---------------------------------------  -----  ---------  --------  ----------  --------------  -------------------
/opt/airflow/dags/minio_to_snowflake.py                           1           0  1.29s           2026-06-04T03:01:14
================================================================================
[2026-06-04T03:02:02.957+0000] {manager.py:878} INFO - 
================================================================================
DAG File Processing Stats

File Path                                PID    Runtime      # DAGs    # Errors  Last Runtime    Last Run
---------------------------------------  -----  ---------  --------  ----------  --------------  -------------------
/opt/airflow/dags/minio_to_snowflake.py                           1           0  1.28s           2026-06-04T03:01:46
================================================================================
[2026-06-04T03:02:33.423+0000] {manager.py:878} INFO - 
================================================================================
DAG File Processing Stats

File Path                                PID    Runtime      # DAGs    # Errors  Last Runtime    Last Run
---------------------------------------  -----  ---------  --------  ----------  --------------  -------------------
/opt/airflow/dags/minio_to_snowflake.py                           1           0  1.29s           2026-06-04T03:02:17
================================================================================
[2026-06-04T03:03:03.626+0000] {manager.py:878} INFO - 
================================================================================
DAG File Processing Stats

File Path                                PID    Runtime      # DAGs    # Errors  Last Runtime    Last Run
---------------------------------------  -----  ---------  --------  ----------  --------------  -------------------
/opt/airflow/dags/minio_to_snowflake.py                           1           0  1.77s           2026-06-04T03:02:49
================================================================================
[2026-06-04T03:03:34.064+0000] {manager.py:878} INFO - 
================================================================================
DAG File Processing Stats

File Path                                PID    Runtime      # DAGs    # Errors  Last Runtime    Last Run
---------------------------------------  -----  ---------  --------  ----------  --------------  -------------------
/opt/airflow/dags/minio_to_snowflake.py                           1           0  1.29s           2026-06-04T03:03:21
================================================================================
[2026-06-04T03:04:04.253+0000] {manager.py:878} INFO - 
================================================================================
DAG File Processing Stats

File Path                                PID    Runtime      # DAGs    # Errors  Last Runtime    Last Run
---------------------------------------  -----  ---------  --------  ----------  --------------  -------------------
/opt/airflow/dags/minio_to_snowflake.py                           1           0  1.22s           2026-06-04T03:03:52
================================================================================
[2026-06-04T03:04:26.666+0000] {manager.py:737} INFO - Searching for files in /opt/airflow/dags
[2026-06-04T03:04:26.696+0000] {manager.py:740} INFO - There are 1 files in /opt/airflow/dags
[2026-06-04T03:04:34.782+0000] {manager.py:878} INFO - 
================================================================================
DAG File Processing Stats

File Path                                PID    Runtime      # DAGs    # Errors  Last Runtime    Last Run
---------------------------------------  -----  ---------  --------  ----------  --------------  -------------------
/opt/airflow/dags/minio_to_snowflake.py                           1           0  1.30s           2026-06-04T03:04:23
================================================================================
[2026-06-04T03:05:05.069+0000] {manager.py:878} INFO - 
================================================================================
DAG File Processing Stats

File Path                                PID    Runtime      # DAGs    # Errors  Last Runtime    Last Run
---------------------------------------  -----  ---------  --------  ----------  --------------  -------------------
/opt/airflow/dags/minio_to_snowflake.py                           1           0  1.13s           2026-06-04T03:04:55
================================================================================
[2026-06-04T03:05:35.261+0000] {manager.py:878} INFO - 
================================================================================
DAG File Processing Stats

File Path                                PID    Runtime      # DAGs    # Errors  Last Runtime    Last Run
---------------------------------------  -----  ---------  --------  ----------  --------------  -------------------
/opt/airflow/dags/minio_to_snowflake.py                           1           0  1.27s           2026-06-04T03:05:26
================================================================================
[2026-06-04T03:06:05.720+0000] {manager.py:878} INFO - 
================================================================================
DAG File Processing Stats

File Path                                PID    Runtime      # DAGs    # Errors  Last Runtime    Last Run
---------------------------------------  -----  ---------  --------  ----------  --------------  -------------------
/opt/airflow/dags/minio_to_snowflake.py                           1           0  1.11s           2026-06-04T03:05:57
================================================================================
[2026-06-04T03:06:35.747+0000] {manager.py:878} INFO - 
================================================================================
DAG File Processing Stats

File Path                                PID    Runtime      # DAGs    # Errors  Last Runtime    Last Run
---------------------------------------  -----  ---------  --------  ----------  --------------  -------------------
/opt/airflow/dags/minio_to_snowflake.py                           1           0  1.81s           2026-06-04T03:06:29
================================================================================
[2026-06-04T03:07:05.949+0000] {manager.py:878} INFO - 
================================================================================
DAG File Processing Stats

File Path                                PID    Runtime      # DAGs    # Errors  Last Runtime    Last Run
---------------------------------------  -----  ---------  --------  ----------  --------------  -------------------
/opt/airflow/dags/minio_to_snowflake.py                           1           0  1.25s           2026-06-04T03:07:01
================================================================================
[2026-06-04T03:07:36.469+0000] {manager.py:878} INFO - 
================================================================================
DAG File Processing Stats

File Path                                PID    Runtime      # DAGs    # Errors  Last Runtime    Last Run
---------------------------------------  -----  ---------  --------  ----------  --------------  -------------------
/opt/airflow/dags/minio_to_snowflake.py                           1           0  1.22s           2026-06-04T03:07:32
================================================================================
[2026-06-04T03:08:06.657+0000] {manager.py:878} INFO - 
================================================================================
DAG File Processing Stats

File Path                                PID    Runtime      # DAGs    # Errors  Last Runtime    Last Run
---------------------------------------  -----  ---------  --------  ----------  --------------  -------------------
/opt/airflow/dags/minio_to_snowflake.py                           1           0  1.09s           2026-06-04T03:08:03
================================================================================
[2026-06-04T03:08:37.075+0000] {manager.py:878} INFO - 
================================================================================
DAG File Processing Stats

File Path                                PID    Runtime      # DAGs    # Errors  Last Runtime    Last Run
---------------------------------------  -----  ---------  --------  ----------  --------------  -------------------
/opt/airflow/dags/minio_to_snowflake.py                           1           0  1.25s           2026-06-04T03:08:35
================================================================================
[2026-06-04T03:09:07.267+0000] {manager.py:878} INFO - 
================================================================================
DAG File Processing Stats

File Path                                PID    Runtime      # DAGs    # Errors  Last Runtime    Last Run
---------------------------------------  -----  ---------  --------  ----------  --------------  -------------------
/opt/airflow/dags/minio_to_snowflake.py                           1           0  1.16s           2026-06-04T03:09:06
================================================================================
[2026-06-04T03:09:27.369+0000] {manager.py:737} INFO - Searching for files in /opt/airflow/dags
[2026-06-04T03:09:27.396+0000] {manager.py:740} INFO - There are 1 files in /opt/airflow/dags
[2026-06-04T03:09:37.487+0000] {manager.py:878} INFO - 
================================================================================
DAG File Processing Stats

File Path                                  PID  Runtime      # DAGs    # Errors  Last Runtime    Last Run
---------------------------------------  -----  ---------  --------  ----------  --------------  -------------------
/opt/airflow/dags/minio_to_snowflake.py  59681  1.01s             1           0  1.16s           2026-06-04T03:09:06
================================================================================
[2026-06-04T03:10:07.675+0000] {manager.py:878} INFO - 
================================================================================
DAG File Processing Stats

File Path                                  PID  Runtime      # DAGs    # Errors  Last Runtime    Last Run
---------------------------------------  -----  ---------  --------  ----------  --------------  -------------------
/opt/airflow/dags/minio_to_snowflake.py  59792  0.00s             1           0  1.08s           2026-06-04T03:09:37
================================================================================
[2026-06-04T03:10:38.053+0000] {manager.py:878} INFO - 
================================================================================
DAG File Processing Stats

File Path                                PID    Runtime      # DAGs    # Errors  Last Runtime    Last Run
---------------------------------------  -----  ---------  --------  ----------  --------------  -------------------
/opt/airflow/dags/minio_to_snowflake.py                           1           0  1.51s           2026-06-04T03:10:09
================================================================================
[2026-06-04T03:11:08.646+0000] {manager.py:878} INFO - 
================================================================================
DAG File Processing Stats

File Path                                PID    Runtime      # DAGs    # Errors  Last Runtime    Last Run
---------------------------------------  -----  ---------  --------  ----------  --------------  -------------------
/opt/airflow/dags/minio_to_snowflake.py                           1           0  1.13s           2026-06-04T03:10:40
================================================================================
[2026-06-04T04:08:20.840+0000] {manager.py:737} INFO - Searching for files in /opt/airflow/dags
[2026-06-04T04:08:28.712+0000] {manager.py:740} INFO - There are 1 files in /opt/airflow/dags
[2026-06-04T04:08:29.674+0000] {manager.py:1203} ERROR - Processor for /opt/airflow/dags/minio_to_snowflake.py with PID 61063 started at 2026-06-04T03:11:10.799923+00:00 has timed out, killing it.
[2026-06-04T04:08:35.521+0000] {manager.py:878} INFO - 
================================================================================
DAG File Processing Stats

File Path                                PID    Runtime      # DAGs    # Errors  Last Runtime    Last Run
---------------------------------------  -----  ---------  --------  ----------  --------------  -------------------
/opt/airflow/dags/minio_to_snowflake.py                           0           1  3438.87s        2026-06-04T04:08:29
================================================================================
[2026-06-04T04:09:05.963+0000] {manager.py:878} INFO - 
================================================================================
DAG File Processing Stats

File Path                                  PID  Runtime      # DAGs    # Errors  Last Runtime    Last Run
---------------------------------------  -----  ---------  --------  ----------  --------------  -------------------
/opt/airflow/dags/minio_to_snowflake.py  61331  4.42s             0           1  3438.87s        2026-06-04T04:08:29
================================================================================
[2026-06-04T04:09:36.118+0000] {manager.py:878} INFO - 
================================================================================
DAG File Processing Stats

File Path                                PID    Runtime      # DAGs    # Errors  Last Runtime    Last Run
---------------------------------------  -----  ---------  --------  ----------  --------------  -------------------
/opt/airflow/dags/minio_to_snowflake.py                           1           0  9.04s           2026-06-04T04:09:10
================================================================================
[2026-06-04T04:10:06.382+0000] {manager.py:878} INFO - 
================================================================================
DAG File Processing Stats

File Path                                PID    Runtime      # DAGs    # Errors  Last Runtime    Last Run
---------------------------------------  -----  ---------  --------  ----------  --------------  -------------------
/opt/airflow/dags/minio_to_snowflake.py                           1           0  3.35s           2026-06-04T04:09:44
================================================================================
[2026-06-04T04:10:37.113+0000] {manager.py:878} INFO - 
================================================================================
DAG File Processing Stats

File Path                                PID    Runtime      # DAGs    # Errors  Last Runtime    Last Run
---------------------------------------  -----  ---------  --------  ----------  --------------  -------------------
/opt/airflow/dags/minio_to_snowflake.py                           1           0  2.48s           2026-06-04T04:10:16
================================================================================
[2026-06-04T04:11:07.495+0000] {manager.py:878} INFO - 
================================================================================
DAG File Processing Stats

File Path                                PID    Runtime      # DAGs    # Errors  Last Runtime    Last Run
---------------------------------------  -----  ---------  --------  ----------  --------------  -------------------
/opt/airflow/dags/minio_to_snowflake.py                           1           0  1.40s           2026-06-04T04:10:48
================================================================================
[2026-06-04T04:11:37.697+0000] {manager.py:878} INFO - 
================================================================================
DAG File Processing Stats

File Path                                PID    Runtime      # DAGs    # Errors  Last Runtime    Last Run
---------------------------------------  -----  ---------  --------  ----------  --------------  -------------------
/opt/airflow/dags/minio_to_snowflake.py                           1           0  1.72s           2026-06-04T04:11:20
================================================================================
[2026-06-04T04:12:08.225+0000] {manager.py:878} INFO - 
================================================================================
DAG File Processing Stats

File Path                                PID    Runtime      # DAGs    # Errors  Last Runtime    Last Run
---------------------------------------  -----  ---------  --------  ----------  --------------  -------------------
/opt/airflow/dags/minio_to_snowflake.py                           1           0  1.36s           2026-06-04T04:11:52
================================================================================
[2026-06-04T04:12:38.498+0000] {manager.py:878} INFO - 
================================================================================
DAG File Processing Stats

File Path                                PID    Runtime      # DAGs    # Errors  Last Runtime    Last Run
---------------------------------------  -----  ---------  --------  ----------  --------------  -------------------
/opt/airflow/dags/minio_to_snowflake.py                           1           0  1.51s           2026-06-04T04:12:23
================================================================================
[2026-06-04T04:13:09.160+0000] {manager.py:878} INFO - 
================================================================================
DAG File Processing Stats

File Path                                PID    Runtime      # DAGs    # Errors  Last Runtime    Last Run
---------------------------------------  -----  ---------  --------  ----------  --------------  -------------------
/opt/airflow/dags/minio_to_snowflake.py                           1           0  1.27s           2026-06-04T04:12:55
================================================================================
[2026-06-04T04:13:21.242+0000] {manager.py:737} INFO - Searching for files in /opt/airflow/dags
[2026-06-04T04:13:21.268+0000] {manager.py:740} INFO - There are 1 files in /opt/airflow/dags
[2026-06-04T04:13:39.646+0000] {manager.py:878} INFO - 
================================================================================
DAG File Processing Stats

File Path                                PID    Runtime      # DAGs    # Errors  Last Runtime    Last Run
---------------------------------------  -----  ---------  --------  ----------  --------------  -------------------
/opt/airflow/dags/minio_to_snowflake.py                           1           0  1.19s           2026-06-04T04:13:26
================================================================================
[2026-06-04T04:14:09.947+0000] {manager.py:878} INFO - 
================================================================================
DAG File Processing Stats

File Path                                PID    Runtime      # DAGs    # Errors  Last Runtime    Last Run
---------------------------------------  -----  ---------  --------  ----------  --------------  -------------------
/opt/airflow/dags/minio_to_snowflake.py                           1           0  1.25s           2026-06-04T04:13:57
================================================================================
[2026-06-04T04:14:40.356+0000] {manager.py:878} INFO - 
================================================================================
DAG File Processing Stats

File Path                                PID    Runtime      # DAGs    # Errors  Last Runtime    Last Run
---------------------------------------  -----  ---------  --------  ----------  --------------  -------------------
/opt/airflow/dags/minio_to_snowflake.py                           1           0  1.22s           2026-06-04T04:14:29
================================================================================
[2026-06-04T04:15:10.677+0000] {manager.py:878} INFO - 
================================================================================
DAG File Processing Stats

File Path                                PID    Runtime      # DAGs    # Errors  Last Runtime    Last Run
---------------------------------------  -----  ---------  --------  ----------  --------------  -------------------
/opt/airflow/dags/minio_to_snowflake.py                           1           0  2.10s           2026-06-04T04:15:01
================================================================================
[2026-06-04T04:15:40.992+0000] {manager.py:878} INFO - 
================================================================================
DAG File Processing Stats

File Path                                PID    Runtime      # DAGs    # Errors  Last Runtime    Last Run
---------------------------------------  -----  ---------  --------  ----------  --------------  -------------------
/opt/airflow/dags/minio_to_snowflake.py                           1           0  1.36s           2026-06-04T04:15:33
================================================================================
[2026-06-04T04:16:11.601+0000] {manager.py:878} INFO - 
================================================================================
DAG File Processing Stats

File Path                                PID    Runtime      # DAGs    # Errors  Last Runtime    Last Run
---------------------------------------  -----  ---------  --------  ----------  --------------  -------------------
/opt/airflow/dags/minio_to_snowflake.py                           1           0  1.36s           2026-06-04T04:16:04
================================================================================
[2026-06-04T04:16:42.199+0000] {manager.py:878} INFO - 
================================================================================
DAG File Processing Stats

File Path                                PID    Runtime      # DAGs    # Errors  Last Runtime    Last Run
---------------------------------------  -----  ---------  --------  ----------  --------------  -------------------
/opt/airflow/dags/minio_to_snowflake.py                           1           0  2.28s           2026-06-04T04:16:37
================================================================================
[2026-06-04T04:17:12.716+0000] {manager.py:878} INFO - 
================================================================================
DAG File Processing Stats

File Path                                PID    Runtime      # DAGs    # Errors  Last Runtime    Last Run
---------------------------------------  -----  ---------  --------  ----------  --------------  -------------------
/opt/airflow/dags/minio_to_snowflake.py                           1           0  1.19s           2026-06-04T04:17:08
================================================================================
[2026-06-04T04:17:42.760+0000] {manager.py:878} INFO - 
================================================================================
DAG File Processing Stats

File Path                                PID    Runtime      # DAGs    # Errors  Last Runtime    Last Run
---------------------------------------  -----  ---------  --------  ----------  --------------  -------------------
/opt/airflow/dags/minio_to_snowflake.py                           1           0  1.78s           2026-06-04T04:17:40
================================================================================
[2026-06-04T04:18:12.969+0000] {manager.py:878} INFO - 
================================================================================
DAG File Processing Stats

File Path                                PID    Runtime      # DAGs    # Errors  Last Runtime    Last Run
---------------------------------------  -----  ---------  --------  ----------  --------------  -------------------
/opt/airflow/dags/minio_to_snowflake.py                           1           0  1.41s           2026-06-04T04:18:12
================================================================================
[2026-06-04T04:18:21.439+0000] {manager.py:737} INFO - Searching for files in /opt/airflow/dags
[2026-06-04T04:18:21.466+0000] {manager.py:740} INFO - There are 1 files in /opt/airflow/dags
[2026-06-04T04:18:43.296+0000] {manager.py:878} INFO - 
================================================================================
DAG File Processing Stats

File Path                                  PID  Runtime      # DAGs    # Errors  Last Runtime    Last Run
---------------------------------------  -----  ---------  --------  ----------  --------------  -------------------
/opt/airflow/dags/minio_to_snowflake.py  64281  0.61s             1           0  1.41s           2026-06-04T04:18:12
================================================================================
[2026-06-04T04:19:14.004+0000] {manager.py:878} INFO - 
================================================================================
DAG File Processing Stats

File Path                                PID    Runtime      # DAGs    # Errors  Last Runtime    Last Run
---------------------------------------  -----  ---------  --------  ----------  --------------  -------------------
/opt/airflow/dags/minio_to_snowflake.py                           1           0  1.38s           2026-06-04T04:18:44
================================================================================
[2026-06-04T04:19:44.571+0000] {manager.py:878} INFO - 
================================================================================
DAG File Processing Stats

File Path                                PID    Runtime      # DAGs    # Errors  Last Runtime    Last Run
---------------------------------------  -----  ---------  --------  ----------  --------------  -------------------
/opt/airflow/dags/minio_to_snowflake.py                           1           0  2.24s           2026-06-04T04:19:16
================================================================================
[2026-06-04T04:20:14.930+0000] {manager.py:878} INFO - 
================================================================================
DAG File Processing Stats

File Path                                PID    Runtime      # DAGs    # Errors  Last Runtime    Last Run
---------------------------------------  -----  ---------  --------  ----------  --------------  -------------------
/opt/airflow/dags/minio_to_snowflake.py                           1           0  1.58s           2026-06-04T04:19:48
================================================================================
[2026-06-04T04:20:45.151+0000] {manager.py:878} INFO - 
================================================================================
DAG File Processing Stats

File Path                                PID    Runtime      # DAGs    # Errors  Last Runtime    Last Run
---------------------------------------  -----  ---------  --------  ----------  --------------  -------------------
/opt/airflow/dags/minio_to_snowflake.py                           1           0  1.83s           2026-06-04T04:20:20
================================================================================
[2026-06-04T04:21:15.187+0000] {manager.py:878} INFO - 
================================================================================
DAG File Processing Stats

File Path                                PID    Runtime      # DAGs    # Errors  Last Runtime    Last Run
---------------------------------------  -----  ---------  --------  ----------  --------------  -------------------
/opt/airflow/dags/minio_to_snowflake.py                           1           0  1.35s           2026-06-04T04:20:52
================================================================================
[2026-06-04T04:21:45.489+0000] {manager.py:878} INFO - 
================================================================================
DAG File Processing Stats

File Path                                PID    Runtime      # DAGs    # Errors  Last Runtime    Last Run
---------------------------------------  -----  ---------  --------  ----------  --------------  -------------------
/opt/airflow/dags/minio_to_snowflake.py                           1           0  1.27s           2026-06-04T04:21:23
================================================================================
[2026-06-04T04:22:15.909+0000] {manager.py:878} INFO - 
================================================================================
DAG File Processing Stats

File Path                                PID    Runtime      # DAGs    # Errors  Last Runtime    Last Run
---------------------------------------  -----  ---------  --------  ----------  --------------  -------------------
/opt/airflow/dags/minio_to_snowflake.py                           1           0  1.23s           2026-06-04T04:21:54
================================================================================
[2026-06-04T04:22:46.221+0000] {manager.py:878} INFO - 
================================================================================
DAG File Processing Stats

File Path                                PID    Runtime      # DAGs    # Errors  Last Runtime    Last Run
---------------------------------------  -----  ---------  --------  ----------  --------------  -------------------
/opt/airflow/dags/minio_to_snowflake.py                           1           0  1.49s           2026-06-04T04:22:26
================================================================================
[2026-06-04T04:23:16.868+0000] {manager.py:878} INFO - 
================================================================================
DAG File Processing Stats

File Path                                PID    Runtime      # DAGs    # Errors  Last Runtime    Last Run
---------------------------------------  -----  ---------  --------  ----------  --------------  -------------------
/opt/airflow/dags/minio_to_snowflake.py                           1           0  1.26s           2026-06-04T04:22:57
================================================================================
[2026-06-04T04:23:21.897+0000] {manager.py:737} INFO - Searching for files in /opt/airflow/dags
[2026-06-04T04:23:21.926+0000] {manager.py:740} INFO - There are 1 files in /opt/airflow/dags
[2026-06-04T04:23:47.399+0000] {manager.py:878} INFO - 
================================================================================
DAG File Processing Stats

File Path                                PID    Runtime      # DAGs    # Errors  Last Runtime    Last Run
---------------------------------------  -----  ---------  --------  ----------  --------------  -------------------
/opt/airflow/dags/minio_to_snowflake.py                           1           0  1.42s           2026-06-04T04:23:29
================================================================================
[2026-06-04T04:24:17.755+0000] {manager.py:878} INFO - 
================================================================================
DAG File Processing Stats

File Path                                PID    Runtime      # DAGs    # Errors  Last Runtime    Last Run
---------------------------------------  -----  ---------  --------  ----------  --------------  -------------------
/opt/airflow/dags/minio_to_snowflake.py                           1           0  1.48s           2026-06-04T04:24:00
================================================================================
[2026-06-04T04:24:48.313+0000] {manager.py:878} INFO - 
================================================================================
DAG File Processing Stats

File Path                                PID    Runtime      # DAGs    # Errors  Last Runtime    Last Run
---------------------------------------  -----  ---------  --------  ----------  --------------  -------------------
/opt/airflow/dags/minio_to_snowflake.py                           1           0  1.21s           2026-06-04T04:24:32
================================================================================
[2026-06-04T04:25:18.482+0000] {manager.py:878} INFO - 
================================================================================
DAG File Processing Stats

File Path                                PID    Runtime      # DAGs    # Errors  Last Runtime    Last Run
---------------------------------------  -----  ---------  --------  ----------  --------------  -------------------
/opt/airflow/dags/minio_to_snowflake.py                           1           0  1.76s           2026-06-04T04:25:04
================================================================================
[2026-06-04T04:25:49.034+0000] {manager.py:878} INFO - 
================================================================================
DAG File Processing Stats

File Path                                PID    Runtime      # DAGs    # Errors  Last Runtime    Last Run
---------------------------------------  -----  ---------  --------  ----------  --------------  -------------------
/opt/airflow/dags/minio_to_snowflake.py                           1           0  1.53s           2026-06-04T04:25:36
================================================================================
[2026-06-04T04:26:19.424+0000] {manager.py:878} INFO - 
================================================================================
DAG File Processing Stats

File Path                                PID    Runtime      # DAGs    # Errors  Last Runtime    Last Run
---------------------------------------  -----  ---------  --------  ----------  --------------  -------------------
/opt/airflow/dags/minio_to_snowflake.py                           1           0  1.69s           2026-06-04T04:26:07
================================================================================
[2026-06-04T04:26:49.599+0000] {manager.py:878} INFO - 
================================================================================
DAG File Processing Stats

File Path                                PID    Runtime      # DAGs    # Errors  Last Runtime    Last Run
---------------------------------------  -----  ---------  --------  ----------  --------------  -------------------
/opt/airflow/dags/minio_to_snowflake.py                           1           0  1.40s           2026-06-04T04:26:39
================================================================================
[2026-06-04T04:27:19.852+0000] {manager.py:878} INFO - 
================================================================================
DAG File Processing Stats

File Path                                PID    Runtime      # DAGs    # Errors  Last Runtime    Last Run
---------------------------------------  -----  ---------  --------  ----------  --------------  -------------------
/opt/airflow/dags/minio_to_snowflake.py                           1           0  1.20s           2026-06-04T04:27:10
================================================================================
[2026-06-04T04:27:50.192+0000] {manager.py:878} INFO - 
================================================================================
DAG File Processing Stats

File Path                                PID    Runtime      # DAGs    # Errors  Last Runtime    Last Run
---------------------------------------  -----  ---------  --------  ----------  --------------  -------------------
/opt/airflow/dags/minio_to_snowflake.py                           1           0  1.22s           2026-06-04T04:27:42
================================================================================
[2026-06-04T04:28:20.435+0000] {manager.py:878} INFO - 
================================================================================
DAG File Processing Stats

File Path                                PID    Runtime      # DAGs    # Errors  Last Runtime    Last Run
---------------------------------------  -----  ---------  --------  ----------  --------------  -------------------
/opt/airflow/dags/minio_to_snowflake.py                           1           0  1.88s           2026-06-04T04:28:14
================================================================================
[2026-06-04T04:28:22.447+0000] {manager.py:737} INFO - Searching for files in /opt/airflow/dags
[2026-06-04T04:28:22.478+0000] {manager.py:740} INFO - There are 1 files in /opt/airflow/dags
[2026-06-04T04:28:50.554+0000] {manager.py:878} INFO - 
================================================================================
DAG File Processing Stats

File Path                                PID    Runtime      # DAGs    # Errors  Last Runtime    Last Run
---------------------------------------  -----  ---------  --------  ----------  --------------  -------------------
/opt/airflow/dags/minio_to_snowflake.py                           1           0  1.73s           2026-06-04T04:28:46
================================================================================
[2026-06-04T04:29:20.606+0000] {manager.py:878} INFO - 
================================================================================
DAG File Processing Stats

File Path                                PID    Runtime      # DAGs    # Errors  Last Runtime    Last Run
---------------------------------------  -----  ---------  --------  ----------  --------------  -------------------
/opt/airflow/dags/minio_to_snowflake.py                           1           0  1.85s           2026-06-04T04:29:18
================================================================================
[2026-06-04T04:29:50.846+0000] {manager.py:878} INFO - 
================================================================================
DAG File Processing Stats

File Path                                PID    Runtime      # DAGs    # Errors  Last Runtime    Last Run
---------------------------------------  -----  ---------  --------  ----------  --------------  -------------------
/opt/airflow/dags/minio_to_snowflake.py                           1           0  1.55s           2026-06-04T04:29:50
================================================================================
[2026-06-04T04:30:21.089+0000] {manager.py:878} INFO - 
================================================================================
DAG File Processing Stats

File Path                                  PID  Runtime      # DAGs    # Errors  Last Runtime    Last Run
---------------------------------------  -----  ---------  --------  ----------  --------------  -------------------
/opt/airflow/dags/minio_to_snowflake.py  69829  0.49s             1           0  1.55s           2026-06-04T04:29:50
================================================================================
[2026-06-04T04:30:51.827+0000] {manager.py:878} INFO - 
================================================================================
DAG File Processing Stats

File Path                                  PID  Runtime      # DAGs    # Errors  Last Runtime    Last Run
---------------------------------------  -----  ---------  --------  ----------  --------------  -------------------
/opt/airflow/dags/minio_to_snowflake.py  69936  0.01s             1           0  1.20s           2026-06-04T04:30:21
================================================================================
[2026-06-04T04:31:22.727+0000] {manager.py:878} INFO - 
================================================================================
DAG File Processing Stats

File Path                                PID    Runtime      # DAGs    # Errors  Last Runtime    Last Run
---------------------------------------  -----  ---------  --------  ----------  --------------  -------------------
/opt/airflow/dags/minio_to_snowflake.py                           1           0  1.41s           2026-06-04T04:30:53
================================================================================
[2026-06-04T04:31:53.085+0000] {manager.py:878} INFO - 
================================================================================
DAG File Processing Stats

File Path                                PID    Runtime      # DAGs    # Errors  Last Runtime    Last Run
---------------------------------------  -----  ---------  --------  ----------  --------------  -------------------
/opt/airflow/dags/minio_to_snowflake.py                           1           0  1.40s           2026-06-04T04:31:25
================================================================================
[2026-06-04T04:32:23.223+0000] {manager.py:878} INFO - 
================================================================================
DAG File Processing Stats

File Path                                PID    Runtime      # DAGs    # Errors  Last Runtime    Last Run
---------------------------------------  -----  ---------  --------  ----------  --------------  -------------------
/opt/airflow/dags/minio_to_snowflake.py                           1           0  1.51s           2026-06-04T04:31:56
================================================================================
[2026-06-04T04:32:53.883+0000] {manager.py:878} INFO - 
================================================================================
DAG File Processing Stats

File Path                                PID    Runtime      # DAGs    # Errors  Last Runtime    Last Run
---------------------------------------  -----  ---------  --------  ----------  --------------  -------------------
/opt/airflow/dags/minio_to_snowflake.py                           1           0  1.72s           2026-06-04T04:32:29
================================================================================
[2026-06-04T04:33:22.548+0000] {manager.py:737} INFO - Searching for files in /opt/airflow/dags
[2026-06-04T04:33:22.589+0000] {manager.py:740} INFO - There are 1 files in /opt/airflow/dags
[2026-06-04T04:33:24.430+0000] {manager.py:878} INFO - 
================================================================================
DAG File Processing Stats

File Path                                PID    Runtime      # DAGs    # Errors  Last Runtime    Last Run
---------------------------------------  -----  ---------  --------  ----------  --------------  -------------------
/opt/airflow/dags/minio_to_snowflake.py                           1           0  1.20s           2026-06-04T04:33:00
================================================================================
[2026-06-04T04:33:54.840+0000] {manager.py:878} INFO - 
================================================================================
DAG File Processing Stats

File Path                                PID    Runtime      # DAGs    # Errors  Last Runtime    Last Run
---------------------------------------  -----  ---------  --------  ----------  --------------  -------------------
/opt/airflow/dags/minio_to_snowflake.py                           1           0  1.23s           2026-06-04T04:33:31
================================================================================
[2026-06-04T04:34:24.941+0000] {manager.py:878} INFO - 
================================================================================
DAG File Processing Stats

File Path                                PID    Runtime      # DAGs    # Errors  Last Runtime    Last Run
---------------------------------------  -----  ---------  --------  ----------  --------------  -------------------
/opt/airflow/dags/minio_to_snowflake.py                           1           0  1.59s           2026-06-04T04:34:03
================================================================================
[2026-06-04T04:34:55.177+0000] {manager.py:878} INFO - 
================================================================================
DAG File Processing Stats

File Path                                PID    Runtime      # DAGs    # Errors  Last Runtime    Last Run
---------------------------------------  -----  ---------  --------  ----------  --------------  -------------------
/opt/airflow/dags/minio_to_snowflake.py                           1           0  1.17s           2026-06-04T04:34:35
================================================================================
[2026-06-04T04:35:25.728+0000] {manager.py:878} INFO - 
================================================================================
DAG File Processing Stats

File Path                                PID    Runtime      # DAGs    # Errors  Last Runtime    Last Run
---------------------------------------  -----  ---------  --------  ----------  --------------  -------------------
/opt/airflow/dags/minio_to_snowflake.py                           1           0  1.67s           2026-06-04T04:35:06
================================================================================
[2026-06-04T04:35:56.208+0000] {manager.py:878} INFO - 
================================================================================
DAG File Processing Stats

File Path                                PID    Runtime      # DAGs    # Errors  Last Runtime    Last Run
---------------------------------------  -----  ---------  --------  ----------  --------------  -------------------
/opt/airflow/dags/minio_to_snowflake.py                           1           0  1.24s           2026-06-04T04:35:38
================================================================================
[2026-06-04T04:36:26.705+0000] {manager.py:878} INFO - 
================================================================================
DAG File Processing Stats

File Path                                PID    Runtime      # DAGs    # Errors  Last Runtime    Last Run
---------------------------------------  -----  ---------  --------  ----------  --------------  -------------------
/opt/airflow/dags/minio_to_snowflake.py                           1           0  1.47s           2026-06-04T04:36:10
================================================================================
[2026-06-04T04:36:56.739+0000] {manager.py:878} INFO - 
================================================================================
DAG File Processing Stats

File Path                                PID    Runtime      # DAGs    # Errors  Last Runtime    Last Run
---------------------------------------  -----  ---------  --------  ----------  --------------  -------------------
/opt/airflow/dags/minio_to_snowflake.py                           1           0  1.38s           2026-06-04T04:36:41
================================================================================
[2026-06-04T04:37:26.954+0000] {manager.py:878} INFO - 
================================================================================
DAG File Processing Stats

File Path                                PID    Runtime      # DAGs    # Errors  Last Runtime    Last Run
---------------------------------------  -----  ---------  --------  ----------  --------------  -------------------
/opt/airflow/dags/minio_to_snowflake.py                           1           0  1.55s           2026-06-04T04:37:13
================================================================================
[2026-06-04T04:37:57.067+0000] {manager.py:878} INFO - 
================================================================================
DAG File Processing Stats

File Path                                PID    Runtime      # DAGs    # Errors  Last Runtime    Last Run
---------------------------------------  -----  ---------  --------  ----------  --------------  -------------------
/opt/airflow/dags/minio_to_snowflake.py                           1           0  1.37s           2026-06-04T04:37:44
================================================================================
[2026-06-04T04:38:23.166+0000] {manager.py:737} INFO - Searching for files in /opt/airflow/dags
[2026-06-04T04:38:23.194+0000] {manager.py:740} INFO - There are 1 files in /opt/airflow/dags
[2026-06-04T04:38:27.237+0000] {manager.py:878} INFO - 
================================================================================
DAG File Processing Stats

File Path                                PID    Runtime      # DAGs    # Errors  Last Runtime    Last Run
---------------------------------------  -----  ---------  --------  ----------  --------------  -------------------
/opt/airflow/dags/minio_to_snowflake.py                           1           0  2.10s           2026-06-04T04:38:17
================================================================================
[2026-06-04T04:38:57.609+0000] {manager.py:878} INFO - 
================================================================================
DAG File Processing Stats

File Path                                PID    Runtime      # DAGs    # Errors  Last Runtime    Last Run
---------------------------------------  -----  ---------  --------  ----------  --------------  -------------------
/opt/airflow/dags/minio_to_snowflake.py                           1           0  1.30s           2026-06-04T04:38:48
================================================================================
[2026-06-04T04:39:28.063+0000] {manager.py:878} INFO - 
================================================================================
DAG File Processing Stats

File Path                                PID    Runtime      # DAGs    # Errors  Last Runtime    Last Run
---------------------------------------  -----  ---------  --------  ----------  --------------  -------------------
/opt/airflow/dags/minio_to_snowflake.py                           1           0  1.26s           2026-06-04T04:39:20
================================================================================
[2026-06-04T04:39:58.518+0000] {manager.py:878} INFO - 
================================================================================
DAG File Processing Stats

File Path                                PID    Runtime      # DAGs    # Errors  Last Runtime    Last Run
---------------------------------------  -----  ---------  --------  ----------  --------------  -------------------
/opt/airflow/dags/minio_to_snowflake.py                           1           0  1.16s           2026-06-04T04:39:51
================================================================================
[2026-06-04T04:40:28.922+0000] {manager.py:878} INFO - 
================================================================================
DAG File Processing Stats

File Path                                PID    Runtime      # DAGs    # Errors  Last Runtime    Last Run
---------------------------------------  -----  ---------  --------  ----------  --------------  -------------------
/opt/airflow/dags/minio_to_snowflake.py                           1           0  1.51s           2026-06-04T04:40:23
================================================================================
[2026-06-04T04:40:59.535+0000] {manager.py:878} INFO - 
================================================================================
DAG File Processing Stats

File Path                                PID    Runtime      # DAGs    # Errors  Last Runtime    Last Run
---------------------------------------  -----  ---------  --------  ----------  --------------  -------------------
/opt/airflow/dags/minio_to_snowflake.py                           1           0  1.28s           2026-06-04T04:40:54
================================================================================
[2026-06-04T04:41:29.973+0000] {manager.py:878} INFO - 
================================================================================
DAG File Processing Stats

File Path                                PID    Runtime      # DAGs    # Errors  Last Runtime    Last Run
---------------------------------------  -----  ---------  --------  ----------  --------------  -------------------
/opt/airflow/dags/minio_to_snowflake.py                           1           0  1.25s           2026-06-04T04:41:26
================================================================================
[2026-06-04T04:42:00.459+0000] {manager.py:878} INFO - 
================================================================================
DAG File Processing Stats

File Path                                PID    Runtime      # DAGs    # Errors  Last Runtime    Last Run
---------------------------------------  -----  ---------  --------  ----------  --------------  -------------------
/opt/airflow/dags/minio_to_snowflake.py                           1           0  1.40s           2026-06-04T04:41:57
================================================================================
[2026-06-04T04:42:30.475+0000] {manager.py:878} INFO - 
================================================================================
DAG File Processing Stats

File Path                                  PID  Runtime      # DAGs    # Errors  Last Runtime    Last Run
---------------------------------------  -----  ---------  --------  ----------  --------------  -------------------
/opt/airflow/dags/minio_to_snowflake.py  75099  1.06s             1           0  1.40s           2026-06-04T04:41:57
================================================================================
[2026-06-04T04:43:00.941+0000] {manager.py:878} INFO - 
================================================================================
DAG File Processing Stats

File Path                                PID    Runtime      # DAGs    # Errors  Last Runtime    Last Run
---------------------------------------  -----  ---------  --------  ----------  --------------  -------------------
/opt/airflow/dags/minio_to_snowflake.py                           1           0  8.55s           2026-06-04T04:42:37
================================================================================
[2026-06-04T04:43:23.388+0000] {manager.py:737} INFO - Searching for files in /opt/airflow/dags
[2026-06-04T04:43:23.416+0000] {manager.py:740} INFO - There are 1 files in /opt/airflow/dags
[2026-06-04T04:43:31.500+0000] {manager.py:878} INFO - 
================================================================================
DAG File Processing Stats

File Path                                PID    Runtime      # DAGs    # Errors  Last Runtime    Last Run
---------------------------------------  -----  ---------  --------  ----------  --------------  -------------------
/opt/airflow/dags/minio_to_snowflake.py                           1           0  1.27s           2026-06-04T04:43:09
================================================================================
[2026-06-04T04:44:01.746+0000] {manager.py:878} INFO - 
================================================================================
DAG File Processing Stats

File Path                                PID    Runtime      # DAGs    # Errors  Last Runtime    Last Run
---------------------------------------  -----  ---------  --------  ----------  --------------  -------------------
/opt/airflow/dags/minio_to_snowflake.py                           1           0  1.17s           2026-06-04T04:43:40
================================================================================
[2026-06-04T04:44:32.217+0000] {manager.py:878} INFO - 
================================================================================
DAG File Processing Stats

File Path                                PID    Runtime      # DAGs    # Errors  Last Runtime    Last Run
---------------------------------------  -----  ---------  --------  ----------  --------------  -------------------
/opt/airflow/dags/minio_to_snowflake.py                           1           0  1.40s           2026-06-04T04:44:12
================================================================================
[2026-06-04T04:45:02.812+0000] {manager.py:878} INFO - 
================================================================================
DAG File Processing Stats

File Path                                PID    Runtime      # DAGs    # Errors  Last Runtime    Last Run
---------------------------------------  -----  ---------  --------  ----------  --------------  -------------------
/opt/airflow/dags/minio_to_snowflake.py                           1           0  1.59s           2026-06-04T04:44:43
================================================================================
[2026-06-04T04:45:32.952+0000] {manager.py:878} INFO - 
================================================================================
DAG File Processing Stats

File Path                                PID    Runtime      # DAGs    # Errors  Last Runtime    Last Run
---------------------------------------  -----  ---------  --------  ----------  --------------  -------------------
/opt/airflow/dags/minio_to_snowflake.py                           1           0  1.54s           2026-06-04T04:45:15
================================================================================
[2026-06-04T04:46:03.083+0000] {manager.py:878} INFO - 
================================================================================
DAG File Processing Stats

File Path                                PID    Runtime      # DAGs    # Errors  Last Runtime    Last Run
---------------------------------------  -----  ---------  --------  ----------  --------------  -------------------
/opt/airflow/dags/minio_to_snowflake.py                           1           0  1.38s           2026-06-04T04:45:46
================================================================================
[2026-06-04T04:46:33.268+0000] {manager.py:878} INFO - 
================================================================================
DAG File Processing Stats

File Path                                PID    Runtime      # DAGs    # Errors  Last Runtime    Last Run
---------------------------------------  -----  ---------  --------  ----------  --------------  -------------------
/opt/airflow/dags/minio_to_snowflake.py                           1           0  1.54s           2026-06-04T04:46:18
================================================================================
[2026-06-04T04:47:03.480+0000] {manager.py:878} INFO - 
================================================================================
DAG File Processing Stats

File Path                                PID    Runtime      # DAGs    # Errors  Last Runtime    Last Run
---------------------------------------  -----  ---------  --------  ----------  --------------  -------------------
/opt/airflow/dags/minio_to_snowflake.py                           1           0  1.44s           2026-06-04T04:46:50
================================================================================
[2026-06-04T04:47:33.517+0000] {manager.py:878} INFO - 
================================================================================
DAG File Processing Stats

File Path                                PID    Runtime      # DAGs    # Errors  Last Runtime    Last Run
---------------------------------------  -----  ---------  --------  ----------  --------------  -------------------
/opt/airflow/dags/minio_to_snowflake.py                           1           0  1.24s           2026-06-04T04:47:21
================================================================================
[2026-06-04T04:48:03.890+0000] {manager.py:878} INFO - 
================================================================================
DAG File Processing Stats

File Path                                PID    Runtime      # DAGs    # Errors  Last Runtime    Last Run
---------------------------------------  -----  ---------  --------  ----------  --------------  -------------------
/opt/airflow/dags/minio_to_snowflake.py                           1           0  1.32s           2026-06-04T04:47:53
================================================================================
[2026-06-04T04:48:24.058+0000] {manager.py:737} INFO - Searching for files in /opt/airflow/dags
[2026-06-04T04:48:24.085+0000] {manager.py:740} INFO - There are 1 files in /opt/airflow/dags
